title,n_human_reviews,baseline_jacc_mean,baseline_jacc_max,trained_jacc_mean,trained_jacc_max,baseline_sbert_mean,baseline_sbert_max,trained_sbert_mean,trained_sbert_max
$ell_1$ Adversarial Robustness Certificates: a Randomized Smoothing Approach | OpenReview,3,0.12564034186683523,0.14285714285714285,0.1749036255562272,0.18274111675126903,0.5089991887410482,0.6538286209106445,0.5611900488535563,0.646867573261261
``*Best-of-Many-Samples* Distribution Matching | OpenReview,3,0.09391319083279297,0.1016949152542373,0.10494367000450093,0.1099476439790576,0.587747057278951,0.59630286693573,0.509669711192449,0.5453470945358276
A Base Model Selection Methodology for Efficient Fine-Tuning | OpenReview,3,0.12220125735423143,0.13138686131386862,0.16968818184328996,0.174496644295302,0.6852956016858419,0.8296340703964233,0.6411137382189432,0.6750149726867676
A Baseline for Few-Shot Image Classification | OpenReview,3,0.1739021611600516,0.19672131147540983,0.18925694713296337,0.19791666666666666,0.7203671137491862,0.7464311122894287,0.7006824215253195,0.8114787340164185
A Bayes-Optimal View on Adversarial Examples | OpenReview,3,0.1473067780814459,0.1717557251908397,0.14955900523035193,0.17843866171003717,0.7322070399920145,0.7747167944908142,0.666891892751058,0.7005041241645813
A bi-diffusion based layer-wise sampling method for deep learning in large graphs | OpenReview,3,0.12603949087064167,0.12992125984251968,0.14627394394335716,0.16355140186915887,0.6220835645993551,0.6666820645332336,0.5466785828272501,0.5736889839172363
A Bilingual Generative Transformer for Semantic Sentence Embedding | OpenReview,3,0.11101127509031018,0.12840466926070038,0.1589987165434736,0.17647058823529413,0.673382302125295,0.77789705991745,0.6828974286715189,0.7738473415374756
A Boolean Task Algebra for Reinforcement Learning | OpenReview,3,0.14256705892640878,0.156794425087108,0.17008120505233323,0.19081272084805653,0.6109693646430969,0.6723648309707642,0.5898899833361307,0.5999207496643066
A Causal View on Robustness of Neural Networks | OpenReview,3,0.10905581246788594,0.12169312169312169,0.1165374677002584,0.12222222222222222,0.5820538997650146,0.6221404075622559,0.3659558991591136,0.40237945318222046
A Closer Look at Deep Policy Gradients | OpenReview,3,0.12436771900186534,0.15584415584415584,0.1133453762416214,0.12135922330097088,0.57497638463974,0.642330527305603,0.548881471157074,0.5898975133895874
A closer look at network resolution for efficient network design | OpenReview,3,0.11710500819714405,0.127208480565371,0.1693362439098691,0.1907514450867052,0.5116743544737498,0.5807884335517883,0.6207474668820699,0.6346514821052551
A closer look at the approximation capabilities of neural networks | OpenReview,4,0.12987972960573396,0.13901345291479822,0.12680291914437716,0.12941176470588237,0.7527170926332474,0.8351081609725952,0.560598686337471,0.6106449365615845
A Closer Look at the Optimization Landscapes of Generative Adversarial Networks | OpenReview,3,0.12471185014281233,0.12631578947368421,0.12298220749123023,0.12749003984063745,0.6828802824020386,0.7528657913208008,0.7026273210843405,0.7549095153808594
A Constructive Prediction of the Generalization Error Across Scales | OpenReview,3,0.11476414438805331,0.13253012048192772,0.15921071659199312,0.20422535211267606,0.5935676097869873,0.6226967573165894,0.610666294892629,0.6561247110366821
A Coordinate-Free Construction of Scalable Natural Gradient | OpenReview,3,0.13827204187157552,0.17123287671232876,0.1342030974325139,0.15827338129496402,0.6203443805376688,0.7286341190338135,0.5400467415650686,0.5890451073646545
A Copula approach for hyperparameter transfer learning | OpenReview,3,0.127480003298425,0.15,0.1554312545942918,0.17307692307692307,0.5669149955113729,0.7936804294586182,0.510397215684255,0.6938346028327942
"A critical analysis of self-supervision, or what we can learn from a single image | OpenReview",3,0.1307524439018156,0.14076246334310852,0.1220337509065655,0.13712374581939799,0.7107293009757996,0.7260273694992065,0.7067144711812338,0.75091153383255
A Data-Efficient Mutual Information Neural Estimator for Statistical Dependency Testing | OpenReview,3,0.13546185794776508,0.14919354838709678,0.1276331671565038,0.15789473684210525,0.4526030321915944,0.5372918844223022,0.5543593168258667,0.64962238073349
A Deep Recurrent Neural Network via Unfolding Reweighted l1-l1 Minimization | OpenReview,3,0.17864770256622334,0.20853080568720378,0.152797988450422,0.17258883248730963,0.6436596314112345,0.6470460891723633,0.5908039609591166,0.6064735054969788
A Dynamic Approach to Accelerate Deep Learning Training | OpenReview,3,0.15236747590470998,0.17553191489361702,0.1534952317032148,0.16556291390728478,0.6428342660268148,0.7081924676895142,0.5269958972930908,0.5454261302947998
A Fair Comparison of Graph Neural Networks for Graph Classification | OpenReview,3,0.10807604375964303,0.1360759493670886,0.1560878934232061,0.19242902208201892,0.35776271919409436,0.4378962814807892,0.5592413942019144,0.7235186100006104
A Fine-Grained Spectral Perspective on Neural Networks | OpenReview,3,0.1286783384846544,0.1339031339031339,0.1338641469538787,0.15579710144927536,0.6504306793212891,0.6846597790718079,0.576727290948232,0.6205837726593018
A Finite-Time Analysis of Q-Learning with Neural Network Function Approximation | OpenReview,3,0.12448459597334931,0.135,0.17055444746370516,0.19902912621359223,0.6476295391718546,0.7007830142974854,0.5216423869132996,0.5460851788520813
A FRAMEWORK FOR ROBUSTNESS CERTIFICATION OF SMOOTHED CLASSIFIERS USING F-DIVERGENCES | OpenReview,3,0.13135341175328064,0.15432098765432098,0.11862685836823395,0.12280701754385964,0.5887750486532847,0.6920217275619507,0.5478291114171346,0.72205650806427
A Function Space View of Bounded Norm Infinite Width ReLU Nets: The Multivariate Case | OpenReview,3,0.13913571154950466,0.15135135135135136,0.17864935953112704,0.20279720279720279,0.5693637927373251,0.5928888320922852,0.6629812916119894,0.6838366985321045
A Functional Characterization of Randomly Initialized Gradient Descent in Deep ReLU Networks | OpenReview,3,0.12110255313079447,0.13937282229965156,0.15712046229048476,0.16091954022988506,0.6647120714187622,0.7782759666442871,0.5981953144073486,0.6535978317260742
A General Upper Bound for Unsupervised Domain Adaptation | OpenReview,3,0.13520036795898863,0.15987460815047022,0.17908208904707815,0.1951219512195122,0.6893097360928854,0.7555010914802551,0.6884185075759888,0.7239500880241394
A Generalized Framework of Sequence Generation with Application to Undirected Sequence Models | OpenReview,3,0.13505063194963485,0.14506172839506173,0.1557800118424584,0.17549668874172186,0.6381769975026449,0.7054194211959839,0.44175920883814496,0.5147024393081665
A Generalized Training Approach for Multiagent Learning | OpenReview,3,0.1074932074932075,0.12162162162162163,0.12705134839859697,0.1318181818181818,0.5747498770554861,0.7041864991188049,0.6396544973055521,0.7032954692840576
A Generative Model for Molecular Distance Geometry | OpenReview,3,0.10942661913250147,0.11764705882352941,0.14513275437926185,0.18387096774193548,0.6015836199124655,0.6521234512329102,0.5938042203585306,0.670620322227478
A GOODNESS OF FIT MEASURE FOR GENERATIVE NETWORKS | OpenReview,3,0.1363373375370174,0.14150943396226415,0.1331609386572471,0.1414141414141414,0.7877901196479797,0.8680325746536255,0.7318260471026102,0.7907955050468445
A Gradient-Based Approach to Neural Networks Structure Learning | OpenReview,3,0.14914198905325024,0.15481171548117154,0.15814569789936359,0.17355371900826447,0.5102741916974386,0.6003051996231079,0.5831023454666138,0.6025195121765137
A Graph Neural Network Assisted Monte Carlo Tree Search Approach to Traveling Salesman Problem | OpenReview,3,0.11273329720031271,0.13019390581717452,0.1636919128780846,0.17630057803468208,0.3709792693456014,0.4563155770301819,0.6515770753224691,0.7217251062393188
A Greedy Approach to Max-Sliced Wasserstein GANs | OpenReview,3,0.12105647392991109,0.140893470790378,0.1592195541096054,0.17391304347826086,0.6119892497857412,0.7109649181365967,0.66856316725413,0.7092809081077576
A Group-Theoretic Framework for Knowledge Graph Embedding | OpenReview,3,0.12475092579680502,0.14553990610328638,0.1291770414158725,0.17297297297297298,0.616930882136027,0.6758778095245361,0.5421597361564636,0.6319413185119629
A Hierarchy of Graph Neural Networks Based on Learnable Local Features | OpenReview,3,0.11953037252169414,0.14948453608247422,0.1299062439126298,0.13157894736842105,0.5554080804189047,0.6540899276733398,0.5371491511662801,0.6463906764984131
A Kolmogorov Complexity Approach to Generalization in Deep Learning | OpenReview,4,0.13053021447796306,0.14468085106382977,0.13597222403311282,0.1576923076923077,0.6614060699939728,0.7388647794723511,0.6026550233364105,0.6641979217529297
A Latent Morphology Model for Open-Vocabulary Neural Machine Translation | OpenReview,3,0.13580008321316114,0.15546218487394958,0.14930065010645188,0.1722689075630252,0.6638836065928141,0.7186760902404785,0.3970292607943217,0.4320031702518463
A Learning-based Iterative Method for Solving Vehicle Routing Problems | OpenReview,3,0.10114004150298717,0.11009174311926606,0.13662149106693336,0.1497326203208556,0.6638915737469991,0.7475112676620483,0.5327874720096588,0.5937196016311646
A Mean-Field Theory for Kernel Alignment with Random Features in Generative Adverserial Networks | OpenReview,3,0.13276059564719359,0.16494845360824742,0.12375986210606733,0.12849162011173185,0.7382317980130514,0.7694041728973389,0.42790048321088153,0.47182193398475647
A Mechanism of Implicit Regularization in Deep Learning | OpenReview,3,0.13182024244471371,0.16597510373443983,0.15702746530808595,0.189873417721519,0.6651751001675924,0.6929526329040527,0.6845627824465433,0.6945067048072815
A Mention-Pair Model of Annotation with Nonparametric User Communities | OpenReview,4,0.13717795112649725,0.140893470790378,0.15520637938989273,0.19850187265917604,0.6633128821849823,0.7604268193244934,0.6472741812467575,0.678837776184082
A Meta-Transfer Objective for Learning to Disentangle Causal Mechanisms | OpenReview,3,0.1281183706359256,0.14726027397260275,0.14017178867403315,0.1484375,0.6870643496513367,0.7455034852027893,0.5263218283653259,0.5863401293754578
A multi-task U-net for segmentation with lazy labels | OpenReview,3,0.13835975854185964,0.15083798882681565,0.15755739632868027,0.18902439024390244,0.6119804382324219,0.642929196357727,0.4891866445541382,0.5352170467376709
A Mutual Information Maximization Perspective of Language Representation Learning | OpenReview,3,0.11328101817232251,0.13043478260869565,0.13949918931928906,0.15458937198067632,0.4954913357893626,0.5598345994949341,0.5694661339124044,0.6131786108016968
A Neural Dirichlet Process Mixture Model for Task-Free Continual Learning | OpenReview,3,0.12437750397873099,0.13782051282051283,0.12352060599392538,0.14545454545454545,0.7154603401819865,0.7460716366767883,0.2906455596288045,0.31667113304138184
A New Multi-input Model with the Attention Mechanism for Text Classification | OpenReview,3,0.1242636165577342,0.1437908496732026,0.1138979527473094,0.1336206896551724,0.6407377322514852,0.6574077606201172,0.4837905466556549,0.5852747559547424
A new perspective in understanding of Adam-Type algorithms and beyond | OpenReview,3,0.12730227386953807,0.14893617021276595,0.15844891808658398,0.1702127659574468,0.5751571655273438,0.7847057580947876,0.6323484182357788,0.7292463779449463
A NEW POINTWISE CONVOLUTION IN DEEP NEURAL NETWORKS THROUGH EXTREMELY FAST AND NON PARAMETRIC TRANSFORMS | OpenReview,3,0.14354185884036333,0.16733067729083664,0.1511255417442443,0.17269076305220885,0.7115925153096517,0.7589521408081055,0.6071127851804098,0.6259066462516785
A Non-asymptotic comparison of SVRG and SGD: tradeoffs between compute and speed | OpenReview,3,0.12740817335026378,0.1396508728179551,0.13654751740037285,0.14181818181818182,0.6724819739659628,0.7475035190582275,0.49238941073417664,0.5567147731781006
A Novel Analysis Framework of Lower Complexity Bounds for Finite-Sum Optimization | OpenReview,3,0.14907756205930647,0.15270935960591134,0.15838531015271465,0.16595744680851063,0.6351289947827657,0.6946575045585632,0.5342264374097189,0.5761533379554749
A novel Bayesian estimation-based word embedding model for sentiment analysis | OpenReview,3,0.16693512837701108,0.1894273127753304,0.2000667102565915,0.2074468085106383,0.6329069137573242,0.6475690603256226,0.6673858563105265,0.6811851859092712
A Perturbation Analysis of Input Transformations for Adversarial Attacks | OpenReview,3,0.10821708826509481,0.12030075187969924,0.1544670739908027,0.17153284671532848,0.6947797934214274,0.7658253908157349,0.6818387905756632,0.7578693628311157
A Probabilistic Formulation of Unsupervised Text Style Transfer | OpenReview,3,0.1341946985690828,0.13793103448275862,0.12801840016932023,0.1477832512315271,0.6591902573903402,0.7646405696868896,0.6856148838996887,0.7447119355201721
A Quality-Diversity Controllable GAN for Text Generation | OpenReview,3,0.11830101633200979,0.12955465587044535,0.15611489261841777,0.18840579710144928,0.6589820782343546,0.7428632974624634,0.6584062774976095,0.7525379657745361
A Random Matrix Perspective on Mixtures of Nonlinearities in High Dimensions | OpenReview,3,0.1294450367543909,0.14084507042253522,0.1488244806968713,0.15625,0.4886358678340912,0.5589753985404968,0.4983873466650645,0.609394907951355
A shallow feature extraction network with a large receptive field for stereo matching tasks | OpenReview,3,0.1425898398789965,0.17045454545454544,0.13018306768306767,0.13942307692307693,0.6302597721417745,0.7517074346542358,0.5661652485529581,0.687140166759491
A Signal Propagation Perspective for Pruning Neural Networks at Initialization | OpenReview,3,0.16173097569424502,0.17793594306049823,0.13830204202844576,0.17454545454545456,0.7509085337320963,0.7793483734130859,0.612413207689921,0.6153910756111145
A SIMPLE AND EFFECTIVE FRAMEWORK FOR PAIRWISE DEEP METRIC LEARNING | OpenReview,3,0.13325130800852955,0.15625,0.1762435368889023,0.1926605504587156,0.7010748982429504,0.7439767718315125,0.7109741568565369,0.7351164221763611
A Simple and Scalable Shape Representation for 3D Reconstruction | OpenReview,3,0.14699019304700245,0.19534883720930232,0.14649054369078057,0.171875,0.5938152074813843,0.6898839473724365,0.4468255639076233,0.5376027822494507
A Simple Approach to the Noisy Label Problem Through the Gambler*s Loss | OpenReview,3,0.15208122677018235,0.1564245810055866,0.13376367812572093,0.15472779369627507,0.48105432589848834,0.5903584957122803,0.5112343629201254,0.6404916048049927
A Simple Dynamic Learning Rate Tuning Algorithm For Automated Training of DNNs | OpenReview,3,0.09961912394993246,0.11452513966480447,0.1431185248550518,0.15476190476190477,0.7142572005589803,0.7623672485351562,0.3389613727728526,0.4023821949958801
A Simple Randomization Technique for Generalization in Deep Reinforcement Learning | OpenReview,3,0.13187321105204744,0.13622291021671826,0.1450076866982912,0.16996047430830039,0.544318288564682,0.6346073150634766,0.4952455361684163,0.5400193929672241
A Simple Recurrent Unit with Reduced Tensor Product Representations | OpenReview,3,0.1266805421694907,0.15204678362573099,0.18412270034040237,0.2012987012987013,0.649298628171285,0.7106889486312866,0.6995873053868612,0.7590304613113403
A Simple Technique to Enable Saliency Methods to Pass the Sanity Checks | OpenReview,3,0.1257623199645789,0.15286624203821655,0.133501643284252,0.13736263736263737,0.675326923529307,0.7542318105697632,0.6983589331309,0.7338799238204956
A SPIKING SEQUENTIAL MODEL: RECURRENT LEAKY INTEGRATE-AND-FIRE | OpenReview,3,0.12590775862621564,0.1443850267379679,0.18656182845822347,0.19391634980988592,0.6719205975532532,0.7871373295783997,0.6374231974283854,0.6926116943359375
A Stochastic Derivative Free Optimization Method with Momentum | OpenReview,3,0.1417821683074198,0.18407960199004975,0.12346198213661003,0.15841584158415842,0.66151096423467,0.7203050255775452,0.6023481885592142,0.6962682604789734
A Stochastic Trust Region Method for Non-convex Minimization | OpenReview,4,0.13644536801757182,0.14485981308411214,0.1385003900891424,0.1791530944625407,0.7093500047922134,0.7771487832069397,0.4593411609530449,0.58002108335495
A TARGET-AGNOSTIC ATTACK ON DEEP MODELS: EXPLOITING SECURITY VULNERABILITIES OF TRANSFER LEARNING | OpenReview,3,0.1107993936383767,0.12429378531073447,0.1540986949682602,0.178743961352657,0.6351833939552307,0.6572589874267578,0.6403282483418783,0.6746350526809692
A Theoretical Analysis of Deep Q-Learning | OpenReview,3,0.14168988243552866,0.22598870056497175,0.16219007603027238,0.18006430868167203,0.7274190783500671,0.7505351901054382,0.5624844431877136,0.5782554149627686
A Theoretical Analysis of the Number of Shots in Few-Shot Learning | OpenReview,3,0.11352519644802077,0.1206896551724138,0.1299786996001389,0.16475095785440613,0.678222119808197,0.749841570854187,0.5658526221911112,0.60718834400177
A Theory of Usable Information under Computational Constraints | OpenReview,2,0.10878610840636158,0.1160337552742616,0.13847273975912808,0.1401673640167364,0.6053384840488434,0.6304289698600769,0.5896710157394409,0.6006560325622559
A Training Scheme for the Uncertain Neuromorphic Computing Chips | OpenReview,3,0.1211650034810861,0.14838709677419354,0.11876109686328666,0.13138686131386862,0.43265714682638645,0.6884359121322632,0.3840513974428177,0.584519624710083
A TWO-STAGE FRAMEWORK FOR MATHEMATICAL EXPRESSION RECOGNITION | OpenReview,3,0.16210552268244574,0.19230769230769232,0.15448277861822088,0.1728395061728395,0.5504781107107798,0.6480889320373535,0.609683632850647,0.6312304735183716
A Unified framework for randomized smoothing based certified defenses | OpenReview,3,0.13961689539314506,0.16333333333333333,0.17234409941975756,0.20723684210526316,0.657785952091217,0.7179614901542664,0.4586140314737956,0.5217363834381104
A Uniform Generalization Error Bound for Generative Adversarial Networks | OpenReview,3,0.12100154562175586,0.14754098360655737,0.18398176557379706,0.20765027322404372,0.6538763642311096,0.7356777191162109,0.7686692277590433,0.7985161542892456
A?MCTS: SEARCH WITH THEORETICAL GUARANTEE USING POLICY AND VALUE FUNCTIONS | OpenReview,3,0.13590233316262554,0.16393442622950818,0.1304803414847386,0.1644295302013423,0.5268547832965851,0.6052109003067017,0.6886760791142782,0.7275328636169434
Abductive Commonsense Reasoning | OpenReview,3,0.11250563246161192,0.12807881773399016,0.1398353302903512,0.15625,0.7199426094690958,0.7758064270019531,0.7207533319791158,0.8261991739273071
Accelerated Information Gradient flow | OpenReview,2,0.15039399162767791,0.1717557251908397,0.16335583218818203,0.18345323741007194,0.4701048731803894,0.5293126106262207,0.5914090275764465,0.6385369896888733
Accelerated Variance Reduced Stochastic Extragradient Method for Sparse Machine Learning Problems | OpenReview,3,0.1679616451565212,0.20526315789473684,0.1578224727044535,0.17073170731707318,0.6954512198766073,0.7745954394340515,0.6816126505533854,0.7047176361083984
Accelerating First-Order Optimization Algorithms | OpenReview,3,0.13099287448124655,0.13636363636363635,0.1433252645624849,0.15337423312883436,0.5439176162083944,0.6598540544509888,0.5776175260543823,0.6432477235794067
Accelerating Monte Carlo Bayesian Inference via Approximating Predictive Uncertainty over the Simplex | OpenReview,3,0.13875496184960687,0.18048780487804877,0.13451443886226494,0.1414141414141414,0.6623629530270895,0.7155716419219971,0.40873127182324726,0.45676660537719727
Accelerating Reinforcement Learning Through GPU Atari Emulation | OpenReview,3,0.09805972617392156,0.10471204188481675,0.14898393706627006,0.19672131147540983,0.5916052659352621,0.7109746932983398,0.5849358638127645,0.629824161529541
Accelerating SGD with momentum for over-parameterized learning | OpenReview,3,0.14732204738844845,0.16334661354581673,0.1586501267173536,0.16806722689075632,0.6181184649467468,0.7859650254249573,0.6293010612328848,0.7066792249679565
Action Semantics Network: Considering the Effects of Actions in Multiagent Systems | OpenReview,3,0.136307960816241,0.16312056737588654,0.15573766568791444,0.16791044776119404,0.6966285705566406,0.7207919359207153,0.452878604332606,0.4780755043029785
Active Learning Graph Neural Networks via Node Feature Propagation | OpenReview,3,0.13168558858744175,0.14427860696517414,0.1603374899978048,0.18823529411764706,0.5925159653027853,0.7010145783424377,0.5841793318589529,0.6981054544448853
Actor-Critic Approach for Temporal Predictive Clustering | OpenReview,3,0.14013675009352042,0.14553990610328638,0.16753162857814022,0.19318181818181818,0.7004957993825277,0.7966418862342834,0.37893208861351013,0.4389467239379883
Acutum: When Generalization Meets Adaptability | OpenReview,3,0.0939438263701307,0.10176991150442478,0.1661074385784909,0.18450184501845018,0.5050455033779144,0.6350654363632202,0.5816584328810374,0.7334483861923218
ADA+: A GENERIC FRAMEWORK WITH MORE ADAPTIVE EXPLICIT ADJUSTMENT FOR LEARNING RATE | OpenReview,3,0.12427262927125816,0.12992125984251968,0.1304132684694997,0.13793103448275862,0.6026932994524637,0.7175756692886353,0.5446253220240275,0.657820463180542
AdaGAN: Adaptive GAN for Many-to-Many Non-Parallel Voice Conversion | OpenReview,3,0.11390157347489653,0.13167259786476868,0.09742121917783746,0.10362694300518134,0.6927408774693807,0.7609100937843323,0.6354318062464396,0.6919974088668823
Adapt-to-Learn: Policy Transfer in Reinforcement Learning | OpenReview,3,0.13533300707705323,0.14556962025316456,0.12605979642839021,0.1391304347826087,0.5379751722017924,0.6286965608596802,0.4545632600784302,0.6147773265838623
Adapting Behaviour for Learning Progress | OpenReview,4,0.11354273643326965,0.14,0.14846088346559463,0.16666666666666666,0.7562539130449295,0.8143486976623535,0.6819896697998047,0.7250571250915527
ADAPTING PRETRAINED LANGUAGE MODELS FOR LONG DOCUMENT CLASSIFICATION | OpenReview,3,0.12175910702784458,0.17194570135746606,0.16709758131776478,0.18636363636363637,0.5692796309789022,0.6506054401397705,0.6707745393117269,0.7504388689994812
Adapting to Label Shift with Bias-Corrected Calibration | OpenReview,3,0.12551074540611315,0.13392857142857142,0.16609478150197154,0.17872340425531916,0.6172098716100057,0.6675432324409485,0.4928315778573354,0.5671926736831665
Adaptive Adversarial Imitation Learning | OpenReview,3,0.08057081807081806,0.09523809523809523,0.12456256270954164,0.12840466926070038,0.6593050161997477,0.6931506395339966,0.63486647605896,0.7148554921150208
Adaptive Correlated Monte Carlo for Contextual Categorical Sequence Generation | OpenReview,3,0.12474959866390938,0.16666666666666666,0.1301619814190282,0.14485981308411214,0.5759750703970591,0.6253263354301453,0.5160956780115763,0.5276888608932495
Adaptive Data Augmentation with Deep Parallel Generative Models | OpenReview,3,0.09402704746465108,0.10714285714285714,0.1567020359590019,0.16806722689075632,0.6683515310287476,0.7387309074401855,0.7316090861956278,0.7720323801040649
ADAPTIVE GENERATION OF PROGRAMMING PUZZLES | OpenReview,3,0.12820978476393785,0.13580246913580246,0.16493563717621879,0.20588235294117646,0.5738664468129476,0.5910146236419678,0.6266514261563619,0.6887072324752808
Adaptive Generation of Unrestricted Adversarial Inputs | OpenReview,3,0.12014839035943363,0.13013698630136986,0.147295789416202,0.15426997245179064,0.5663463771343231,0.6804704666137695,0.6256257196267446,0.7580134868621826
Adaptive Learned Bloom Filter (Ada-BF): Efficient Utilization of the Classifier | OpenReview,3,0.16506584296873625,0.19801980198019803,0.13185367682283447,0.14838709677419354,0.6450745662053426,0.6599189043045044,0.6489500999450684,0.727859616279602
Adaptive Loss Scaling for Mixed Precision Training | OpenReview,3,0.13797636305686642,0.18691588785046728,0.1754358409262853,0.18023255813953487,0.6567004720369974,0.7721666097640991,0.5856499274571737,0.7049246430397034
Adaptive network sparsification with dependent variational beta-Bernoulli dropout | OpenReview,4,0.14345065934487186,0.17045454545454544,0.16188556054748413,0.17845117845117844,0.6181149184703827,0.7936551570892334,0.6694869995117188,0.7856462597846985
Adaptive Online Planning for Continual Lifelong Learning | OpenReview,3,0.1391303816319941,0.16243654822335024,0.15306793424440482,0.1717171717171717,0.7472083965937296,0.7855919599533081,0.664628803730011,0.7301884293556213
Adaptive Structural Fingerprints for Graph Attention Networks | OpenReview,3,0.12236607552921358,0.13551401869158877,0.12653761709161732,0.13304721030042918,0.6631096998850504,0.7215801477432251,0.5473916927973429,0.5962564945220947
AdaScale SGD: A Scale-Invariant Algorithm for Distributed Training | OpenReview,3,0.1245512101298285,0.13725490196078433,0.1383227126587257,0.14193548387096774,0.6150510311126709,0.7132569551467896,0.617494543393453,0.7561718225479126
AdaX: Adaptive Gradient Descent with Exponential Long Term Memory | OpenReview,4,0.16281516639893023,0.17597765363128492,0.10737394810855125,0.12014134275618374,0.6597015261650085,0.7357004284858704,0.42499178647994995,0.5433899760246277
Additive Powers-of-Two Quantization: A Non-uniform Discretization for Neural Networks | OpenReview,3,0.14210601208193196,0.168141592920354,0.122374537999538,0.13963963963963963,0.6840377052625021,0.7476304173469543,0.6113648017247518,0.6224818229675293
Address2vec: Generating vector embeddings for blockchain analytics | OpenReview,3,0.13436616687695,0.17766497461928935,0.14039057584302392,0.19148936170212766,0.6842541893323263,0.8184711933135986,0.45888789494832355,0.499218225479126
Adjustable Real-time Style Transfer | OpenReview,3,0.13200356561838708,0.15283842794759825,0.1472611376299625,0.15350877192982457,0.6302023132642111,0.7286145687103271,0.5673589905103048,0.7369729280471802
Advantage Weighted Regression: Simple and Scalable Off-Policy Reinforcement Learning | OpenReview,3,0.11250649581662238,0.1292517006802721,0.13401262409077877,0.14338235294117646,0.3264567156632741,0.3487004339694977,0.48852036396662396,0.5401434898376465
AdvCodec: Towards A Unified Framework for Adversarial Text Generation | OpenReview,3,0.15975588248280204,0.21839080459770116,0.1586665782068081,0.16498316498316498,0.7384475270907084,0.7641969919204712,0.5794947942097982,0.6018927097320557
AdvectiveNet: An Eulerian-Lagrangian Fluidic Reservoir for Point Cloud Processing | OpenReview,3,0.12238974719687921,0.1583710407239819,0.14725520621565033,0.16666666666666666,0.6505155762036642,0.6717609167098999,0.5176443060239156,0.5349732637405396
Adversarial Attacks on Copyright Detection Systems | OpenReview,4,0.13786211577696167,0.1572052401746725,0.13073197314356189,0.14427860696517414,0.7557332962751389,0.8365368843078613,0.7339595556259155,0.8055870532989502
Adversarial AutoAugment | OpenReview,3,0.15472315394946876,0.19130434782608696,0.14831005103826647,0.1791044776119403,0.7779956857363383,0.8212652206420898,0.7399301926294962,0.7895634770393372
Adversarial Example Detection and Classification with Asymmetrical Adversarial Training | OpenReview,3,0.14049159906419956,0.1509433962264151,0.1603610698850961,0.16826923076923078,0.73857448498408,0.7819249629974365,0.631375253200531,0.6452720165252686
Adversarial Filters of Dataset Biases | OpenReview,3,0.10017213733257875,0.11827956989247312,0.1564324408999619,0.1626984126984127,0.5200037360191345,0.621702253818512,0.6135027011235555,0.6618689298629761
Adversarial Imitation Attack | OpenReview,3,0.11606992163954188,0.12,0.17753821958891083,0.1975806451612903,0.602138340473175,0.6969574689865112,0.6308985948562622,0.6562560796737671
Adversarial Inductive Transfer Learning with input and output space adaptation | OpenReview,3,0.12527947286983432,0.12951807228915663,0.16506544138123086,0.19444444444444445,0.7349102099736532,0.8020077347755432,0.5862937569618225,0.6310062408447266
Adversarial Interpolation Training: A Simple Approach for Improving Model Robustness | OpenReview,3,0.1285735971548186,0.14457831325301204,0.19030490835140068,0.2222222222222222,0.6773690183957418,0.7148065567016602,0.672000527381897,0.7299023866653442
Adversarial Lipschitz Regularization | OpenReview,3,0.1165541561912024,0.14009661835748793,0.1369735417458948,0.14903846153846154,0.6708643436431885,0.8292996883392334,0.6248905062675476,0.6716867685317993
Adversarial Paritial Multi-label Learning | OpenReview,3,0.1539134273411016,0.16901408450704225,0.15521628763364018,0.16494845360824742,0.7321986158688863,0.7776768207550049,0.6641268730163574,0.682950496673584
Adversarial Policies: Attacking Deep Reinforcement Learning | OpenReview,3,0.11976913476431995,0.14847161572052403,0.09594061280166756,0.10407239819004525,0.6452317237854004,0.7173207402229309,0.4058198630809784,0.4298047125339508
Adversarial Privacy Preservation under Attribute Inference Attack | OpenReview,3,0.16314367129331742,0.17391304347826086,0.103089435270791,0.11827956989247312,0.7724935213724772,0.835610568523407,0.7627819379170736,0.8273073434829712
Adversarial Robustness Against the Union of Multiple Perturbation Models | OpenReview,3,0.1616428159972675,0.1853448275862069,0.18196618357487923,0.20833333333333334,0.7414316932360331,0.7903400659561157,0.6512008309364319,0.6836096048355103
Adversarial Robustness as a Prior for Learned Representations | OpenReview,3,0.11463560066263496,0.14675767918088736,0.12821428980258923,0.1497326203208556,0.6350883543491364,0.7096762657165527,0.615859587987264,0.6983237266540527
Adversarial Training and Provable Defenses: Bridging the Gap | OpenReview,3,0.12287876522699363,0.14339622641509434,0.1688197518007463,0.18478260869565216,0.5147644877433777,0.6479146480560303,0.5683264434337616,0.6645757555961609
Adversarial Training Generalizes Data-dependent Spectral Norm Regularization | OpenReview,3,0.14935580674427454,0.17972350230414746,0.133863185278802,0.15217391304347827,0.6787141362826029,0.7336750626564026,0.6488710443178812,0.6625300049781799
Adversarial training with perturbation generator networks | OpenReview,3,0.10211625828195954,0.11683848797250859,0.12604850295321557,0.13758389261744966,0.6531289021174113,0.7205386757850647,0.5434503753980001,0.5753368139266968
Adversarial Training: embedding adversarial perturbations into the parameter space of a neural network to build a robust system | OpenReview,3,0.12241270404446845,0.12631578947368421,0.17233891752029085,0.17543859649122806,0.6555774410565695,0.7250605821609497,0.5367085933685303,0.60225909948349
Adversarial Video Generation on Complex Datasets | OpenReview,3,0.14083524318818438,0.14805194805194805,0.13034236298352153,0.13648293963254593,0.80365123351415,0.8649734854698181,0.7329535881678263,0.7632368803024292
Adversarially learned anomaly detection for time series data | OpenReview,3,0.16026707882315702,0.16974169741697417,0.14861364705150776,0.17786561264822134,0.6636469960212708,0.6973779201507568,0.6669522325197855,0.7000484466552734
Adversarially Robust Generalization Just Requires More Unlabeled Data | OpenReview,3,0.1181352532416362,0.12272727272727273,0.1595560086924927,0.1606425702811245,0.6630541284879049,0.6931300163269043,0.6115966637929281,0.6394690275192261
Adversarially Robust Neural Networks via Optimal Control: Bridging Robustness with Lyapunov Stability | OpenReview,3,0.15071842549569986,0.1652542372881356,0.16390677448515065,0.1952191235059761,0.7152387301127116,0.7529353499412537,0.6702121496200562,0.7210750579833984
Adversarially Robust Representations with Smooth Encoders | OpenReview,3,0.14118988391376452,0.16666666666666666,0.1412294157360693,0.14583333333333334,0.6146923104921976,0.7189676761627197,0.6603409250577291,0.6777443885803223
Adversarially robust transfer learning | OpenReview,3,0.14637653778382012,0.1553030303030303,0.1351928374088854,0.14563106796116504,0.7844733397165934,0.8118587136268616,0.5023566087086996,0.5486853718757629
AE-OT: A NEW GENERATIVE MODEL BASED ON EXTENDED SEMI-DISCRETE OPTIMAL TRANSPORT | OpenReview,3,0.15529671440158496,0.18181818181818182,0.15788914378616672,0.17061611374407584,0.7010468244552612,0.7602015733718872,0.5372442205746969,0.6791011095046997
Agent as Scientist: Learning to Verify Hypotheses | OpenReview,3,0.10389556222889557,0.11666666666666667,0.1181653406320618,0.12323943661971831,0.6137934923171997,0.6968508958816528,0.5642880797386169,0.6121267676353455
Aggregating explanation methods for neural networks stabilizes explanations | OpenReview,3,0.10131746352218791,0.1111111111111111,0.15493674933349275,0.16600790513833993,0.5607903897762299,0.6664725542068481,0.5363276302814484,0.5920156836509705
AHash: A Load-Balanced One Permutation Hash | OpenReview,4,0.10255507631006758,0.12184873949579832,0.14044684792952028,0.16942148760330578,0.4426920562982559,0.5164586901664734,0.6478720009326935,0.6884158253669739
ALBERT: A Lite BERT for Self-supervised Learning of Language Representations | OpenReview,3,0.11551880277524589,0.11764705882352941,0.0974656525186613,0.11518324607329843,0.6538374225298563,0.6757594347000122,0.5914373397827148,0.6292510032653809
AlgoNet: $C^infty$ Smooth Algorithmic Neural Networks | OpenReview,3,0.12223833345238788,0.13934426229508196,0.15981143334526793,0.17346938775510204,0.38421973089377087,0.5144402384757996,0.4363073209921519,0.5982540845870972
AlignNet: Self-supervised Alignment Module | OpenReview,3,0.15052393268750908,0.16161616161616163,0.1649177422407526,0.17427385892116182,0.5253828267256418,0.5995909571647644,0.4476107160250346,0.4677261710166931
All Simulations Are Not Equal: Simulation Reweighing for Imperfect Information Games | OpenReview,3,0.11916174862074354,0.14022140221402213,0.10463934729671147,0.11740890688259109,0.5676825741926829,0.6926312446594238,0.5057680606842041,0.6766446828842163
All SMILES Variational Autoencoder for Molecular Property Prediction and Optimization | OpenReview,3,0.12540921973509167,0.13569321533923304,0.13548150126267366,0.16417910447761194,0.7195053299268087,0.7511032819747925,0.54531329870224,0.5756450891494751
Alleviating Privacy Attacks via Causal Learning | OpenReview,3,0.13729861277356337,0.17372881355932204,0.14109910277207607,0.1646090534979424,0.5995162824789683,0.7192854881286621,0.6014154752095541,0.7642652988433838
Alternating Recurrent Dialog Model with Large-Scale Pre-Trained Language Models | OpenReview,3,0.12987497517353386,0.13191489361702127,0.12899699199586193,0.14728682170542637,0.6500598589579264,0.7136420011520386,0.6237796743710836,0.7547569870948792
Amata: An Annealing Mechanism for Adversarial Training Acceleration | OpenReview,3,0.16604136919505394,0.17479674796747968,0.11794792815604492,0.1350210970464135,0.5828032890955607,0.6179009079933167,0.6506100296974182,0.6779806017875671
Amharic Negation Handling | OpenReview,3,0.10742719463649696,0.16891891891891891,0.14567994797879857,0.2074074074074074,0.5187133153279623,0.7946865558624268,0.5164956996838251,0.8382671475410461
Amharic Text Normalization with Sequence-to-Sequence Models | OpenReview,3,0.14650190894889006,0.16058394160583941,0.13007268603721675,0.17266187050359713,0.6601929267247518,0.8032732605934143,0.6488531629244486,0.7327737808227539
Amortized Nesterov*s Momentum: Robust and Lightweight Momentum for Deep Learning | OpenReview,4,0.14664414580017393,0.15789473684210525,0.1371918784653046,0.1598639455782313,0.6868998259305954,0.7399642467498779,0.7067182213068008,0.7677352428436279
AMRL: Aggregated Memory For Reinforcement Learning | OpenReview,3,0.12417666704191525,0.148,0.116712892436494,0.1388888888888889,0.6247795422871908,0.6480981707572937,0.5614588658014933,0.6044447422027588
AN ATTENTION-BASED DEEP NET FOR LEARNING TO RANK | OpenReview,3,0.12470825274016763,0.13617021276595745,0.15069714523266436,0.1891891891891892,0.6747743089993795,0.7523815035820007,0.7320717771848043,0.7584882378578186
AN EFFICIENT HOMOTOPY TRAINING ALGORITHM FOR NEURAL NETWORKS | OpenReview,3,0.1502086280459526,0.1651376146788991,0.14586654164713236,0.15611814345991562,0.6899064779281616,0.6990639567375183,0.5075696806112925,0.5525677800178528
An Empirical and Comparative Analysis of Data Valuation with Scalable Algorithms | OpenReview,3,0.11039960314873958,0.11567164179104478,0.14857730386598453,0.16517857142857142,0.5546139578024546,0.7113634943962097,0.43427897493044537,0.5794109106063843
An Empirical Study on Post-processing Methods for Word Embeddings | OpenReview,3,0.12727370632133944,0.16990291262135923,0.14450196542880892,0.15839243498817968,0.6460880935192108,0.767857551574707,0.6482322613398234,0.720038890838623
An Explicitly Relational Neural Network Architecture | OpenReview,3,0.13132034155280034,0.14163090128755365,0.13167556549985757,0.1607717041800643,0.6412028868993124,0.7214882373809814,0.576127827167511,0.6231701970100403
AN EXPONENTIAL LEARNING RATE SCHEDULE FOR BATCH NORMALIZED NETWORKS | OpenReview,4,0.11258607937699541,0.12359550561797752,0.1096380874151486,0.1297071129707113,0.7047813832759857,0.767310619354248,0.6002172082662582,0.6689726114273071
An implicit function learning approach for parametric modal regression | OpenReview,3,0.12854574225792625,0.15897435897435896,0.13388033776922667,0.16049382716049382,0.578238864739736,0.6653567552566528,0.6286748250325521,0.7397584319114685
An Inductive Bias for Distances: Neural Nets that Respect the Triangle Inequality | OpenReview,4,0.13182692025187348,0.15894039735099338,0.16459384614529782,0.1906474820143885,0.6722830832004547,0.7713636159896851,0.6024739593267441,0.7342896461486816
An Information Theoretic Approach to Distributed Representation Learning | OpenReview,4,0.115417051215425,0.13043478260869565,0.1533864242341031,0.17857142857142858,0.550467424094677,0.7009705305099487,0.5366239920258522,0.6639412641525269
An Optimization Principle Of Deep Learning? | OpenReview,3,0.1297736566303347,0.14332247557003258,0.14513055751587864,0.1576923076923077,0.5572453240553538,0.6808671951293945,0.5649716754754385,0.6582894325256348
Analysis and Interpretation of Deep CNN Representations as Perceptual Quality Features | OpenReview,4,0.1511288863582571,0.16517857142857142,0.1392712219359435,0.15137614678899083,0.6293619573116302,0.704435408115387,0.5190009251236916,0.5640472173690796
Analysis of Video Feature Learning in Two-Stream CNNs on the Example of Zebrafish Swim Bout Classification | OpenReview,3,0.16439652929195045,0.19047619047619047,0.12948033686297997,0.13934426229508196,0.7200454274813334,0.7551658153533936,0.17359191675980887,0.19186747074127197
Analytical Moment Regularizer for Training Robust Networks | OpenReview,3,0.14958905444252513,0.16475095785440613,0.15438998133657134,0.16055045871559634,0.5875399510065714,0.7374171018600464,0.5575112501780192,0.6899888515472412
Analyzing Privacy Loss in Updates of Natural Language Models | OpenReview,3,0.13430925788036732,0.1607843137254902,0.15922466407903302,0.16883116883116883,0.3127993543942769,0.36605218052864075,0.5191458066304525,0.5408761501312256
Analyzing the Role of Model Uncertainty for Electronic Health Records | OpenReview,2,0.1389468196037539,0.14285714285714285,0.12048155096935585,0.12307692307692308,0.680467963218689,0.763717532157898,0.661887526512146,0.6701350212097168
Anchor & Transform: Learning Sparse Representations of Discrete Objects | OpenReview,3,0.12930446828751915,0.1349206349206349,0.125883486678487,0.13864306784660768,0.6803252696990967,0.7634814977645874,0.6352425416310629,0.662243127822876
Angular Visual Hardness | OpenReview,3,0.1305078116959305,0.1782178217821782,0.16497683380655634,0.18518518518518517,0.6908224026362101,0.7016233801841736,0.595032533009847,0.6400723457336426
Annealed Denoising score matching: learning Energy based model in high-dimensional spaces | OpenReview,3,0.13209130352684764,0.13307984790874525,0.1691079279433596,0.19345238095238096,0.6267553567886353,0.716407299041748,0.5884075959523519,0.7046124935150146
Anomaly Detection Based on Unsupervised Disentangled Representation Learning in Combination with Manifold Learning | OpenReview,3,0.16223657295085867,0.19387755102040816,0.13966841104814504,0.16580310880829016,0.5309335291385651,0.7227647304534912,0.5927387078603109,0.6798052787780762
Antifragile and Robust Heteroscedastic Bayesian Optimisation | OpenReview,3,0.1187684480878135,0.1377049180327869,0.13776694302485784,0.15985130111524162,0.6167078614234924,0.6413020491600037,0.6046071847279867,0.6644399166107178
Are Few-shot Learning Benchmarks Too Simple ? | OpenReview,3,0.18349048800661705,0.2,0.13800418277191298,0.1619047619047619,0.7843179106712341,0.8307530879974365,0.6587769985198975,0.6990046501159668
Are Powerful Graph Neural Nets Necessary? A Dissection on Graph Classification | OpenReview,3,0.13077865117338802,0.16165413533834586,0.12882885642478778,0.13821138211382114,0.7011318206787109,0.7577680349349976,0.6905061801274618,0.7638199329376221
Are Pre-trained Language Models Aware of Phrases? Simple but Strong Baselines for Grammar Induction | OpenReview,3,0.1562489873950941,0.16666666666666666,0.17154337872569916,0.2032967032967033,0.6991237799326578,0.8656953573226929,0.7127972642580668,0.8209347128868103
Are there any *object detectors* in the hidden layers of CNNs trained to identify objects or scenes? | OpenReview,3,0.13390172307788029,0.17475728155339806,0.1610412079799309,0.17410714285714285,0.6993776559829712,0.8064372539520264,0.6073729991912842,0.6550124883651733
Are Transformers universal approximators of sequence-to-sequence functions? | OpenReview,3,0.11477598402296192,0.12313432835820895,0.13350747063437285,0.14344262295081966,0.5250623822212219,0.6045768857002258,0.4755101203918457,0.5303913354873657
ASGen: Answer-containing Sentence Generation to Pre-Train Question Generator for Scale-up Data in Question Answering | OpenReview,2,0.12876833057731096,0.15486725663716813,0.10790763673890609,0.11274509803921569,0.6802192330360413,0.6908040046691895,0.4591902792453766,0.4828243851661682
AssembleNet: Searching for Multi-Stream Neural Connectivity in Video Architectures | OpenReview,3,0.14921341673971367,0.15730337078651685,0.1563077342604902,0.17142857142857143,0.7259833812713623,0.755308985710144,0.517698715130488,0.5694202184677124
Assessing Generalization in TD methods for Deep Reinforcement Learning | OpenReview,3,0.10685539763521679,0.13028169014084506,0.15560797091731826,0.17880794701986755,0.5432248512903849,0.6541734933853149,0.48621708154678345,0.571959912776947
Asymptotic learning curves of kernel methods: empirical data v.s. Teacher-Student paradigm | OpenReview,3,0.12746568627205743,0.13259668508287292,0.13427592872062377,0.14705882352941177,0.6363313794136047,0.7032196521759033,0.681606650352478,0.7324190735816956
Asymptotics of Wide Networks from Feynman Diagrams | OpenReview,3,0.13173381959883096,0.1511627906976744,0.15969527548474918,0.1813186813186813,0.5408574243386587,0.6945708990097046,0.47252000371615094,0.526507556438446
ASYNCHRONOUS MULTI-AGENT GENERATIVE ADVERSARIAL IMITATION LEARNING | OpenReview,3,0.10401268710161211,0.11171662125340599,0.13367075310931892,0.1501597444089457,0.41777833302815753,0.6095461845397949,0.448344886302948,0.5156881809234619
Asynchronous Stochastic Subgradient Methods for General Nonsmooth Nonconvex Optimization | OpenReview,3,0.13730578395568419,0.15450643776824036,0.11633131258243662,0.11894273127753303,0.7022794882456461,0.8026008605957031,0.6172963182131449,0.6791903972625732
At Stability*s Edge: How to Adjust Hyperparameters to Preserve Minima Selection in Asynchronous Training of Neural Networks? | OpenReview,3,0.12939538484798643,0.13846153846153847,0.12150107243586494,0.1259259259259259,0.7148767312367758,0.7397085428237915,0.7222681641578674,0.7390969395637512
At Your Fingertips: Automatic Piano Fingering Detection | OpenReview,3,0.14593747124697207,0.17180616740088106,0.13119909872487193,0.14761904761904762,0.6906696756680807,0.7875429391860962,0.6797317862510681,0.7986319065093994
Atomic Compression Networks | OpenReview,3,0.10715372000627588,0.11467889908256881,0.14659737173106158,0.17647058823529413,0.7145446340243021,0.7404569983482361,0.6682710647583008,0.6941072940826416
AtomNAS: Fine-Grained End-to-End Neural Architecture Search | OpenReview,3,0.1589636851801698,0.1919191919191919,0.17757327228299635,0.1897810218978102,0.7164239088694254,0.7576190233230591,0.6695394714673361,0.7208444476127625
Attack-Resistant Federated Learning with Residual-based Reweighting | OpenReview,3,0.12412477921685233,0.14028776978417265,0.14009055424629627,0.155893536121673,0.6312270561854044,0.6569707989692688,0.5313478310902914,0.6339829564094543
Attacking Graph Convolutional Networks via Rewiring | OpenReview,4,0.12825925968449334,0.1590909090909091,0.13958575437652837,0.15736040609137056,0.6916748285293579,0.7947182655334473,0.4653055667877197,0.5617923736572266
Attacking Lifelong Learning Models with Gradient Reversion | OpenReview,3,0.1415100668098955,0.16470588235294117,0.1955128205128205,0.21153846153846154,0.708633303642273,0.8086337447166443,0.761679490407308,0.7726719379425049
Attention Forcing for Sequence-to-sequence Model Training | OpenReview,3,0.14162650224195603,0.15789473684210525,0.1212756023111758,0.13145539906103287,0.6874782840410868,0.7305891513824463,0.7439005374908447,0.7445522546768188
Attention Interpretability Across NLP Tasks | OpenReview,3,0.11234384277215863,0.13304721030042918,0.15836249997968896,0.1864406779661017,0.5810922980308533,0.668567955493927,0.6944417953491211,0.7589644193649292
Attention on Abstract Visual Reasoning | OpenReview,3,0.15144717274704775,0.17647058823529413,0.1363622389600123,0.1415929203539823,0.6851550738016764,0.7418242692947388,0.5677570005257925,0.6419677734375
Attention over Phrases | OpenReview,3,0.1350037792894936,0.14857142857142858,0.15813978925991226,0.17847025495750707,0.6549416383107504,0.7147843837738037,0.35791932543118793,0.41946786642074585
Attention Privileged Reinforcement Learning for Domain Transfer | OpenReview,3,0.10996076272349296,0.12121212121212122,0.11686179972552131,0.12944983818770225,0.3413149615128835,0.4025145173072815,0.46351080139478046,0.4961640238761902
Attentive Sequential Neural Processes | OpenReview,3,0.1383144840084698,0.17766497461928935,0.17459716874622364,0.22712933753943218,0.7162561615308126,0.7328792214393616,0.6180438995361328,0.7361191511154175
Attraction-Repulsion Actor-Critic for Continuous Control Reinforcement Learning | OpenReview,3,0.1324675110593529,0.15181518151815182,0.15055920473353784,0.17266187050359713,0.6580873529116312,0.7284104228019714,0.6040814518928528,0.67088782787323
Attributed Graph Learning with 2-D Graph Convolution | OpenReview,3,0.13512933000396363,0.13664596273291926,0.17737938390112304,0.19155844155844157,0.6656562685966492,0.6945699453353882,0.6707806984583536,0.6941850185394287
Attributes Obfuscation with Complex-Valued Features | OpenReview,3,0.12346955712853402,0.15151515151515152,0.13597442487306463,0.16428571428571428,0.6173742016156515,0.6717504262924194,0.43642781178156537,0.503140926361084
AUGMENTED POLICY GRADIENT METHODS FOR EFFICIENT REINFORCEMENT LEARNING | OpenReview,3,0.13805388051052106,0.14754098360655737,0.15190625146578693,0.15976331360946747,0.6852914690971375,0.6946214437484741,0.5764062205950419,0.6206459403038025
Augmenting Genetic Algorithms with Deep Neural Networks for Exploring the Chemical Space | OpenReview,3,0.1280060862603557,0.13903743315508021,0.15655279885421577,0.1753846153846154,0.6669792532920837,0.6844165325164795,0.5839375555515289,0.6820884346961975
Augmenting Non-Collaborative Dialog Systems with Explicit Semantic and Strategic Dialog History | OpenReview,3,0.14798059964726631,0.15833333333333333,0.13887196089633722,0.15,0.726155698299408,0.7651798129081726,0.5617978175481161,0.5839124321937561
Augmenting Self-attention with Persistent Memory | OpenReview,3,0.15018410240887672,0.19689119170984457,0.18654632068587143,0.20921985815602837,0.7791076103846232,0.8249247074127197,0.4860850473244985,0.5455660820007324
Augmenting Transformers with KNN-Based Composite Memory | OpenReview,3,0.128839846546463,0.14233576642335766,0.14011747602818728,0.17518248175182483,0.35973358154296875,0.42685577273368835,0.430902898311615,0.49104100465774536
AugMix: A Simple Data Processing Method to Improve Robustness and Uncertainty | OpenReview,3,0.11801631362700064,0.1553030303030303,0.1764221248548852,0.19732441471571907,0.5357508261998495,0.5813435912132263,0.5151554544766744,0.6059194803237915
Auto Completion of User Interface Layout Design Using Transformer-Based Tree Decoders | OpenReview,3,0.1386741719665204,0.14220183486238533,0.13115510146161485,0.14655172413793102,0.6327473521232605,0.7070937156677246,0.5858971873919169,0.6747316718101501
Autoencoder-based Initialization for Recurrent Neural Networks with a Linear Memory | OpenReview,3,0.13170424453118137,0.14534883720930233,0.15401026635622841,0.16756756756756758,0.6701844533284506,0.7047664523124695,0.6382091045379639,0.6764039993286133
Autoencoders and Generative Adversarial Networks for Imbalanced Sequence Classification | OpenReview,3,0.10601259706447469,0.11666666666666667,0.1423678129073889,0.15434083601286175,0.4919910430908203,0.6073000431060791,0.4862236479918162,0.60555100440979
AutoGrow: Automatic Layer Growing in Deep Convolutional Networks | OpenReview,3,0.09931357315886409,0.1096938775510204,0.13444338698546274,0.16666666666666666,0.5579723517100016,0.5964309573173523,0.5310807228088379,0.582880973815918
AutoLR: A Method for Automatic Tuning of Learning Rate | OpenReview,2,0.10537307275821173,0.12195121951219512,0.11136046892933268,0.11526479750778816,0.5742632448673248,0.6515166163444519,0.550993800163269,0.5810213088989258
Automated curriculum generation through setter-solver interactions | OpenReview,3,0.14318933939623593,0.17,0.1702067782067782,0.19047619047619047,0.707899808883667,0.8087179660797119,0.6507581671079,0.7140741348266602
Automated Relational Meta-learning | OpenReview,3,0.11310471138057344,0.12857142857142856,0.16256387307600245,0.16326530612244897,0.7370709776878357,0.7415412664413452,0.6718291441599528,0.6831919550895691
Automatically Discovering and Learning New Visual Categories with Ranking Statistics | OpenReview,3,0.13854447116630372,0.14785992217898833,0.1638948890480729,0.17040358744394618,0.5903111298878988,0.6555718183517456,0.6380700469017029,0.7067381143569946
Automatically Learning Feature Crossing from Model Interpretation for Tabular Data | OpenReview,3,0.14208693622549082,0.15611814345991562,0.12409746040947632,0.13942307692307693,0.6437387069066366,0.7416549324989319,0.45958979924519855,0.6170246601104736
AutoQ: Automated Kernel-Wise Neural Network Quantization | OpenReview,4,0.14625613175799843,0.16176470588235295,0.12294863397437465,0.15151515151515152,0.6816582679748535,0.7183207273483276,0.5980070978403091,0.6842897534370422
AutoSlim: Towards One-Shot Architecture Search for Channel Numbers | OpenReview,3,0.15156125633658443,0.1711229946524064,0.14994954115190814,0.1830065359477124,0.6219753424326578,0.6858752965927124,0.656724234422048,0.7191139459609985
Avoiding Negative Side-Effects and Promoting Safe Exploration with Imaginative Planning | OpenReview,3,0.1305283284346096,0.1440677966101695,0.16748000362001417,0.17063492063492064,0.5758207440376282,0.6531137824058533,0.6065288186073303,0.7302232384681702
Axial Attention in Multidimensional Transformers | OpenReview,4,0.12307121417797569,0.17120622568093385,0.1381801406559155,0.16071428571428573,0.6782512664794922,0.7938024997711182,0.6363270133733749,0.6514124870300293
B-Spline CNNs on Lie groups | OpenReview,3,0.14404884845504465,0.17269076305220885,0.16071036957686594,0.18250950570342206,0.6780222455660502,0.7375473976135254,0.5206150511900584,0.6189412474632263
BackPACK: Packing more into Backprop | OpenReview,3,0.08129353233830845,0.09777777777777778,0.10323445242552853,0.12608695652173912,0.2981424828370412,0.34936511516571045,0.5568137466907501,0.6734530329704285
BAIL: Best-Action Imitation Learning for Batch Deep Reinforcement Learning | OpenReview,3,0.1162433868280471,0.1303030303030303,0.14915538837310105,0.1588785046728972,0.573557992776235,0.6370632648468018,0.5923629999160767,0.6021947264671326
Balancing Cost and Benefit with Tied-Multi Transformers | OpenReview,3,0.11535155070808888,0.13733905579399142,0.12017552758677548,0.12365591397849462,0.5237297813097636,0.632144033908844,0.48817097147305805,0.5474691390991211
BANANAS: Bayesian Optimization with Neural Networks for Neural Architecture Search | OpenReview,3,0.16431784923132595,0.17412935323383086,0.1556152927120669,0.16129032258064516,0.7438162366549174,0.756417453289032,0.5108154316743215,0.5698720216751099
Bandlimiting Neural Networks Against Adversarial Attacks | OpenReview,3,0.11457183052854947,0.11988304093567251,0.13512404456682478,0.14018691588785046,0.6976099809010824,0.8108298778533936,0.5652809937795004,0.6374849081039429
Barcodes as summary of objective functions* topology | OpenReview,3,0.1378860754828247,0.15625,0.1615839634965318,0.16666666666666666,0.6200632850329081,0.6738936901092529,0.6441500584284464,0.6765876412391663
BasisVAE: Orthogonal Latent Space for Deep Disentangled Representation | OpenReview,3,0.09694262151254607,0.11151079136690648,0.09239128605436103,0.11031175059952038,0.434401015440623,0.5876206159591675,0.3440184195836385,0.4889060854911804
Batch Normalization has Multiple Benefits: An Empirical Study on Residual Networks | OpenReview,3,0.160641659302198,0.1760299625468165,0.14889044417580397,0.15770609318996415,0.7679252624511719,0.8075352311134338,0.7275784015655518,0.7475236654281616
Batch Normalization is a Cause of Adversarial Vulnerability | OpenReview,3,0.09675371086520912,0.10204081632653061,0.14055174898344402,0.1452991452991453,0.6944154103597006,0.8198313117027283,0.6820490558942159,0.7882408499717712
Batch-shaping for learning conditional channel gated networks | OpenReview,3,0.14795688997978826,0.17727272727272728,0.13696445605740118,0.14042553191489363,0.6906227668126425,0.7400370836257935,0.6462485392888387,0.653535008430481
BatchEnsemble: an Alternative Approach to Efficient Ensemble and Lifelong Learning | OpenReview,3,0.1336154869227536,0.14166666666666666,0.1539705276049814,0.1636904761904762,0.6576231519381205,0.6807175874710083,0.5173410574595133,0.5803608894348145
Bayesian Inference for Large Scale Image Classification | OpenReview,3,0.1152135223837434,0.12867647058823528,0.10842645477607425,0.11715481171548117,0.6476935346921285,0.7128550410270691,0.47027064363161725,0.5308448672294617
Bayesian Meta Sampling for Fast Uncertainty Adaptation | OpenReview,3,0.14226653945818757,0.16853932584269662,0.11647865734140413,0.15555555555555556,0.5912990172704061,0.6417620182037354,0.6569040218989054,0.7158570885658264
Bayesian Residual Policy Optimization: Scalable Bayesian Reinforcement Learning with Clairvoyant Experts | OpenReview,3,0.14487844233912683,0.17073170731707318,0.18453503619478726,0.18672199170124482,0.5694902737935384,0.5837004780769348,0.6320106983184814,0.6375162601470947
Bayesian Variational Autoencoders for Unsupervised Out-of-Distribution Detection | OpenReview,3,0.1338910052730203,0.15865384615384615,0.18896817798580087,0.22033898305084745,0.6093147695064545,0.7401754260063171,0.5260460575421652,0.5930559635162354
BayesOpt Adversarial Attack | OpenReview,3,0.1162508126793841,0.13636363636363635,0.14458258419492548,0.1711229946524064,0.4935239752133687,0.5558937788009644,0.653520663579305,0.6819301843643188
Behavior Regularized Offline Reinforcement Learning | OpenReview,3,0.13608733755970967,0.16806722689075632,0.16282312048079786,0.18875502008032127,0.7360951701800028,0.8434141874313354,0.5051587422688802,0.5347526669502258
Behavior-Guided Reinforcement Learning | OpenReview,3,0.11757300895933244,0.1342281879194631,0.142952096093725,0.1795774647887324,0.7020509044329325,0.7061513662338257,0.5944333672523499,0.604724109172821
Behaviour Suite for Reinforcement Learning | OpenReview,3,0.12028338877570217,0.15527950310559005,0.12433219941216622,0.14130434782608695,0.6631425221761068,0.7863703966140747,0.4559958179791768,0.5687762498855591
Benchmarking Model-Based Reinforcement Learning | OpenReview,3,0.12283370481226653,0.13101604278074866,0.14112552830114153,0.15229885057471265,0.5068964262803396,0.5936106443405151,0.5304498076438904,0.6111366152763367
Benchmarking Robustness in Object Detection: Autonomous Driving when Winter is Coming | OpenReview,3,0.164140430949243,0.21145374449339208,0.1552831935445292,0.15914489311163896,0.8361847798029581,0.8765096664428711,0.7381157477696737,0.7556173801422119
Benefit of Interpolation in Nearest Neighbor Algorithms | OpenReview,3,0.11351652479588925,0.12135922330097088,0.13527065527065527,0.1511111111111111,0.6293056309223175,0.7021827697753906,0.5456509093443552,0.6776925325393677
Benefits of Overparameterization in Single-Layer Latent Variable Generative Models | OpenReview,3,0.09533839707328623,0.11594202898550725,0.14624212511536452,0.16666666666666666,0.6205282807350159,0.6956663131713867,0.6963998874028524,0.7370483875274658
BERT-AL: BERT for Arbitrarily Long Document Understanding | OpenReview,4,0.1287565381723107,0.14388489208633093,0.15423622151545605,0.18149466192170818,0.7305916547775269,0.7905510663986206,0.6686145216226578,0.7522166967391968
BERTScore: Evaluating Text Generation with BERT | OpenReview,3,0.14951993896207685,0.1683673469387755,0.1327609304591402,0.15294117647058825,0.7049150665601095,0.7891527414321899,0.6186618407567342,0.7166744470596313
Best feature performance in codeswitched hate speech texts | OpenReview,3,0.1135769547713354,0.14507772020725387,0.1441834588969737,0.18983050847457628,0.5683500866095225,0.6718711256980896,0.600779672463735,0.6253629922866821
BETANAS: Balanced Training and selective drop for Neural Architecture Search | OpenReview,3,0.1558945822197588,0.21495327102803738,0.1409967064432408,0.16113744075829384,0.6147074103355408,0.7522337436676025,0.5033389627933502,0.5857119560241699
Better Knowledge Retention through Metric Learning | OpenReview,3,0.13695565189992423,0.15141955835962145,0.12126649517953865,0.13768115942028986,0.6660301486651102,0.7586636543273926,0.5848422547181448,0.6649783849716187
Beyond Classical Diffusion: Ballistic Graph Neural Network | OpenReview,3,0.1315073975974189,0.13812154696132597,0.16135812642566252,0.18421052631578946,0.6248412430286407,0.7844617962837219,0.4534185826778412,0.5264049172401428
Beyond GANs: Transforming without a Target Distribution | OpenReview,3,0.12544142263227934,0.1413793103448276,0.1485098213276595,0.17929292929292928,0.6042089263598124,0.6531054973602295,0.6175847053527832,0.6775550842285156
Beyond Linearization: On Quadratic and Higher-Order Approximation of Wide Neural Networks | OpenReview,3,0.13213951371846108,0.138996138996139,0.1355604155033813,0.14423076923076922,0.7203670144081116,0.7531625032424927,0.5878080129623413,0.6198676824569702
BEYOND SUPERVISED LEARNING: RECOGNIZING UNSEEN ATTRIBUTE-OBJECT PAIRS WITH VISION-LANGUAGE FUSION AND ATTRACTOR NETWORKS | OpenReview,3,0.13152845081394415,0.13934426229508196,0.18873393491933277,0.20909090909090908,0.6911950508753458,0.7738124132156372,0.6880720456441244,0.6970828175544739
Bias-Resilient Neural Network | OpenReview,3,0.11494804663742957,0.13043478260869565,0.11170980555525102,0.14285714285714285,0.6651964783668518,0.7237744927406311,0.6487603187561035,0.7327208518981934
BinaryDuo: Reducing Gradient Mismatch in Binary Activation Network by Coupling Binary Activations | OpenReview,3,0.11046979654304934,0.1188118811881188,0.11825729269698694,0.13978494623655913,0.6096205512682596,0.7089382410049438,0.618836392958959,0.7561007142066956
Bio-Inspired Hashing for Unsupervised Similarity Search | OpenReview,3,0.13505305840948903,0.15120274914089346,0.15346328603096415,0.16838487972508592,0.7230223218599955,0.7432076930999756,0.7172418038050333,0.7954813838005066
Biologically inspired sleep algorithm for increased generalization and adversarial robustness in deep neural networks | OpenReview,2,0.1331473014165322,0.17159763313609466,0.14585611196151324,0.17647058823529413,0.7230591773986816,0.7360788583755493,0.769336611032486,0.7960806488990784
Biologically Plausible Neural Networks via Evolutionary Dynamics and Dopaminergic Plasticity | OpenReview,3,0.14891037084632394,0.17692307692307693,0.11302001569858715,0.1306122448979592,0.6331137220064799,0.688573956489563,0.541430284579595,0.7292787432670593
Black Box Recursive Translations for Molecular Optimization | OpenReview,4,0.1318310292008171,0.17405063291139242,0.1487280760904568,0.17981072555205047,0.6239473968744278,0.7278316617012024,0.5309096723794937,0.665605902671814
Black-Box Adversarial Attack with Transferable Model-based Embedding | OpenReview,3,0.14667905381848312,0.16666666666666666,0.14810290397079287,0.17269076305220885,0.7221145232518514,0.7675062417984009,0.4462502400080363,0.51277095079422
Black-box Adversarial Attacks with Bayesian Optimization | OpenReview,3,0.11435706095172478,0.13768115942028986,0.12396139902763463,0.12755102040816327,0.6021089951197306,0.6839978098869324,0.5167021155357361,0.5884069800376892
Black-box Off-policy Estimation for Infinite-Horizon Reinforcement Learning | OpenReview,3,0.11430528025569568,0.1254355400696864,0.1327834617536435,0.14893617021276595,0.5716802279154459,0.5898154377937317,0.5666211843490601,0.62949138879776
Blending Diverse Physical Priors with Neural Networks | OpenReview,3,0.14376360613080433,0.1683673469387755,0.15482839382787542,0.16875,0.5807442466417948,0.6718325018882751,0.5388850271701813,0.6327968239784241
BlockSwap: Fisher-guided Block Substitution for Network Compression on a Budget | OpenReview,3,0.12398876573130417,0.13142857142857142,0.13467652210939,0.16034985422740525,0.42226948340733844,0.48098939657211304,0.474462628364563,0.5669118165969849
Blockwise Adaptivity: Faster Training and Better Generalization in Deep Learning | OpenReview,3,0.14193460860127527,0.14814814814814814,0.16362923770331178,0.18930041152263374,0.5748108228047689,0.6919621229171753,0.5195172826449076,0.5756841897964478
Blockwise Self-Attention for Long Document Understanding | OpenReview,3,0.15232139225427818,0.174496644295302,0.12410091512466913,0.17209302325581396,0.7376184662183126,0.784724235534668,0.6224557360013326,0.7124751806259155
Blurring Structure and Learning to Optimize and Adapt Receptive Fields | OpenReview,3,0.1306022604963808,0.13989637305699482,0.14822917998708127,0.1524822695035461,0.6254940430323283,0.6640641689300537,0.60572483142217,0.6832489967346191
BOOSTING ENCODER-DECODER CNN FOR INVERSE PROBLEMS | OpenReview,3,0.11416320447396226,0.1377245508982036,0.17020762832281155,0.2094240837696335,0.5377926727135977,0.6031219363212585,0.4816935062408447,0.5595855712890625
Boosting Network: Learn by Growing Filters and Layers via SplitLBI | OpenReview,3,0.15252820495787248,0.16996047430830039,0.16886598406818823,0.1968503937007874,0.6373846332232157,0.6959471702575684,0.5917774438858032,0.648108720779419
Bootstrapping the Expressivity with Model-based Planning | OpenReview,3,0.13176316169941016,0.1490066225165563,0.1647991334082959,0.17194570135746606,0.5351202587286631,0.6267327666282654,0.5051066676775614,0.5277310609817505
BOSH: An Efficient Meta Algorithm for Decision-based Attacks | OpenReview,2,0.11326244927490642,0.13253012048192772,0.12899616368286446,0.1329923273657289,0.5922586023807526,0.6370663642883301,0.5502052903175354,0.5542786121368408
Bounds on Over-Parameterization for Guaranteed Existence of Descent Paths in Shallow ReLU Networks | OpenReview,2,0.14683833116036504,0.15384615384615385,0.16942596876807403,0.17813765182186234,0.6619373857975006,0.6942315101623535,0.7240494191646576,0.7316934466362
Branched Multi-Task Networks: Deciding What Layers To Share | OpenReview,3,0.12384382664581761,0.13924050632911392,0.17213719878893452,0.17777777777777778,0.5880210200945536,0.6241652369499207,0.5721761186917623,0.6464919447898865
BREAKING CERTIFIED DEFENSES: SEMANTIC ADVERSARIAL EXAMPLES WITH SPOOFED ROBUSTNESS CERTIFICATES | OpenReview,3,0.13461226350581262,0.14634146341463414,0.1464784613267272,0.18497109826589594,0.5328815082708994,0.6714519262313843,0.5797814726829529,0.6258286237716675
BRIDGING ADVERSARIAL SAMPLES AND ADVERSARIAL NETWORKS | OpenReview,3,0.1533188011234101,0.1610738255033557,0.16782526087037164,0.17134831460674158,0.7735370000203451,0.8149207830429077,0.6702540119489034,0.7174229621887207
Bridging Mode Connectivity in Loss Landscapes and Adversarial Robustness | OpenReview,3,0.10913564400907494,0.13261648745519714,0.15603568654997527,0.1827956989247312,0.713874876499176,0.7669425010681152,0.6729668974876404,0.7059310674667358
Budgeted Training: Rethinking Deep Neural Network Training Under Resource Constraints | OpenReview,3,0.12256039313033758,0.13220338983050847,0.18100398053958425,0.19548872180451127,0.5498935878276825,0.6581666469573975,0.5887296001116434,0.6859946250915527
Building Deep Equivariant Capsule Networks | OpenReview,2,0.11312631364838294,0.11661807580174927,0.12461106519519666,0.13355048859934854,0.6100339591503143,0.6591209769248962,0.6474742889404297,0.722654402256012
BUZz: BUffer Zones for defending adversarial examples in image classification | OpenReview,3,0.12899495499589445,0.14429530201342283,0.1421210825470017,0.156794425087108,0.524124393860499,0.6211737394332886,0.4888785282770793,0.5096337199211121
"Calibration, Entropy Rates, and Memory in Language Models | OpenReview",3,0.1331437518862806,0.16853932584269662,0.13197400102635984,0.14906832298136646,0.6051315863927206,0.734856128692627,0.5357257823149363,0.6050125360488892
CAN ALTQ LEARN FASTER: EXPERIMENTS AND THEORY | OpenReview,3,0.12144810968251607,0.13089005235602094,0.1568115399016641,0.21232876712328766,0.6802794138590494,0.7076122164726257,0.715796947479248,0.7785993814468384
Can gradient clipping mitigate label noise? | OpenReview,3,0.16238867340031543,0.19704433497536947,0.15772047022545627,0.17222222222222222,0.7114190657933553,0.7585922479629517,0.7292060653368632,0.7510543465614319
Can I Trust the Explainer? Verifying Post-Hoc Explanatory Methods | OpenReview,3,0.11911061986423722,0.1328125,0.14229192652726788,0.1498371335504886,0.6484969059626261,0.7363120317459106,0.6181366046269735,0.6632651090621948
CAPACITY-LIMITED REINFORCEMENT LEARNING: APPLICATIONS IN DEEP ACTOR-CRITIC METHODS FOR CONTINUOUS CONTROL | OpenReview,3,0.1090304724069968,0.12121212121212122,0.14179574464560626,0.17372881355932204,0.5340339342753092,0.6962836384773254,0.46439454952875775,0.5112882852554321
Capsules with Inverted Dot-Product Attention Routing | OpenReview,3,0.12133171364822742,0.13149847094801223,0.15380627875822706,0.15677966101694915,0.6753175059954325,0.6992418169975281,0.756513754526774,0.8315048217773438
CaptainGAN: Navigate Through Embedding Space For Better Text Generation | OpenReview,3,0.11161485385547221,0.12749003984063745,0.12015888801897816,0.14074074074074075,0.6405862967173258,0.7787048816680908,0.6073243021965027,0.6478400826454163
CAQL: Continuous Action Q-Learning | OpenReview,2,0.14551994172281918,0.15263157894736842,0.1323205036060373,0.14012738853503184,0.6432918608188629,0.7378503084182739,0.5601502060890198,0.6020861268043518
"Carpe Diem, Seize the Samples Uncertain *at the Moment* for Adaptive Batch Selection | OpenReview",3,0.1255217171377383,0.14754098360655737,0.1711244557657163,0.18359375,0.589247981707255,0.6322768330574036,0.5232844849427541,0.591047465801239
Cascade Style Transfer | OpenReview,3,0.1379883995722648,0.16037735849056603,0.16391604445621066,0.17803030303030304,0.7130967775980631,0.740867018699646,0.620946447054545,0.7085992097854614
CAT: Compression-Aware Training for bandwidth reduction | OpenReview,3,0.12097216473455774,0.15086206896551724,0.1693482326393719,0.19047619047619047,0.5820401112238566,0.6589332818984985,0.5813474655151367,0.6948662996292114
CATER: A diagnostic dataset for Compositional Actions & TEmporal Reasoning | OpenReview,3,0.14449907134272919,0.16666666666666666,0.15463041546632875,0.16988416988416988,0.7778912385304769,0.7981042861938477,0.7956284284591675,0.817863941192627
Causal Discovery with Reinforcement Learning | OpenReview,3,0.12502432672729005,0.134185303514377,0.1327042682387535,0.15822784810126583,0.6309714913368225,0.6899921298027039,0.6290281812349955,0.6879324316978455
Causal Induction from Visual Observations for Goal Directed Tasks | OpenReview,3,0.11077445023302283,0.12987012987012986,0.0878850419137754,0.0935672514619883,0.6317877372105917,0.6878469586372375,0.4799448847770691,0.5431911945343018
Causally Correct Partial Models for Reinforcement Learning | OpenReview,4,0.13174071638676574,0.15920398009950248,0.14393736785160108,0.16666666666666666,0.5948694944381714,0.6280548572540283,0.5486216396093369,0.5825875401496887
CEB Improves Model Robustness | OpenReview,3,0.12864505894434664,0.13382899628252787,0.17966124529150043,0.18900343642611683,0.6959330836931864,0.7545372843742371,0.6319881081581116,0.7209854125976562
Certifiably Robust Interpretation in Deep Learning | OpenReview,3,0.12610587980958352,0.1331168831168831,0.13069369756622484,0.13953488372093023,0.515038271745046,0.6111786365509033,0.6256439685821533,0.6374639272689819
Certified Defenses for Adversarial Patches | OpenReview,3,0.1262758381101268,0.14356435643564355,0.14248932248895688,0.1482889733840304,0.6945188840230306,0.7557147741317749,0.6896724899609884,0.7443385124206543
Certified Robustness for Top-k Predictions against Adversarial Perturbations via Randomized Smoothing | OpenReview,3,0.14959135767099163,0.16065573770491803,0.12128278137066562,0.1411764705882353,0.5194011131922404,0.7142406105995178,0.4365900158882141,0.465920627117157
Certified Robustness to Adversarial Label-Flipping Attacks via Randomized Smoothing | OpenReview,3,0.11247097205287075,0.13973799126637554,0.1460022552420103,0.16115702479338842,0.6706632177035013,0.6883963346481323,0.5617396036783854,0.5841348171234131
Certifying Distributional Robustness using Lipschitz Regularisation | OpenReview,3,0.14146321513528454,0.17256637168141592,0.14096969363873277,0.15302491103202848,0.7335684498151144,0.7747498750686646,0.6385614275932312,0.6621849536895752
Certifying Neural Network Audio Classifiers | OpenReview,3,0.12467356601170804,0.13488372093023257,0.0829934741586454,0.12359550561797752,0.6753031810124716,0.7376999855041504,0.521765261888504,0.5665083527565002
CGT: Clustered Graph Transformer for Urban Spatio-temporal Prediction | OpenReview,3,0.11272431190290406,0.14925373134328357,0.14636312964602344,0.1522633744855967,0.4414850076039632,0.500247597694397,0.5209883252779642,0.5874567031860352
Chameleon: Adaptive Code Optimization For Expedited Deep Neural Network Compilation | OpenReview,3,0.16202541579844043,0.16532258064516128,0.15050719484361377,0.16374269005847952,0.6206648945808411,0.6927819848060608,0.5524700284004211,0.6187136173248291
Channel Equilibrium Networks | OpenReview,3,0.11703575355027636,0.13333333333333333,0.1477659446108938,0.164804469273743,0.6216197609901428,0.7746517062187195,0.5300189256668091,0.642398476600647
Characterize and Transfer Attention in Graph Neural Networks | OpenReview,3,0.13357708995054454,0.13656387665198239,0.11232919563764591,0.12690355329949238,0.769827644030253,0.836036205291748,0.6669060190518697,0.7192620635032654
Characterizing Missing Information in Deep Networks Using Backpropagated Gradients | OpenReview,3,0.12413921624970552,0.1532567049808429,0.14014389074989483,0.14450867052023122,0.5274195671081543,0.7043697834014893,0.4237513740857442,0.5936658382415771
Chart Auto-Encoders for Manifold Structured Data | OpenReview,3,0.10322969420890098,0.11406844106463879,0.1265573396384371,0.15384615384615385,0.6464741031328837,0.7208443880081177,0.6639787753423055,0.7171858549118042
Chordal-GCN: Exploiting sparsity in training large-scale graph convolutional networks | OpenReview,3,0.1237640053334698,0.1273209549071618,0.1267779104063185,0.13672922252010725,0.6510749657948812,0.7376667261123657,0.48097068071365356,0.5788495540618896
City Metro Network Expansion with Reinforcement Learning | OpenReview,3,0.11582980332271425,0.13478260869565217,0.11792491713075726,0.13725490196078433,0.6239644487698873,0.6501812934875488,0.6851821343104044,0.7210525274276733
CLAREL: classification via retrieval loss for zero-shot learning | OpenReview,3,0.11809727981345143,0.1419141914191419,0.16049137931904336,0.17391304347826086,0.6435595552126566,0.7495793700218201,0.5174379249413809,0.6145562529563904
Classification Attention for Chinese NER | OpenReview,3,0.14599375932709266,0.16117216117216118,0.14844181466494022,0.17174515235457063,0.7068158586819967,0.7396321892738342,0.589717964331309,0.6746401786804199
Classification-Based Anomaly Detection for General Data | OpenReview,3,0.11667790767694235,0.14122137404580154,0.12292659574698987,0.14241486068111456,0.7289732297261556,0.7526122331619263,0.6556833386421204,0.6671951413154602
CLEVRER: Collision Events for Video Representation and Reasoning | OpenReview,3,0.11958124246314233,0.14227642276422764,0.13548557387905089,0.15879828326180256,0.6584753195444742,0.7266961336135864,0.526597241560618,0.5924131870269775
CLN2INV: Learning Loop Invariants with Continuous Logic Networks | OpenReview,2,0.1287076787979315,0.14189189189189189,0.14755398110661266,0.15087719298245614,0.5236121863126755,0.5612004399299622,0.5655620098114014,0.5696372985839844
Closed loop deep Bayesian inversion: Uncertainty driven acquisition for fast MRI | OpenReview,4,0.10391192841978972,0.12779552715654952,0.12057298554565157,0.13924050632911392,0.6161305755376816,0.7307521104812622,0.5848803520202637,0.7216817140579224
CloudLSTM: A Recurrent Neural Model for Spatiotemporal Point-cloud Stream Forecasting | OpenReview,3,0.12615150633297303,0.14691943127962084,0.13274438685766454,0.1447084233261339,0.6614791949590048,0.7137718796730042,0.4421892662843068,0.5130460262298584
Clustered Reinforcement Learning | OpenReview,3,0.17984393585168781,0.19601328903654486,0.13779758980908405,0.15384615384615385,0.6862383882204691,0.7215064764022827,0.6114612420399984,0.6753839254379272
CM3: Cooperative Multi-goal Multi-stage Multi-agent Reinforcement Learning | OpenReview,3,0.14248214780129673,0.1746031746031746,0.1135822730346057,0.13090909090909092,0.6324380238850912,0.695282518863678,0.6184890270233154,0.6232771873474121
CNAS: Channel-Level Neural Architecture Search | OpenReview,4,0.17278795401520622,0.19213973799126638,0.12308217417387723,0.13333333333333333,0.6060453057289124,0.6792865991592407,0.6116445064544678,0.6730537414550781
Co-Attentive Equivariant Neural Networks: Focusing Equivariance On Transformations Co-Ocurring in Data | OpenReview,3,0.11837791672751248,0.13714285714285715,0.17847694266442934,0.2054380664652568,0.6044781605402628,0.6707606315612793,0.6829943060874939,0.7540410161018372
Coherent Gradients: An Approach to Understanding Generalization in Gradient Descent-based Optimization | OpenReview,3,0.11396305011505818,0.13692946058091288,0.16035193723507102,0.19469026548672566,0.593404213587443,0.6050025224685669,0.5289711554845175,0.560576319694519
Collaborative Filtering With A Synthetic Feedback Loop | OpenReview,3,0.1314428794403768,0.15639810426540285,0.13958571453248844,0.143646408839779,0.6246818900108337,0.6389405727386475,0.43935685356458026,0.48779773712158203
Collaborative Generated Hashing for Market Analysis and Fast Cold-start Recommendation | OpenReview,3,0.14150185399382162,0.15483870967741936,0.1409870641169854,0.15357142857142858,0.6943074067433676,0.725724458694458,0.43728868166605633,0.5021973252296448
Collaborative Inter-agent Knowledge Distillation for Reinforcement Learning | OpenReview,3,0.1355914024625681,0.15734265734265734,0.16122292537497904,0.18532818532818532,0.47167040904362995,0.5508463978767395,0.5386091470718384,0.6084573268890381
Collaborative Training of Balanced Random Forests for Open Set Domain Adaptation | OpenReview,3,0.13688199667435386,0.15246636771300448,0.15554805604314056,0.16201117318435754,0.7590733766555786,0.78436279296875,0.5052824219067892,0.5560165643692017
Collapsed amortized variational inference for switching nonlinear dynamical systems | OpenReview,3,0.0970677066918794,0.1,0.1732570394620256,0.1919191919191919,0.5053504705429077,0.5619684457778931,0.5143133600552877,0.5639902353286743
Coloring graph neural networks for node disambiguation | OpenReview,3,0.1209127856679403,0.12886597938144329,0.15686315031713968,0.18032786885245902,0.5908947189648946,0.6997450590133667,0.5864404837290446,0.6694042086601257
COMBINED FLEXIBLE ACTIVATION FUNCTIONS FOR DEEP NEURAL NETWORKS | OpenReview,3,0.1487242428701134,0.1700404858299595,0.13875297593935454,0.15481171548117154,0.5915447473526001,0.6223249435424805,0.5331946512063345,0.59086012840271
Combining graph and sequence information to learn protein representations | OpenReview,3,0.1382047877582516,0.1498371335504886,0.14605109061630803,0.16363636363636364,0.6333641211191813,0.6973496675491333,0.6232504645983378,0.6655770540237427
Combining MixMatch and Active Learning for Better Accuracy with Fewer Labels | OpenReview,3,0.15042383795808453,0.16,0.12463285842356935,0.1323529411764706,0.6558785637219747,0.7043229937553406,0.5499866306781769,0.6196654438972473
Combining Q-Learning and Search with Amortized Value Estimates | OpenReview,3,0.12092686495622999,0.14,0.12377997488427872,0.13615023474178403,0.6747418244679769,0.7480884790420532,0.6346156199773153,0.750781774520874
Comparing Fine-tuning and Rewinding in Neural Network Pruning | OpenReview,3,0.12853112598053254,0.15354330708661418,0.16287430515848245,0.2033195020746888,0.7894786397616068,0.8219097852706909,0.6923539042472839,0.7802640795707703
Composable Semi-parametric Modelling for Long-range Motion Generation | OpenReview,3,0.11389192581918557,0.12686567164179105,0.16100099937876455,0.18272425249169436,0.6611603101094564,0.6808865070343018,0.6592007676760355,0.6629472970962524
Composing Task-Agnostic Policies with Deep Reinforcement Learning | OpenReview,3,0.14999336686083672,0.17670682730923695,0.16994150296475877,0.18146718146718147,0.504619707663854,0.5679706335067749,0.5256110429763794,0.6555923223495483
Composition-based Multi-Relational Graph Convolutional Networks | OpenReview,3,0.12965043398022366,0.14215686274509803,0.15428767929542575,0.15609756097560976,0.7667522430419922,0.8003489971160889,0.7663464148839315,0.8046873807907104
Compositional Continual Language Learning | OpenReview,3,0.1289533660320177,0.1409090909090909,0.08412541247483561,0.08602150537634409,0.5891226728757223,0.6157533526420593,0.5476284623146057,0.6468002796173096
Compositional Embeddings: Joint Perception and Comparison of Class Label Sets | OpenReview,3,0.12437367548141746,0.1377952755905512,0.17385807729265587,0.2087378640776699,0.6401165127754211,0.6964870691299438,0.615932027498881,0.6920583844184875
Compositional languages emerge in a neural iterated learning model | OpenReview,3,0.13949861156615093,0.14396887159533073,0.13440812006018185,0.14468085106382977,0.7027982870737711,0.7456607818603516,0.6187524596850077,0.6440764665603638
Compositional Transfer in Hierarchical Reinforcement Learning | OpenReview,3,0.09337797065755281,0.10144927536231885,0.14740058901088068,0.16666666666666666,0.5393589735031128,0.6770395636558533,0.6199396451314291,0.6613600254058838
Compositional Visual Generation with Energy Based Models | OpenReview,3,0.10836721279000139,0.12612612612612611,0.11023667690334356,0.12467532467532468,0.5227877597014109,0.6775504350662231,0.33456483483314514,0.46059513092041016
Compressed Sensing with Deep Image Prior and Learned Regularization | OpenReview,4,0.10756845047777502,0.14150943396226415,0.1266089245196214,0.16201117318435754,0.6659239828586578,0.7387837767601013,0.5406168401241302,0.6267001628875732
Compressing BERT: Studying the Effects of Weight Pruning on Transfer Learning | OpenReview,3,0.16235559637554456,0.16342412451361868,0.19060556103198611,0.1975806451612903,0.7157931129137675,0.7833694815635681,0.7494831482569376,0.7940091490745544
Compression based bound for non-compressed network: unified generalization error analysis of large compressible deep neural network | OpenReview,3,0.1749683002084739,0.19457013574660634,0.16794144012338574,0.18807339449541285,0.6569950779279073,0.7013654112815857,0.537215918302536,0.5839868783950806
Compression without Quantization | OpenReview,4,0.1236861140188332,0.14225941422594143,0.1543778162353715,0.17768595041322313,0.6634133011102676,0.7287601828575134,0.648275226354599,0.6701425313949585
"Compressive Recovery Defense: A Defense Framework for $ell_0, ell_2$ and $ell_infty$ norm attacks. | OpenReview",3,0.1546222793610215,0.1722488038277512,0.14892124042440658,0.16494845360824742,0.5049039522806803,0.5770297050476074,0.5447143912315369,0.5799484252929688
Compressive Transformers for Long-Range Sequence Modelling | OpenReview,3,0.16558833255890862,0.18181818181818182,0.14866093889082393,0.16475095785440613,0.6281458338101705,0.6655107736587524,0.565021018187205,0.5974975824356079
Computation Reallocation for Object Detection | OpenReview,4,0.11914351818261562,0.15441176470588236,0.16127170581371794,0.1792452830188679,0.7061292082071304,0.7257124185562134,0.66469706594944,0.7098773717880249
Concise Multi-head Attention Models | OpenReview,3,0.14407940887198084,0.15469613259668508,0.16142875585073566,0.17898832684824903,0.6609768668810526,0.7869032025337219,0.6297413309415182,0.7093088626861572
Conditional Flow Variational Autoencoders for Structured Sequence Prediction | OpenReview,3,0.11935720000680931,0.14018691588785046,0.14052596482453947,0.14333333333333334,0.5204246441523234,0.6505234241485596,0.5242827335993449,0.6069339513778687
Conditional generation of molecules from disentangled representations | OpenReview,3,0.09156255344710353,0.10263929618768329,0.10730033771352175,0.11470588235294117,0.5398926138877869,0.5751711130142212,0.6351932485898336,0.7423614859580994
Conditional Invertible Neural Networks for Guided Image Generation | OpenReview,4,0.10070501683893407,0.11274509803921569,0.13072703259311616,0.1510791366906475,0.6407008320093155,0.7116934061050415,0.6513735055923462,0.7275058031082153
Conditional Learning of Fair Representations | OpenReview,3,0.1331495674281649,0.14332247557003258,0.13488252389036895,0.14007782101167315,0.563303271929423,0.631027102470398,0.6145211656888326,0.6856274008750916
CONFEDERATED MACHINE LEARNING ON HORIZONTALLY AND VERTICALLY SEPARATED MEDICAL DATA FOR LARGE-SCALE HEALTH SYSTEM INTELLIGENCE | OpenReview,3,0.10322822822822823,0.12179487179487179,0.13943970061142738,0.15483870967741936,0.6661760608355204,0.7455838918685913,0.6420625845591227,0.6663751602172852
Confidence Scores Make Instance-dependent Label-noise Learning Possible | OpenReview,3,0.1797835497835498,0.19555555555555557,0.1596992965973929,0.16428571428571428,0.6708150704701742,0.8309314250946045,0.5258079767227173,0.6592891216278076
Confidence-Calibrated Adversarial Training: Towards Robust Models Generalizing Beyond the Attack Used During Training | OpenReview,3,0.13487470212409047,0.15616438356164383,0.14359541331125755,0.16332378223495703,0.6553656856218973,0.7689217925071716,0.677882174650828,0.724931538105011
Connecting the Dots Between MLE and RL for Sequence Prediction | OpenReview,3,0.15418282388452012,0.1782608695652174,0.14998719814961817,0.16831683168316833,0.5817220409711202,0.6003104448318481,0.5098915497461954,0.5879696607589722
Connectivity-constrained interactive annotations for panoptic segmentation | OpenReview,4,0.1473232582773561,0.16285714285714287,0.1434699889191077,0.16272189349112426,0.6394039690494537,0.6922839879989624,0.6652422547340393,0.7169812321662903
ConQUR: Mitigating Delusional Bias in Deep Q-Learning | OpenReview,3,0.1295855363418581,0.1349206349206349,0.1718336807872013,0.17962466487935658,0.7174321413040161,0.762578010559082,0.6811894575754801,0.6938564777374268
Conservative Uncertainty Estimation By Fitting Prior Networks | OpenReview,3,0.13367910387075752,0.15467625899280577,0.15272662539079154,0.15867158671586715,0.7039627432823181,0.7260300517082214,0.5739295482635498,0.6552377939224243
Consistency Regularization for Generative Adversarial Networks | OpenReview,3,0.13013612610349748,0.15217391304347827,0.11068303116233398,0.13991769547325103,0.7531028588612875,0.7607908844947815,0.6644227504730225,0.7274036407470703
Consistency-Based Semi-Supervised Active Learning: Towards Minimizing Labeling Budget | OpenReview,2,0.14315852923447858,0.14345991561181434,0.16081336696090792,0.16393442622950818,0.7614448070526123,0.7639892101287842,0.7931484878063202,0.8521394729614258
Consistent Meta-Reinforcement Learning via Model Identification and Experience Relabeling | OpenReview,3,0.13848135388014304,0.14324324324324325,0.1600411849573327,0.1681159420289855,0.6299150188763937,0.6755561828613281,0.4993373950322469,0.5212292075157166
Constant Curvature Graph Convolutional Networks | OpenReview,3,0.11898716823252427,0.1278409090909091,0.17185867274774125,0.2,0.6286025643348694,0.6774774789810181,0.5988528529802958,0.619897186756134
Constant Time Graph Neural Networks | OpenReview,3,0.1433309845916766,0.1589958158995816,0.1916822341495519,0.205761316872428,0.5396722555160522,0.5821813344955444,0.540320614973704,0.5795568823814392
Constrained Markov Decision Processes via Backward Value Functions | OpenReview,3,0.12704529775052922,0.13744075829383887,0.17031362899603572,0.1893491124260355,0.6723793148994446,0.7426189184188843,0.6429594159126282,0.7434030175209045
Context Based Machine Translation With Recurrent Neural Network For English-Amharic Translation | OpenReview,3,0.1508548708552325,0.17916666666666667,0.14218645204560695,0.14285714285714285,0.7449674208958944,0.7968027591705322,0.4352036913235982,0.45376691222190857
Context-aware Attention Model for Coreference Resolution | OpenReview,3,0.10428364738709567,0.1625615763546798,0.1180538871033302,0.17370892018779344,0.5056574394305547,0.7399876117706299,0.5341537098089854,0.7235797643661499
Context-Aware Object Detection With Convolutional Neural Networks | OpenReview,3,0.13398751203629253,0.15873015873015872,0.1437429115010753,0.16194331983805668,0.7621315916379293,0.8193961381912231,0.7141078114509583,0.7530555725097656
Contextual Inverse Reinforcement Learning | OpenReview,3,0.15079397484089566,0.15615615615615616,0.14993992257150154,0.16216216216216217,0.7101526657740275,0.7897636890411377,0.6380590001742045,0.706636905670166
Contextual Temperature for Language Modeling | OpenReview,3,0.1117683402635069,0.13218390804597702,0.1488583317584602,0.17297297297297298,0.6699077486991882,0.7346063256263733,0.698564330736796,0.7385327816009521
Contextual Text Style Transfer | OpenReview,3,0.1555988419162432,0.17488789237668162,0.18675284286594598,0.19935691318327975,0.653272827466329,0.7221390008926392,0.7152796785036722,0.7819828987121582
Continual Deep Learning by Functional Regularisation of Memorable Past | OpenReview,3,0.12922136499591663,0.14859437751004015,0.10888468511412819,0.13170731707317074,0.5064255694548289,0.5444649457931519,0.4090803762276967,0.6870362162590027
Continual Density Ratio Estimation (CDRE): A new method for evaluating generative models in continual learning | OpenReview,3,0.1528848630432419,0.1651376146788991,0.12148136561174512,0.14007782101167315,0.6468633413314819,0.7358453273773193,0.5482706427574158,0.5960502624511719
Continual Learning using the SHDL Framework with Skewed Replay Distributions | OpenReview,3,0.13751285023731927,0.15,0.14555317949582638,0.1728395061728395,0.6072618166605631,0.7246237993240356,0.6654824813206991,0.7616798877716064
Continual Learning via Neural Pruning | OpenReview,3,0.12015716374269005,0.140625,0.14338279669852952,0.1544502617801047,0.6383931636810303,0.6701663732528687,0.728059987227122,0.8211578726768494
Continual Learning via Principal Components Projection | OpenReview,3,0.12610177896237526,0.14027149321266968,0.14999296125710293,0.16199376947040497,0.6068379580974579,0.757966160774231,0.608180562655131,0.707812488079071
Continual Learning with Adaptive Weights (CLAW) | OpenReview,3,0.1343974865713996,0.15,0.15864434318209772,0.19047619047619047,0.7215037743250529,0.737284779548645,0.6188744306564331,0.6340681314468384
Continual Learning with Bayesian Neural Networks for Non-Stationary Data | OpenReview,3,0.11767690312940836,0.13059701492537312,0.13310060915122457,0.13733905579399142,0.718145509560903,0.7755864858627319,0.6262420614560446,0.6961873769760132
Continual Learning with Delayed Feedback | OpenReview,3,0.12403337403337404,0.1423611111111111,0.15274630623467833,0.15555555555555556,0.6014348665873209,0.6207829713821411,0.6529756784439087,0.6891415119171143
Continual Learning with Gated Incremental Memories for Sequential Data Processing | OpenReview,3,0.1566361556064073,0.19285714285714287,0.16196093559629163,0.17682926829268292,0.6986842751502991,0.7442891597747803,0.5341557959715525,0.554206132888794
Continual learning with hypernetworks | OpenReview,3,0.1371490036231884,0.16796875,0.17044900517998074,0.1780821917808219,0.7756540775299072,0.8089251518249512,0.7147419651349386,0.7663784027099609
Continuous Adaptation in Multi-agent Competitive Environments | OpenReview,2,0.1125349487418453,0.12162162162162163,0.16185902377355,0.17770034843205576,0.6351667642593384,0.6742585897445679,0.5032224059104919,0.5577681064605713
"Continuous Control with Contexts, Provably | OpenReview",3,0.1577293050079422,0.1856060606060606,0.15224807746607538,0.17142857142857143,0.6042479475339254,0.6758043169975281,0.620046079158783,0.7286403179168701
Continuous Convolutional Neural Network forNonuniform Time Series | OpenReview,3,0.1326956802543657,0.15343915343915343,0.18814064982896986,0.2088607594936709,0.6185638507207235,0.8177738189697266,0.619790514310201,0.7105894088745117
Continuous Graph Flow | OpenReview,3,0.11307763767695352,0.1183206106870229,0.17788126482860359,0.1853146853146853,0.6390691598256429,0.6788367033004761,0.657507320245107,0.7118192315101624
Continuous Meta-Learning without Tasks | OpenReview,3,0.1233560646944349,0.12727272727272726,0.14646151461127044,0.16494845360824742,0.6641993125279745,0.723296582698822,0.6072705984115601,0.6373170018196106
Contrastive Learning of Structured World Models | OpenReview,3,0.11739354562383138,0.1517509727626459,0.11995989692007498,0.1346153846153846,0.5582074721654257,0.5790016651153564,0.5737868348757426,0.6319066882133484
Contrastive Multiview Coding | OpenReview,3,0.13291824999680135,0.14201183431952663,0.12915287044157012,0.1450381679389313,0.521204670270284,0.6341193914413452,0.5326137940088908,0.6715530157089233
Contrastive Representation Distillation | OpenReview,3,0.11098993577937351,0.11518324607329843,0.178871587865711,0.19095477386934673,0.5790153741836548,0.6256470084190369,0.6140707929929098,0.700729250907898
CONTRIBUTION OF INTERNAL REFLECTION IN LANGUAGE EMERGENCE WITH AN UNDER-RESTRICTED SITUATION | OpenReview,2,0.13029578372511108,0.13440860215053763,0.1358468286099865,0.15064102564102563,0.527610257267952,0.6174207925796509,0.311632975935936,0.31894800066947937
Controlling generative models with continuous factors of variations | OpenReview,3,0.12263835372667399,0.14558472553699284,0.07886479090659088,0.09561752988047809,0.5448843638102213,0.6095225811004639,0.5088369647661845,0.5482006072998047
Convergence Analysis of a Momentum Algorithm with Adaptive Step Size for Nonconvex Optimization | OpenReview,3,0.11593829044179975,0.128,0.11739322056401086,0.12077294685990338,0.6542838215827942,0.7292258739471436,0.6621699929237366,0.7438563108444214
Convergence Behaviour of Some Gradient-Based Methods on Bilinear Zero-Sum Games | OpenReview,3,0.14693857231031857,0.1607843137254902,0.13992117117117117,0.14714714714714713,0.6446113785107931,0.6820382475852966,0.5901828010876974,0.6151578426361084
Convolutional Bipartite Attractor Networks | OpenReview,3,0.12637523227138375,0.13138686131386862,0.13429101452340667,0.14666666666666667,0.6636317769686381,0.7135190367698669,0.5386414527893066,0.6393454074859619
Convolutional Conditional Neural Processes | OpenReview,3,0.11621059835345549,0.12612612612612611,0.12575634436332378,0.13839285714285715,0.6036112507184347,0.6575350761413574,0.508186399936676,0.5437338352203369
Convolutional Tensor-Train LSTM for Long-Term Video Prediction | OpenReview,3,0.13939280359820092,0.16810344827586207,0.1657509815538271,0.19196428571428573,0.6497707366943359,0.6884405612945557,0.6875622868537903,0.6923720836639404
Coordinated Exploration via Intrinsic Rewards for Multi-Agent Reinforcement Learning | OpenReview,3,0.12751414468232028,0.15867158671586715,0.15765927828621326,0.17366946778711484,0.7212499777475992,0.7934672832489014,0.6514573693275452,0.7010741233825684
COPHY: Counterfactual Learning of Physical Dynamics | OpenReview,3,0.12354037585938642,0.12831858407079647,0.12337756120251787,0.12824956672443674,0.602363258600235,0.7196145057678223,0.5608689288298289,0.6537853479385376
Copy That! Editing Sequences by Copying Spans | OpenReview,3,0.14179818020731383,0.16071428571428573,0.16196652771705625,0.17216117216117216,0.6838996807734171,0.7483031153678894,0.7294714252154032,0.7900035381317139
Coresets for Accelerating Incremental Gradient Methods | OpenReview,3,0.10349822989305012,0.12021857923497267,0.15551547828993664,0.16758241758241757,0.5927879015604655,0.6751899123191833,0.5828134417533875,0.6424917578697205
Corpus Based Amharic Sentiment Lexicon Generation | OpenReview,3,0.12968349291336048,0.13529411764705881,0.1674078188053066,0.18834080717488788,0.7640746434529623,0.798511266708374,0.8055526812871298,0.8464743494987488
Cost-Effective Testing of a Deep Learning Model through Input Reduction | OpenReview,3,0.13780021736274498,0.16129032258064516,0.13353652520319184,0.1488095238095238,0.389662504196167,0.43220484256744385,0.43547170360883075,0.5080234408378601
Count-guided Weakly Supervised Localization Based on Density Map | OpenReview,3,0.1112859893182695,0.11567164179104478,0.13278019653969486,0.15807560137457044,0.552984615166982,0.5802871584892273,0.5645532011985779,0.589564323425293
Counterfactual Regularization for Model-Based Reinforcement Learning | OpenReview,3,0.13179963906949618,0.15254237288135594,0.17347547305174424,0.18412698412698414,0.6187803546587626,0.7639079093933105,0.5174458424250284,0.5383803844451904
Counterfactuals uncover the modular structure of deep generative models | OpenReview,3,0.10980102964000026,0.12941176470588237,0.13502666590997398,0.14144736842105263,0.49392245213190716,0.710402250289917,0.5137576758861542,0.6702823638916016
Cover Filtration and Stable Paths in the Mapper | OpenReview,2,0.1285609102369879,0.16423357664233576,0.11644947760497183,0.13523131672597866,0.6663455665111542,0.6910673975944519,0.6094946563243866,0.6373835802078247
CP-GAN: Towards a Better Global Landscape of GANs | OpenReview,3,0.12375036326262767,0.13617021276595745,0.1710102655672087,0.18376068376068377,0.6540160775184631,0.6802443265914917,0.7429911295572916,0.8048079013824463
Crafting Data-free Universal Adversaries with Dilate Loss | OpenReview,4,0.15320526384322408,0.17307692307692307,0.16399194336399225,0.1935483870967742,0.6734286099672318,0.6844834685325623,0.6417912095785141,0.714404284954071
"Credible Sample Elicitation by Deep Learning, for Deep Learning | OpenReview",2,0.1278149726110773,0.16129032258064516,0.12429323769829731,0.14917127071823205,0.5527254939079285,0.6076328754425049,0.2675517499446869,0.28230786323547363
Critical initialisation in continuous approximations of binary neural networks | OpenReview,3,0.11325682635444523,0.1336405529953917,0.14814261119987768,0.17509727626459143,0.6468387842178345,0.7880455255508423,0.628702720006307,0.8133940696716309
CRNet: Image Super-Resolution Using A Convolutional Sparse Coding Inspired Network | OpenReview,3,0.13373003730255872,0.1368421052631579,0.11977341703722706,0.14792899408284024,0.6430156032244364,0.7079648971557617,0.561030258735021,0.6646602153778076
Cross Domain Imitation Learning | OpenReview,3,0.12135044401126273,0.13596491228070176,0.16281865209102456,0.17772511848341233,0.7542183001836141,0.7974998950958252,0.6865635315577189,0.7314053177833557
"Cross-Dimensional Self-Attention for Multivariate, Geo-tagged Time Series Imputation | OpenReview",3,0.15759451516774467,0.17592592592592593,0.12271930617358774,0.1834319526627219,0.6137373447418213,0.7851035594940186,0.4112815856933594,0.45625361800193787
CROSS-DOMAIN CASCADED DEEP TRANSLATION | OpenReview,3,0.14273834835847685,0.16176470588235295,0.15048789843063903,0.1797752808988764,0.6075584689776102,0.70475172996521,0.6273477673530579,0.6976330280303955
Cross-Domain Few-Shot Classification via Learned Feature-Wise Transformation | OpenReview,3,0.16401283054858243,0.18333333333333332,0.13129534737733398,0.15254237288135594,0.7267835140228271,0.7838205099105835,0.6823810736338297,0.7348285913467407
Cross-Iteration Batch Normalization | OpenReview,3,0.15161273141714407,0.1791044776119403,0.15466674010562972,0.17142857142857143,0.7275822758674622,0.840723991394043,0.7337954243024191,0.7767884135246277
Cross-Lingual Ability of Multilingual BERT: An Empirical Study | OpenReview,3,0.13945354608476285,0.14864864864864866,0.15963023130755896,0.16044776119402984,0.7478519082069397,0.7948294281959534,0.6783627271652222,0.708773136138916
Cross-lingual Alignment vs Joint Training: A Comparative Study and A Simple Unified Framework | OpenReview,3,0.1031431433589074,0.11147540983606558,0.16859585268904745,0.17834394904458598,0.7547935446103414,0.8161402344703674,0.7582972844441732,0.8029430508613586
CrossNorm: On Normalization for Off-Policy Reinforcement Learning | OpenReview,3,0.14031686423584197,0.1836734693877551,0.1310843075054196,0.1419141914191419,0.6789852976799011,0.8253230452537537,0.5828233559926351,0.5924948453903198
Curriculum Learning for Deep Generative Models with Clustering | OpenReview,2,0.13798147245246223,0.14285714285714285,0.18092343320306847,0.19858156028368795,0.5352160334587097,0.5550726056098938,0.48967236280441284,0.4982324242591858
Curriculum Loss: Robust Learning and Generalization against Label Corruption | OpenReview,3,0.13787243252949152,0.17010309278350516,0.16222825852365202,0.17326732673267325,0.6839392781257629,0.7423864006996155,0.5267330209414164,0.5567055344581604
CURSOR-BASED ADAPTIVE QUANTIZATION FOR DEEP NEURAL NETWORK | OpenReview,3,0.1282373645713029,0.13636363636363635,0.09948077631293177,0.11538461538461539,0.6732297937075297,0.7408959865570068,0.630773683389028,0.6821816563606262
Curvature Graph Network | OpenReview,3,0.12847555081776582,0.1330049261083744,0.15694217223358328,0.17,0.6645594636599222,0.7302558422088623,0.42152710755666095,0.49990636110305786
Curvature-based Robustness Certificates against Adversarial Examples | OpenReview,3,0.15295564326572078,0.19767441860465115,0.13023636845387995,0.15813953488372093,0.7550464471181234,0.8200868368148804,0.6722757816314697,0.7258816361427307
Customizing Sequence Generation with Multi-Task Dynamical Systems | OpenReview,3,0.1511368855947525,0.18502202643171806,0.16889385856415254,0.19230769230769232,0.6087731719017029,0.7327529788017273,0.626003752152125,0.7294390201568604
Cyclic Graph Dynamic Multilayer Perceptron for Periodic Signals | OpenReview,4,0.13706111397746662,0.16666666666666666,0.17839191871080418,0.196,0.6022230759263039,0.7485046982765198,0.5695213302969933,0.6462264060974121
Cyclical Stochastic Gradient MCMC for Bayesian Deep Learning | OpenReview,3,0.14902884451271547,0.16444444444444445,0.14215998456120038,0.15425531914893617,0.6084527174631754,0.8108693361282349,0.540421058734258,0.7020837664604187
CZ-GEM: A FRAMEWORK FOR DISENTANGLED REPRESENTATION LEARNING | OpenReview,3,0.12922774012562277,0.1588785046728972,0.13065708993066463,0.14835164835164835,0.5146949489911398,0.5833784341812134,0.6039230624834696,0.6435055732727051
D3PG: Deep Differentiable Deterministic Policy Gradients | OpenReview,3,0.11411076435007828,0.12396694214876033,0.13744828496816408,0.15028901734104047,0.5780694484710693,0.6126813888549805,0.3697751462459564,0.46610382199287415
DASGrad: Double Adaptive Stochastic Gradient | OpenReview,3,0.13032217245584118,0.1388888888888889,0.1699772952626569,0.17297297297297298,0.7545251051584879,0.7775355577468872,0.7270389993985494,0.7628417015075684
Data Augmentation in Training CNNs: Injecting Noise to Images | OpenReview,3,0.16314270608267034,0.1709090909090909,0.15288177429457192,0.1631578947368421,0.7033952673276266,0.8224767446517944,0.6370144486427307,0.7169845104217529
Data augmentation instead of explicit regularization | OpenReview,3,0.1466933488834564,0.17901234567901234,0.11251436546931125,0.15671641791044777,0.7569910685221354,0.8030091524124146,0.7106914718945821,0.7842373847961426
Data Valuation using Reinforcement Learning | OpenReview,3,0.14097458385537856,0.16216216216216217,0.16174431220023924,0.16326530612244897,0.5825028121471405,0.720263659954071,0.561834841966629,0.693509578704834
Data-dependent Gaussian Prior Objective for Language Generation | OpenReview,3,0.11793589316630104,0.13821138211382114,0.12597827114957202,0.14150943396226415,0.4790482521057129,0.5295326709747314,0.4716719587643941,0.5708485841751099
Data-Driven Approach to Encoding and Decoding 3-D Crystal Structures | OpenReview,3,0.12517676235178687,0.13705583756345177,0.1529051008140093,0.19678714859437751,0.7188273866971334,0.7614280581474304,0.5043680270512899,0.5909451246261597
Data-Efficient Image Recognition with Contrastive Predictive Coding | OpenReview,4,0.14257586174357315,0.15611814345991562,0.13280835772555916,0.15481171548117154,0.6076062619686127,0.6844916939735413,0.6420699208974838,0.6925178170204163
Data-Independent Neural Pruning via Coresets | OpenReview,3,0.13226793036230422,0.16666666666666666,0.16437629075180596,0.19823788546255505,0.5962826609611511,0.6846240162849426,0.5389634768168131,0.6463658213615417
DBA: Distributed Backdoor Attacks against Federated Learning | OpenReview,3,0.12684463785288613,0.12980769230769232,0.16388334586306189,0.16927899686520376,0.6538724700609843,0.675378143787384,0.7414697607358297,0.8194196224212646
DDSP: Differentiable Digital Signal Processing | OpenReview,3,0.10115146864799297,0.11594202898550725,0.13547202131709177,0.15492957746478872,0.534869372844696,0.5964680910110474,0.39766864975293476,0.41823631525039673
Decaying momentum helps neural network training | OpenReview,3,0.12671753074846584,0.15139442231075698,0.14172098947796583,0.14832535885167464,0.7015315691630045,0.766452968120575,0.6400994658470154,0.7230631113052368
Decentralized Deep Learning with Arbitrary Communication Compression | OpenReview,3,0.13226966636057547,0.14049586776859505,0.17738315398771753,0.19555555555555557,0.5010484059651693,0.5633889436721802,0.6624710957209269,0.7587257623672485
Decentralized Distributed PPO: Mastering PointGoal Navigation | OpenReview,3,0.13353899720578963,0.16455696202531644,0.1592885912233262,0.18627450980392157,0.5428414742151896,0.6099966764450073,0.5411051313082377,0.591294527053833
Deceptive Opponent Modeling with Proactive Network Interdiction for Stochastic Goal Recognition Control | OpenReview,3,0.11520964975137342,0.14534883720930233,0.13160387840250187,0.16574585635359115,0.5832072893778483,0.6346285343170166,0.397800475358963,0.4937525689601898
Decoding As Dynamic Programming For Recurrent Autoregressive Models | OpenReview,3,0.1228690745014351,0.13486842105263158,0.15664721356220074,0.16722408026755853,0.4761587878068288,0.6601660251617432,0.4962210456530253,0.5609411001205444
Decoupling Adaptation from Modeling with Meta-Optimizers for Meta Learning | OpenReview,3,0.13927213605529135,0.1532258064516129,0.13542467698813543,0.1383399209486166,0.6317133704821268,0.7190567255020142,0.6381004651387533,0.7088378667831421
Decoupling Hierarchical Recurrent Neural Networks With Locally Computable Losses | OpenReview,3,0.1283722073870209,0.14745308310991956,0.16259451843942968,0.17679558011049723,0.6290063261985779,0.6891961097717285,0.6900287469228109,0.70270174741745
Decoupling Representation and Classifier for Long-Tailed Recognition | OpenReview,3,0.1426910420616205,0.14583333333333334,0.18686946994128836,0.1896551724137931,0.6779551307360331,0.7744543552398682,0.6203261613845825,0.7397342920303345
Decoupling Weight Regularization from Batch Size for Model Compression | OpenReview,3,0.149432346207897,0.1695906432748538,0.12756432979758042,0.14516129032258066,0.6348035931587219,0.7105845808982849,0.547634075085322,0.6652066707611084
Deep 3D Pan via Local adaptive *t-shaped* convolutions with global and local adaptive dilations | OpenReview,3,0.10699848728834237,0.12,0.137854542147711,0.15668202764976957,0.6739588379859924,0.7302565574645996,0.6006390253702799,0.6381643414497375
Deep amortized clustering | OpenReview,3,0.1145803384892569,0.12121212121212122,0.13266800417930927,0.14746543778801843,0.754444400469462,0.7900773882865906,0.7185324629147848,0.7553867101669312
Deep Audio Prior | OpenReview,3,0.11060684662351694,0.11246200607902736,0.15564654392886038,0.16608996539792387,0.6337546507517496,0.6478222608566284,0.5695786078770956,0.5862032175064087
Deep Audio Priors Emerge From Harmonic Convolutional Networks | OpenReview,3,0.14782419347540834,0.15849056603773584,0.16531859738612364,0.1968503937007874,0.7083723942438761,0.7815276384353638,0.5753055214881897,0.5939315557479858
Deep Auto-Deferring Policy for Combinatorial Optimization | OpenReview,3,0.11886493749424458,0.1258741258741259,0.16099626714121604,0.16748768472906403,0.6295036673545837,0.6678382158279419,0.6458723147710165,0.653929591178894
Deep automodulators | OpenReview,3,0.10962466292983303,0.12595419847328243,0.13153835737469294,0.1417624521072797,0.4086112827062607,0.5484135746955872,0.49744964639345807,0.5862185955047607
"Deep Batch Active Learning by Diverse, Uncertain Gradient Lower Bounds | OpenReview",3,0.12844451226992948,0.14335664335664336,0.09938560686401428,0.11965811965811966,0.601037859916687,0.6789206266403198,0.572679360707601,0.6739755868911743
Deep Bayesian Structure Networks | OpenReview,3,0.1356207072559909,0.15894039735099338,0.13022663496359846,0.14397905759162305,0.6322122613588969,0.68172287940979,0.4603201945622762,0.4845264256000519
Deep Coordination Graphs | OpenReview,3,0.15680519862729334,0.17857142857142858,0.1678265431019409,0.19069767441860466,0.5919665495554606,0.7093712091445923,0.6345004836718241,0.6886696815490723
Deep Double Descent: Where Bigger Models and More Data Hurt | OpenReview,3,0.12260651739984114,0.14473684210526316,0.10179953132599373,0.11904761904761904,0.6192731857299805,0.6662932634353638,0.3553512891133626,0.447395920753479
Deep End-to-end Unsupervised Anomaly Detection | OpenReview,3,0.1307566296812063,0.1504424778761062,0.12506157236373064,0.1474820143884892,0.605421801408132,0.6290613412857056,0.699087917804718,0.7908424139022827
Deep Ensembles: A Loss Landscape Perspective | OpenReview,3,0.10681912334991073,0.12542372881355932,0.14325901797069662,0.16463414634146342,0.617631733417511,0.7059478163719177,0.6668950517972311,0.729204535484314
Deep Evidential Uncertainty | OpenReview,3,0.11616715399610135,0.12280701754385964,0.13810324669339227,0.1726027397260274,0.7063738306363424,0.7567402124404907,0.42519455154736835,0.4764617085456848
Deep Expectation-Maximization in Hidden Markov Models via Simultaneous Perturbation Stochastic Approximation | OpenReview,2,0.1291900500530866,0.13157894736842105,0.0797420969834763,0.08424908424908426,0.5751449465751648,0.5972012281417847,0.5234277695417404,0.5819287300109863
Deep exploration by novelty-pursuit with maximum state entropy | OpenReview,3,0.1179979029250956,0.1296928327645051,0.13585326230684955,0.14705882352941177,0.7756529649098715,0.8342330455780029,0.68915194272995,0.750357449054718
Deep Generative Classifier for Out-of-distribution Sample Detection | OpenReview,3,0.12863077697161232,0.14163090128755365,0.10443436633912824,0.11224489795918367,0.6679546038309733,0.6959633827209473,0.44394699732462567,0.46984148025512695
Deep geometric matrix completion: Are we doing it right? | OpenReview,3,0.14817167552406404,0.16838487972508592,0.18905855574274377,0.20205479452054795,0.654762327671051,0.7398267984390259,0.5616893966992696,0.6095981597900391
Deep Gradient Boosting -- Layer-wise Input Normalization of Neural Networks | OpenReview,3,0.12608879921132884,0.14871794871794872,0.15408386614008276,0.16071428571428573,0.5647542277971903,0.6710105538368225,0.6114100813865662,0.6726464033126831
Deep Graph Matching Consensus | OpenReview,3,0.11805010661588866,0.14855072463768115,0.1597562389734978,0.17391304347826086,0.6355841755867004,0.806958794593811,0.30311039090156555,0.3379117250442505
DEEP GRAPH SPECTRAL EVOLUTION NETWORKS FOR GRAPH TOPOLOGICAL TRANSFORMATION | OpenReview,2,0.1001984126984127,0.1111111111111111,0.14311557102873917,0.16342412451361868,0.7136088907718658,0.7235040664672852,0.6990600824356079,0.7036424875259399
Deep Graph Translation | OpenReview,3,0.12029095823265788,0.145,0.17179898077835287,0.17647058823529413,0.6629545489947001,0.7166390419006348,0.6625913381576538,0.7229174375534058
Deep Hierarchical-Hyperspherical Learning (DH^2L) | OpenReview,3,0.16896579928999408,0.19553072625698323,0.14020291278023236,0.16666666666666666,0.701163669427236,0.7278258800506592,0.539480447769165,0.6660810112953186
"Deep Imitative Models for Flexible Inference, Planning, and Control | OpenReview",3,0.10484543314541096,0.129973474801061,0.1417849344978166,0.15625,0.6497011780738831,0.7377529740333557,0.6583122611045837,0.714992344379425
Deep Innovation Protection | OpenReview,3,0.12288494287699325,0.1276595744680851,0.1431623551824405,0.15862068965517243,0.48269123832384747,0.713370680809021,0.4867924948533376,0.6582518815994263
Deep Interaction Processes for Time-Evolving Graphs | OpenReview,3,0.13932959734329597,0.15753424657534246,0.11318231377866532,0.11971830985915492,0.6202405293782552,0.724483847618103,0.4777638514836629,0.5396804213523865
Deep k-NN for Noisy Labels | OpenReview,3,0.14253924113212213,0.14666666666666667,0.125242381476892,0.14814814814814814,0.5835828284422556,0.6371795535087585,0.42689213156700134,0.5183409452438354
Deep Learning For Symbolic Mathematics | OpenReview,3,0.11342960998133411,0.12393162393162394,0.10421090318140291,0.12546125461254612,0.588361124197642,0.6207125186920166,0.5573139190673828,0.6195820569992065
Deep Learning of Determinantal Point Processes via Proper Spectral Sub-gradient | OpenReview,3,0.13206637698628146,0.14814814814814814,0.13756279196838372,0.1450980392156863,0.5947501957416534,0.6680607199668884,0.36752764383951825,0.4229338765144348
Deep Lifetime Clustering | OpenReview,3,0.12241892817755691,0.13356164383561644,0.14673762111848632,0.14901960784313725,0.47105125586191815,0.6051628589630127,0.637159526348114,0.6815643310546875
Deep Mining: Detecting Anomalous Patterns in Neural Network Activations with Subset Scanning | OpenReview,3,0.14370467819795715,0.1519434628975265,0.15230261801690373,0.16883116883116883,0.6855980753898621,0.7426450848579407,0.6683578491210938,0.6936747431755066
Deep Multi-View Learning via Task-Optimal CCA | OpenReview,3,0.1436554036861919,0.15137614678899083,0.15645877952881757,0.16972477064220184,0.6384928822517395,0.7017892599105835,0.529073029756546,0.5724109411239624
Deep Multiple Instance Learning for Taxonomic Classification of Metagenomic read sets | OpenReview,3,0.13832807114097848,0.14855072463768115,0.1676304598565769,0.2041522491349481,0.6364908814430237,0.7504879832267761,0.66726020971934,0.7320698499679565
Deep Multiple Instance Learning with Gaussian Weighting | OpenReview,3,0.12089395501584756,0.13793103448275862,0.18210548338554142,0.203125,0.6311173439025879,0.6666455268859863,0.6563196579615275,0.6679514646530151
Deep Network classification by Scattering and Homotopy dictionary learning | OpenReview,3,0.13217516996092474,0.14285714285714285,0.16159956980992188,0.1811320754716981,0.6269145806630453,0.6745239496231079,0.5990135272343954,0.6756362915039062
Deep neuroethology of a virtual rodent | OpenReview,3,0.10963487605025303,0.11733333333333333,0.1232993423852884,0.13135593220338984,0.5412023514509201,0.7206786274909973,0.4415994385878245,0.5563634634017944
Deep Nonlinear Stochastic Optimal Control for Systems with Multiplicative Uncertainties | OpenReview,3,0.09798601268936113,0.11678832116788321,0.10045561473283854,0.11627906976744186,0.4874800443649292,0.6542655825614929,0.4681727886199951,0.542471170425415
Deep Orientation Uncertainty Learning based on a Bingham Loss | OpenReview,2,0.19561732385261799,0.2057142857142857,0.14747756821095037,0.14960629921259844,0.783869743347168,0.7861270904541016,0.7045884430408478,0.743497908115387
Deep probabilistic subsampling for task-adaptive compressed sensing | OpenReview,3,0.13037844750702543,0.17204301075268819,0.14150325742870243,0.15901060070671377,0.594661553700765,0.6284798979759216,0.5026959379514059,0.535491943359375
Deep Randomized Least Squares Value Iteration | OpenReview,3,0.12022855754882128,0.13690476190476192,0.16403363554451902,0.1936619718309859,0.7354743480682373,0.7687671184539795,0.7148368954658508,0.7628162503242493
"Deep Reasoning Networks: Thinking Fast and Slow, for Pattern De-mixing | OpenReview",3,0.11552143545143932,0.13278008298755187,0.15871801288467954,0.1981981981981982,0.6660851438840231,0.7464648485183716,0.6054544051488241,0.6590005159378052
Deep Reinforcement Learning with Implicit Human Feedback | OpenReview,3,0.12941905672951118,0.16736401673640167,0.18359157108499505,0.1871508379888268,0.6917359828948975,0.7187638282775879,0.6201534867286682,0.6530406475067139
Deep Relational Factorization Machines | OpenReview,3,0.13617644729547795,0.15579710144927536,0.16192256637168143,0.196,0.6176734666029612,0.7829302549362183,0.5420977274576823,0.6068557500839233
"Deep RL for Blood Glucose Control: Lessons, Challenges, and Opportunities | OpenReview",2,0.14762050849407524,0.16040955631399317,0.14217002237136467,0.15100671140939598,0.8283148407936096,0.8532359600067139,0.6764864325523376,0.6768168807029724
Deep Semi-Supervised Anomaly Detection | OpenReview,3,0.15019212455429318,0.16666666666666666,0.13664653243847877,0.144,0.6419771909713745,0.7023231387138367,0.5720197955767313,0.7010846138000488
Deep Spike Decoder (DSD) | OpenReview,2,0.11488833746898264,0.12307692307692308,0.135,0.15,0.6999399363994598,0.7350862622261047,0.7436017096042633,0.8050347566604614
Deep symbolic regression | OpenReview,3,0.11094666626864345,0.11960132890365449,0.13560401377657838,0.1568627450980392,0.5492331087589264,0.7174869775772095,0.595099667708079,0.7192255258560181
Deep Symbolic Superoptimization Without Human Knowledge | OpenReview,3,0.15021576116764987,0.1563517915309446,0.17372567303019526,0.18584070796460178,0.7114702264467875,0.7478715181350708,0.6371894677480062,0.6789675354957581
Deep unsupervised feature selection | OpenReview,3,0.166649069599042,0.1935483870967742,0.1349956108587355,0.1606425702811245,0.6158453822135925,0.6714862585067749,0.6425543030103048,0.7267435789108276
Deep Variational Semi-Supervised Novelty Detection | OpenReview,3,0.12446845809848905,0.16289592760180996,0.15693468063562913,0.17333333333333334,0.7289158503214518,0.7501552104949951,0.7685552835464478,0.8373312950134277
DeepAGREL: Biologically plausible deep learning via direct reinforcement | OpenReview,3,0.12563865278546163,0.14,0.14904889848839606,0.16723549488054607,0.6404786308606466,0.6957389116287231,0.5504026710987091,0.6140328049659729
DeepEnFM: Deep neural networks with Encoder enhanced Factorization Machine | OpenReview,3,0.1376692539988518,0.14566929133858267,0.16834823893793374,0.17699115044247787,0.6052894393603007,0.6744521260261536,0.43252934018770856,0.5394442081451416
Deeper Insights into Weight Sharing in Neural Architecture Search | OpenReview,3,0.11231808034704104,0.1206896551724138,0.11242930741077463,0.12,0.6156570315361023,0.6958587765693665,0.557394782702128,0.5955321788787842
DeepHoyer: Learning Sparser Neural Network with Differentiable Scale-Invariant Sparsity Measures | OpenReview,3,0.11006442806442807,0.1554054054054054,0.1264080265040283,0.16738197424892703,0.5037674109141032,0.7323496341705322,0.5861263871192932,0.7558886408805847
DeepPCM: Predicting Protein-Ligand Binding using Unsupervised Learned Representations | OpenReview,3,0.14284287882418722,0.17307692307692307,0.16576883283733967,0.18548387096774194,0.6743688583374023,0.7264865636825562,0.6224077343940735,0.693802535533905
DeepSFM: Structure From Motion Via Deep Bundle Adjustment | OpenReview,3,0.15057367343877245,0.16883116883116883,0.15212828696315828,0.16071428571428573,0.6281387408574423,0.6444477438926697,0.5896926124890646,0.6146076917648315
DeepSimplex: Reinforcement Learning of Pivot Rules Improves the Efficiency of Simplex Algorithm in Solving Linear Programming Problems | OpenReview,3,0.14404710751840713,0.1813953488372093,0.13642506701313611,0.15625,0.6373573541641235,0.6834671497344971,0.6123206416765848,0.6221674084663391
DeepSphere: a graph-based spherical CNN | OpenReview,3,0.14776602382714438,0.17204301075268819,0.1448049558097405,0.17582417582417584,0.7288517157236735,0.7517197132110596,0.5338078538576762,0.5708931684494019
DeepV2D: Video to Depth with Differentiable Structure from Motion | OpenReview,4,0.14636456636548686,0.17751479289940827,0.15888572135985046,0.18627450980392157,0.597646065056324,0.6792311668395996,0.6244918704032898,0.6999920606613159
DeepXML: Scalable & Accurate Deep Extreme Classification for Matching User Queries to Advertiser Bid Phrases | OpenReview,3,0.10404285574559746,0.11743772241992882,0.17296812114307877,0.1986754966887417,0.3873375455538432,0.4095395505428314,0.6363432208697001,0.7079630494117737
Defective Convolutional Layers Learn Robust CNNs | OpenReview,3,0.13611909971484953,0.15151515151515152,0.12004408320705333,0.15714285714285714,0.7441057761510214,0.8050300478935242,0.6363261739412943,0.6705199480056763
Defending Against Physically Realizable Attacks on Image Classification | OpenReview,3,0.13036847680130778,0.15217391304347827,0.16244290437838824,0.1776061776061776,0.5650003552436829,0.646430253982544,0.6296238303184509,0.7250403761863708
Defense against Adversarial Examples by Encoder-Assisted Search in the Latent Coding Space | OpenReview,4,0.11556803470277198,0.13978494623655913,0.15110536172315048,0.18141592920353983,0.6260330528020859,0.7527676820755005,0.650976374745369,0.6765238642692566
Defensive Tensorization: Randomized Tensor Parametrization for Robust Neural Networks | OpenReview,3,0.10572223508466592,0.11363636363636363,0.1337508016513408,0.13953488372093023,0.5998352567354838,0.7742761373519897,0.5832254489262899,0.648621678352356
DeFINE: Deep Factorized Input Word Embeddings for Neural Sequence Modeling | OpenReview,3,0.1083636907251085,0.12831858407079647,0.14973025068991117,0.16049382716049382,0.5720665454864502,0.5939224362373352,0.6383597254753113,0.7120813727378845
Deformable Kernels: Adapting Effective Receptive Fields for Object Deformation | OpenReview,3,0.09592224708735382,0.11379310344827587,0.14645301282585604,0.15725806451612903,0.6945732831954956,0.7374082207679749,0.7136766115824381,0.7399312257766724
Demonstration Actor Critic | OpenReview,3,0.12389865783855492,0.1543859649122807,0.12943141061140048,0.13382899628252787,0.5618175367514292,0.615551233291626,0.7833897272745768,0.8366667032241821
Demystifying Graph Neural Network Via Graph Filter Assessment | OpenReview,3,0.1374655697719078,0.14366197183098592,0.1288525702552852,0.1390532544378698,0.7470906178156534,0.8514088988304138,0.7047086556752523,0.7539831399917603
Demystifying Inter-Class Disentanglement | OpenReview,3,0.11618823828825257,0.13106796116504854,0.17525217548045569,0.1828358208955224,0.44286565979321796,0.5578992366790771,0.5377446611722311,0.5648507475852966
Denoising and Regularization via Exploiting the Structural Bias of Convolutional Generators | OpenReview,3,0.1067879286593017,0.13725490196078433,0.14573523553737674,0.15454545454545454,0.5277168254057566,0.5849263668060303,0.4509260058403015,0.49811798334121704
Denoising Improves Latent Space Geometry in Text Autoencoders | OpenReview,3,0.12999929711112673,0.14634146341463414,0.12315497979512667,0.14354066985645933,0.7163454095522562,0.7571887373924255,0.6278566320737203,0.6779686212539673
Depth creates no more spurious local minima in linear networks | OpenReview,3,0.17432643388092176,0.18672199170124482,0.15507435434187414,0.16279069767441862,0.755968709786733,0.7991165518760681,0.6992336312929789,0.7366342544555664
Depth-Width Trade-offs for ReLU Networks via Sharkovsky*s Theorem | OpenReview,2,0.1643835616438356,0.1735159817351598,0.16387948544346648,0.17061611374407584,0.6994133591651917,0.7191041707992554,0.6143899261951447,0.6308743953704834
Detecting and Diagnosing Adversarial Images with Class-Conditional Capsule Reconstructions | OpenReview,3,0.1602126799174296,0.16538461538461538,0.16969583092559323,0.19455252918287938,0.7593379219373068,0.7782068848609924,0.7097091674804688,0.7626641392707825
Detecting Change in Seasonal Pattern via Autoencoder and Temporal Regularization | OpenReview,4,0.12006892203843593,0.1575091575091575,0.1413643799499712,0.1902834008097166,0.7120437175035477,0.7784385681152344,0.6764163970947266,0.7849646806716919
Detecting Extrapolation with Local Ensembles | OpenReview,3,0.14197773199638872,0.16875,0.1164918088813182,0.13651877133105803,0.5989093979199728,0.7238544225692749,0.5375440120697021,0.5999091863632202
Detecting malicious PDF using CNN | OpenReview,3,0.1281322098479539,0.13533834586466165,0.13550761855846602,0.16666666666666666,0.7387206554412842,0.7903822660446167,0.8064035375912985,0.8959257006645203
Detecting Noisy Training Data with Loss Curves | OpenReview,3,0.14429462921198413,0.15350877192982457,0.16454721317639068,0.17105263157894737,0.6479519406954447,0.6891864538192749,0.5875113606452942,0.6383265852928162
Detecting Out-of-Distribution Inputs to Deep Generative Models Using Typicality | OpenReview,3,0.1395723506794022,0.1673469387755102,0.16957052448259238,0.18099547511312217,0.506036788225174,0.5933375358581543,0.4861898124217987,0.54609215259552
DG-GAN: the GAN with the duality gap | OpenReview,3,0.12021376599945012,0.1271186440677966,0.1336770724023992,0.16037735849056603,0.49368198215961456,0.7042781114578247,0.5075197964906693,0.7127569317817688
Diagnosing the Environment Bias in Vision-and-Language Navigation | OpenReview,3,0.13558921545308059,0.1509433962264151,0.127293970335462,0.156,0.6667256553967794,0.7175556421279907,0.6384445428848267,0.6498451232910156
Diagonal Graph Convolutional Networks with Adaptive Neighborhood Aggregation | OpenReview,3,0.11736702429048436,0.12380952380952381,0.14268111786242324,0.15675675675675677,0.6449381113052368,0.692477822303772,0.5160922209421793,0.5573340058326721
Abstract Diagrammatic Reasoning with Multiplex Graph Networks | OpenReview,3,0.11587966432487985,0.13135593220338984,0.16475206200744485,0.17167381974248927,0.5952449838320414,0.6440173983573914,0.5757629076639811,0.6110790967941284
Difference-Seeking Generative Adversarial Network--Unseen Sample Generation | OpenReview,3,0.14702421288099038,0.15384615384615385,0.13874226132290646,0.1409090909090909,0.7510300278663635,0.7655594348907471,0.7066188057263693,0.7768900394439697
Differentiable Architecture Compression | OpenReview,3,0.11561161228050637,0.12,0.1473938030858501,0.15789473684210525,0.5516935487588247,0.610526442527771,0.5734963218371073,0.660442054271698
Differentiable Bayesian Neural Network Inference for Data Streams | OpenReview,3,0.12929379933399496,0.1337579617834395,0.11657481868528119,0.13903743315508021,0.6245526472727457,0.6642193794250488,0.5319513082504272,0.5837705731391907
Differentiable Hebbian Consolidation for Continual Learning | OpenReview,3,0.13867794653166357,0.1712962962962963,0.14242614669563516,0.1477832512315271,0.7662973006566366,0.8516418933868408,0.7139465808868408,0.8077391982078552
Differentiable learning of numerical rules in knowledge graphs | OpenReview,3,0.12787613194859726,0.13654618473895583,0.16074645288916115,0.17427385892116182,0.6718572974205017,0.7731093168258667,0.689475953578949,0.7319920659065247
Differentiable Programming for Physical Simulation | OpenReview,3,0.12011404550275843,0.12251655629139073,0.125684347351668,0.13745704467353953,0.6427103678385416,0.6867645978927612,0.7087192138036092,0.7235949039459229
Differentiable Reasoning over a Virtual Knowledge Base | OpenReview,3,0.1253859097838512,0.1396103896103896,0.15349486460138603,0.16022099447513813,0.5467781325181326,0.5987598896026611,0.5585835973421732,0.6335319876670837
Differential Privacy in Adversarial Learning with Provable Robustness | OpenReview,3,0.12866011511082784,0.15901060070671377,0.14237565809746724,0.16356877323420074,0.755205770333608,0.8403812050819397,0.7284924387931824,0.7765282392501831
Differentially Private Meta-Learning | OpenReview,3,0.14202978223389748,0.15725806451612903,0.1679121179648606,0.17721518987341772,0.7439513007799784,0.7971035838127136,0.7532956401507059,0.8003659248352051
Differentially Private Mixed-Type Data Generation For Unsupervised Learning | OpenReview,2,0.13504043126684634,0.14150943396226415,0.1661860790719381,0.18396226415094338,0.7084421515464783,0.823837161064148,0.6656820476055145,0.7049990296363831
Differentiation of Blackbox Combinatorial Solvers | OpenReview,3,0.10320444011117436,0.11178247734138973,0.1333376949246471,0.17307692307692307,0.2798744837443034,0.30774396657943726,0.5276434818903605,0.6097383499145508
DIME: AN INFORMATION-THEORETIC DIFFICULTY MEASURE FOR AI DATASETS | OpenReview,3,0.12181196694543883,0.1449814126394052,0.1552532542333178,0.16911764705882354,0.5339506467183431,0.585858941078186,0.5686138073603312,0.6191713213920593
Dimensional Reweighting Graph Convolution Networks | OpenReview,3,0.1327404059362056,0.13975155279503104,0.13656316700898072,0.15168539325842698,0.5890280703703562,0.7341363430023193,0.5737583041191101,0.7053609490394592
Directional Message Passing for Molecular Graphs | OpenReview,3,0.11959573454541846,0.1565217391304348,0.14514253466671975,0.1971153846153846,0.6566526293754578,0.7517251968383789,0.6773593425750732,0.699131965637207
Dirichlet Wrapper to Quantify Classification Uncertainty in Black-Box Systems | OpenReview,4,0.1063830841935865,0.125,0.12824165513252894,0.18452380952380953,0.5860996395349503,0.6506593227386475,0.48470836132764816,0.529405951499939
Disagreement-Regularized Imitation Learning | OpenReview,3,0.135907895563232,0.14334470989761092,0.16224951105158392,0.1971326164874552,0.7642396489779154,0.7951376438140869,0.7011344234148661,0.749543309211731
Discourse-Based Evaluation of Language Understanding | OpenReview,3,0.14089125768006514,0.16666666666666666,0.1528789390670566,0.1940928270042194,0.6547265450159708,0.7209506034851074,0.599769651889801,0.6275455951690674
Discovering Motor Programs by Recomposing Demonstrations | OpenReview,3,0.1150435061314129,0.13131313131313133,0.13883922959346326,0.15422885572139303,0.6149130662282308,0.6850676536560059,0.5353163083394369,0.5779833793640137
Discovering the compositional structure of vector representations with Role Learning Networks | OpenReview,3,0.1387472520501353,0.14358974358974358,0.18726282966016594,0.20168067226890757,0.6710543831189474,0.7735955119132996,0.6585977077484131,0.7394272089004517
Discovering Topics With Neural Topic Models Built From PLSA Loss | OpenReview,3,0.12454315164220824,0.13666666666666666,0.11086304391531245,0.12350597609561753,0.6064962347348531,0.7535984516143799,0.5565045177936554,0.7439818978309631
Discrepancy Ratio: Evaluating Model Performance When Even Experts Disagree on the Truth | OpenReview,3,0.12409284079764628,0.14596273291925466,0.1364793431447303,0.15773809523809523,0.6029431422551473,0.6401643753051758,0.42717257142066956,0.48996680974960327
Discrete InfoMax Codes for Meta-Learning | OpenReview,3,0.11631650957020245,0.13740458015267176,0.14656497428774654,0.18018018018018017,0.6377730766932169,0.7018110752105713,0.6056609749794006,0.6515418291091919
Discriminability Distillation in Group Representation Learning | OpenReview,4,0.1373501578321172,0.15352697095435686,0.13370113473504072,0.16597510373443983,0.6934311836957932,0.7117654085159302,0.5415438562631607,0.5594148635864258
Discriminative Particle Filter Reinforcement Learning for Complex Partial observations | OpenReview,3,0.17403075205521165,0.23353293413173654,0.12004114594308858,0.13043478260869565,0.582937608162562,0.7937014102935791,0.4793930947780609,0.6044467091560364
Discriminative Variational Autoencoder for Continual Learning with Generative Replay | OpenReview,3,0.1385369036662625,0.18110236220472442,0.14112060132491208,0.15126050420168066,0.6646279096603394,0.7613716125488281,0.5800800323486328,0.6579227447509766
Discriminator Based Corpus Generation for General Code Synthesis | OpenReview,3,0.12202178186037478,0.14201183431952663,0.17252039490546864,0.19135802469135801,0.6871157884597778,0.7882545590400696,0.5561502973238627,0.5820006132125854
Disentangled Cumulants Help Successor Representations Transfer to New Tasks | OpenReview,3,0.11790393756627134,0.15979381443298968,0.15950681356217603,0.17672413793103448,0.5336456596851349,0.5728241801261902,0.5910001993179321,0.6323667168617249
Disentangled GANs for Controllable Generation of High-Resolution Images | OpenReview,3,0.14288123499037084,0.16857142857142857,0.17030841870501223,0.18811881188118812,0.6742145915826162,0.8610280156135559,0.6421785652637482,0.7477744817733765
Disentangled Representation Learning with Sequential Residual Variational Autoencoder | OpenReview,3,0.11015835423077373,0.13664596273291926,0.14409208362696735,0.16666666666666666,0.6631926894187927,0.7502013444900513,0.5442708333333334,0.5832829475402832
Disentanglement through Nonlinear ICA with General Incompressible-flow Networks (GIN) | OpenReview,3,0.12752517892418794,0.15,0.15617439594813884,0.17616580310880828,0.5977287292480469,0.6375753879547119,0.44416699806849164,0.548141598701477
Disentangling Factors of Variations Using Few Labels | OpenReview,3,0.15222269631315286,0.16666666666666666,0.16074574543551176,0.1872146118721461,0.5094114144643148,0.5278814435005188,0.4549703399340312,0.48153626918792725
Disentangling Improves VAEs* Robustness to Adversarial Attacks | OpenReview,3,0.10813880509435596,0.11518324607329843,0.12335557725936397,0.14761904761904762,0.5885085463523865,0.7167884111404419,0.5427745381991068,0.628077507019043
Disentangling neural mechanisms for perceptual grouping | OpenReview,3,0.11595618095094308,0.12955465587044535,0.1583743432871219,0.18454935622317598,0.5887021422386169,0.6396902203559875,0.5181304315725962,0.5952991247177124
Disentangling Style and Content in Anime Illustrations | OpenReview,3,0.1328342451290911,0.15217391304347827,0.16967866201912543,0.22413793103448276,0.6996211210886637,0.7930591106414795,0.6016931136449178,0.7437148094177246
Disentangling Trainability and Generalization in Deep Learning | OpenReview,3,0.14985914486865057,0.19886363636363635,0.14363031350928132,0.16551724137931034,0.7060775359471639,0.7541865110397339,0.5532226165135702,0.6142268180847168
Distance-based Composable Representations with Neural Networks | OpenReview,3,0.1306269761603247,0.1634980988593156,0.1411848531982594,0.15355805243445692,0.5331365466117859,0.6501557230949402,0.33921900391578674,0.382323682308197
Distance-Based Learning from Errors for Confidence Calibration | OpenReview,3,0.1509681317636835,0.17365269461077845,0.153824245961235,0.16352201257861634,0.6573139627774557,0.7623405456542969,0.6110785206158956,0.6860501766204834
Distillation $approx$ Early Stopping? Harvesting Dark Knowledge Utilizing Anisotropic Information Retrieval For Overparameterized NN | OpenReview,3,0.10714630846540395,0.125,0.17458556280510765,0.18875502008032127,0.544686496257782,0.6170946359634399,0.5057021677494049,0.5675092339515686
Distilled embedding: non-linear embedding factorization using knowledge distillation | OpenReview,3,0.13583511096509723,0.14150943396226415,0.1729486307335811,0.19158878504672897,0.5722938378651937,0.6532118320465088,0.5281312763690948,0.5763945579528809
Distributed Bandit Learning: Near-Optimal Regret with Efficient Communication | OpenReview,3,0.14797776593215703,0.17801047120418848,0.17572645434950496,0.19246861924686193,0.6234299540519714,0.6540088653564453,0.7135892113049825,0.7198932766914368
Distributed Online Optimization with Long-Term Constraints | OpenReview,3,0.1738101030826519,0.18867924528301888,0.16805124612150935,0.1941747572815534,0.696391741434733,0.7387417554855347,0.6116683681805929,0.6929047703742981
Distributed Training Across the World | OpenReview,3,0.12265716870670933,0.13114754098360656,0.17189664055609408,0.1910569105691057,0.6250045696894327,0.6732154488563538,0.7087692022323608,0.7835565805435181
Distribution Matching Prototypical Network for Unsupervised Domain Adaptation | OpenReview,3,0.13078203611131234,0.14330218068535824,0.1379175648780123,0.15178571428571427,0.7335958480834961,0.7926762104034424,0.5246401230494181,0.537521243095398
Distribution-Guided Local Explanation for Black-Box Classifiers | OpenReview,3,0.15919515433835812,0.20085470085470086,0.16103285007858695,0.1836734693877551,0.5306423505147299,0.5703686475753784,0.5302829543749491,0.5467120409011841
Distributionally Robust Neural Networks | OpenReview,3,0.16153072096382062,0.1722689075630252,0.1327363300427248,0.14339622641509434,0.6688074270884196,0.7129749059677124,0.5669569969177246,0.660808265209198
DIVA: Domain Invariant Variational Autoencoder | OpenReview,3,0.12785075980672422,0.14613180515759314,0.15657817315523406,0.17901234567901234,0.5411898593107859,0.728202760219574,0.5823521216710409,0.6434854865074158
Diverse Trajectory Forecasting with Determinantal Point Processes | OpenReview,3,0.13312192141031814,0.17419354838709677,0.13883327299533563,0.15,0.6265378594398499,0.6871527433395386,0.5612276593844095,0.5787675380706787
DivideMix: Learning with Noisy Labels as Semi-supervised Learning | OpenReview,3,0.17593799186719541,0.18888888888888888,0.18410590556805598,0.19672131147540983,0.7208763162295023,0.7930418252944946,0.6633483370145162,0.6740478873252869
Diving into Optimization of Topology in Neural Networks | OpenReview,4,0.11544752061425265,0.13175675675675674,0.15867026741702653,0.17543859649122806,0.48368363082408905,0.7729836702346802,0.5447292178869247,0.6565319895744324
Do Deep Neural Networks for Segmentation Understand Insideness? | OpenReview,3,0.13541830454723627,0.14785992217898833,0.16700170323001765,0.20434782608695654,0.6755173206329346,0.7629890441894531,0.6377309163411459,0.6790525317192078
Do Image Classifiers Generalize Across Time? | OpenReview,3,0.11651073029758113,0.13488372093023257,0.1701005538269321,0.1862348178137652,0.5913609663645426,0.6575942039489746,0.5825793345769247,0.5932527184486389
Do recent advancements in model-based deep reinforcement learning really improve data efficiency? | OpenReview,3,0.1445005014069822,0.17110266159695817,0.14987206210499593,0.1551155115511551,0.5333990454673767,0.5662877559661865,0.5744864841302236,0.6294564008712769
DO-AutoEncoder: Learning and Intervening Bivariate Causal Mechanisms in Images | OpenReview,3,0.13207826802292938,0.1346153846153846,0.13424584745149262,0.16145833333333334,0.5363881289958954,0.5973143577575684,0.5985990564028422,0.6901280879974365
Domain Adaptation via Low-Rank Basis Approximation | OpenReview,3,0.10770228782530859,0.13829787234042554,0.14897784909608733,0.16666666666666666,0.49528786540031433,0.6017030477523804,0.49536531170209247,0.5944634675979614
Domain Adaptive Multiflow Networks | OpenReview,3,0.12300493389767493,0.13875598086124402,0.16995820193494612,0.19767441860465115,0.6539334754149119,0.7367318868637085,0.5208839774131775,0.5945081114768982
Domain Aggregation Networks for Multi-Source Domain Adaptation | OpenReview,3,0.14496667948225042,0.16111111111111112,0.12331971399387127,0.14181818181818182,0.6382200320561727,0.7335866689682007,0.5261740883191427,0.6309675574302673
Domain-Agnostic Few-Shot Classification by Learning Disparate Modulators | OpenReview,3,0.13607981689141277,0.15137614678899083,0.14258433992948108,0.16753926701570682,0.7624160051345825,0.825554370880127,0.70635058482488,0.7355839610099792
Domain-Independent Dominance of Adaptive Methods | OpenReview,3,0.09099567276703392,0.10181818181818182,0.14730594780012318,0.17065868263473055,0.5193730493386587,0.6012829542160034,0.6160887877146403,0.6656200885772705
Domain-invariant Learning using Adaptive Filter Decomposition | OpenReview,3,0.14923305024554567,0.16753926701570682,0.1413508080610164,0.15300546448087432,0.6155770023663839,0.725042998790741,0.5690451661745707,0.6376360654830933
Domain-Invariant Representations: A Look on Compression and Weights | OpenReview,3,0.13276264980810437,0.1527777777777778,0.14787689351743627,0.16939890710382513,0.5909421642621359,0.6985152959823608,0.5772781372070312,0.6217694282531738
"Don*t Use Large Mini-batches, Use Local SGD | OpenReview",3,0.16109014776059585,0.16988416988416988,0.13475987091023833,0.15079365079365079,0.7321044007937113,0.8077734112739563,0.706220785776774,0.724549412727356
Double Neural Counterfactual Regret Minimization | OpenReview,2,0.11876750700280111,0.12324929971988796,0.13626088007736942,0.14468085106382977,0.644414871931076,0.7241615056991577,0.5096611082553864,0.586998462677002
Doubly Robust Bias Reduction in Infinite Horizon Off-Policy Estimation | OpenReview,3,0.17516697046504362,0.19069767441860466,0.16880579297245965,0.19,0.7149429718653361,0.7776790261268616,0.46006210645039874,0.49095356464385986
Drawing Early-Bird Tickets: Toward More Efficient Training of Deep Networks | OpenReview,3,0.1242217661460443,0.13545816733067728,0.14502745331065636,0.15076923076923077,0.49209268887837726,0.6469114422798157,0.6971391240755717,0.7710332274436951
Dream to Control: Learning Behaviors by Latent Imagination | OpenReview,4,0.1191788410669526,0.15810276679841898,0.1344711117616407,0.14832535885167464,0.5827293694019318,0.6960090398788452,0.6088171452283859,0.7084294557571411
DropEdge: Towards Deep Graph Convolutional Networks on Node Classification | OpenReview,3,0.12123748209371843,0.14156626506024098,0.1163724254689495,0.13247863247863248,0.6220910350481669,0.689146101474762,0.5139875113964081,0.552789032459259
Dropout: Explicit Forms and Capacity Control | OpenReview,4,0.13072040080225605,0.15289256198347106,0.17473088886634486,0.1875,0.45551443099975586,0.6434186100959778,0.6217974573373795,0.8010655641555786
DS-VIC: Unsupervised Discovery of Decision States for Transfer in RL | OpenReview,4,0.11818788646288753,0.14285714285714285,0.12364901296866056,0.13596491228070176,0.518739253282547,0.6442463397979736,0.5403625518083572,0.6118197441101074
DSReg: Using Distant Supervision as a Regularizer | OpenReview,3,0.16545480928179698,0.20673076923076922,0.1815842913403889,0.2032520325203252,0.6695764462153116,0.7207701206207275,0.5827977657318115,0.6715444326400757
DUAL ADVERSARIAL MODEL FOR GENERATING 3D POINT CLOUD | OpenReview,3,0.1533636531978989,0.16055045871559634,0.16073574175836416,0.1822429906542056,0.7282177805900574,0.7576462030410767,0.6184351245562235,0.6726177930831909
Dual Graph Representation Learning | OpenReview,3,0.12492283223990541,0.138996138996139,0.14853932834917175,0.1610738255033557,0.7053210934003195,0.7598841190338135,0.7093488574028015,0.7437161207199097
Dual-module Inference for Efficient Recurrent Neural Networks | OpenReview,3,0.14197060755914567,0.17096774193548386,0.15683156395459819,0.16825396825396827,0.6413229505221049,0.753003716468811,0.6003895203272501,0.609723687171936
Duration-of-Stay Storage Assignment under Uncertainty | OpenReview,3,0.12956027076595908,0.15467625899280577,0.11995530012771394,0.12931034482758622,0.5414575735727946,0.6599946022033691,0.5369373162587484,0.5776126384735107
Dynamic Instance Hardness | OpenReview,3,0.12478797816482605,0.13580246913580246,0.17139290799923942,0.18446601941747573,0.4259888529777527,0.7161493301391602,0.5387571851412455,0.7494163513183594
Dynamic Model Pruning with Feedback | OpenReview,3,0.13427768970873163,0.14396887159533073,0.10983259187085208,0.140625,0.5931753218173981,0.6794130206108093,0.5445779065291086,0.6190929412841797
Dynamic Scale Inference by Entropy Minimization | OpenReview,3,0.11732098701614684,0.11895910780669144,0.16487815107354487,0.2007042253521127,0.6841086546579996,0.7160472869873047,0.5675491491953532,0.5890711545944214
Dynamic Sparse Training: Find Efficient Sparse Network From Scratch With Trainable Masked Layers | OpenReview,3,0.14257447519418853,0.14869888475836432,0.1290037070209484,0.13793103448275862,0.6600340207417806,0.7528205513954163,0.5416701436042786,0.6023566722869873
Dynamic Time Lag Regression: Predicting What & When | OpenReview,4,0.11773193991600585,0.1527777777777778,0.14920620875571006,0.17898832684824903,0.4238140136003494,0.6930274963378906,0.4967038109898567,0.6492725610733032
Dynamical Distance Learning for Semi-Supervised and Unsupervised Skill Discovery | OpenReview,3,0.09865818488976526,0.10309278350515463,0.118460453501041,0.1254355400696864,0.5733489890893301,0.6858490705490112,0.5124688545862833,0.6002205610275269
Dynamical System Embedding for Efficient Intrinsically Motivated Artificial Agents | OpenReview,3,0.10999234436440825,0.1262135922330097,0.12697172697172698,0.13286713286713286,0.5676622688770294,0.6395342946052551,0.4479861259460449,0.5042839646339417
Dynamically Pruned Message Passing Networks for Large-scale Knowledge Graph Reasoning | OpenReview,3,0.16201477888761415,0.16595744680851063,0.14875056170994275,0.15289256198347106,0.7215221126874288,0.7878831028938293,0.6236067811648051,0.6833906173706055
Dynamics-Aware Embeddings | OpenReview,4,0.12941801901312633,0.13694267515923567,0.17248762644541846,0.17624521072796934,0.5944597274065018,0.614936113357544,0.676115870475769,0.6996822357177734
Dynamics-Aware Unsupervised Skill Discovery | OpenReview,3,0.1316853968121342,0.13807531380753138,0.1466053382441542,0.15254237288135594,0.6623545487721761,0.6976076364517212,0.6032834450403849,0.6532100439071655
DyNet: Dynamic Convolution for Accelerating Convolution Neural Networks | OpenReview,3,0.12370701214155594,0.1413793103448276,0.11159537102012097,0.11904761904761904,0.5845006505648295,0.6756068468093872,0.5539746681849161,0.6237962245941162
Ecological Reinforcement Learning | OpenReview,3,0.15106846541783728,0.21844660194174756,0.151113455772954,0.16017316017316016,0.7602819005648295,0.8493291735649109,0.6289998690287272,0.6806700229644775
Economy Statistical Recurrent Units For Inferring Nonlinear Granger Causality | OpenReview,3,0.1304074113678562,0.14461538461538462,0.16715084981552045,0.17045454545454544,0.6964022119839987,0.7832763195037842,0.6120456655820211,0.6911182403564453
Editable Neural Networks | OpenReview,3,0.12493251392484282,0.15384615384615385,0.141906604372207,0.16883116883116883,0.6737941900889078,0.8165912628173828,0.5395305554072062,0.6245529055595398
EDUCE: Explaining model Decision through Unsupervised Concepts Extraction | OpenReview,3,0.13251829490263892,0.13855421686746988,0.12907135999659594,0.1643835616438356,0.6670744220415751,0.6862021684646606,0.5891724030176798,0.6932270526885986
Effect of top-down connections in Hierarchical Sparse Coding | OpenReview,3,0.1393195815382323,0.14516129032258066,0.15920955280223015,0.19254658385093168,0.7770580649375916,0.8235121369361877,0.7037392457326254,0.7905582785606384
Effective and Robust Detection of Adversarial Examples via Benford-Fourier Coefficients | OpenReview,3,0.11740219983048893,0.13191489361702127,0.1420980376207132,0.15185185185185185,0.6138355930646261,0.6405386328697205,0.4721255997816722,0.6230352520942688
Effective Mechanism to Mitigate Injuries During NFL Plays | OpenReview,3,0.10336354194857134,0.13529411764705881,0.13752079198125167,0.14285714285714285,0.6993710001309713,0.761753261089325,0.6869591275850931,0.7254034280776978
Effective Use of Variational Embedding Capacity in Expressive End-to-End Speech Synthesis | OpenReview,3,0.1364674350222146,0.14788732394366197,0.12535608548826763,0.12773722627737227,0.6244174639383951,0.6786897778511047,0.5694013635317484,0.6315651535987854
Effects of Linguistic Labels on Learned Visual Representations in Convolutional Neural Networks: Labels matter! | OpenReview,3,0.14524474460201275,0.15833333333333333,0.1265564352080928,0.145,0.6594610412915548,0.6910613775253296,0.6154219110806783,0.6514255404472351
Efficacy of Pixel-Level OOD Detection for Semantic Segmentation | OpenReview,3,0.12864727252767102,0.15579710144927536,0.15557674500553798,0.15753424657534246,0.5775518218676249,0.639702558517456,0.5815297365188599,0.6254556179046631
Efficient and Information-Preserving Future Frame Prediction and Beyond | OpenReview,3,0.13902445415762607,0.14545454545454545,0.16154529624275613,0.18592964824120603,0.6054624517758688,0.6599603295326233,0.43293790022532147,0.5050892233848572
Efficient Bi-Directional Verification of ReLU Networks via Quadratic Programming | OpenReview,3,0.13643135305172743,0.1552511415525114,0.12690157212156464,0.18181818181818182,0.6534551779429117,0.7163755893707275,0.6392288009325663,0.7660186886787415
Efficient Content-Based Sparse Attention with Routing Transformers | OpenReview,3,0.09032596956159918,0.12837837837837837,0.1550263208731769,0.17647058823529413,0.5938856601715088,0.6520162224769592,0.6969706018765768,0.7143716812133789
Efficient Deep Representation Learning by Adaptive Latent Space Sampling | OpenReview,3,0.13496915363904166,0.16891891891891891,0.14739611552918166,0.16766467065868262,0.5803670088450114,0.6278320550918579,0.43044140934944153,0.4765717685222626
Efficient Exploration via State Marginal Matching | OpenReview,3,0.12008122180535974,0.12777777777777777,0.09420447619739887,0.109375,0.5879930853843689,0.6625445485115051,0.556471586227417,0.6016217470169067
Efficient generation of structured objects with Constrained Adversarial Networks | OpenReview,3,0.12635694811293277,0.13836477987421383,0.1817393465303201,0.20179372197309417,0.6973166664441427,0.7345914840698242,0.6804100871086121,0.6914845705032349
Efficient High-Dimensional Data Representation Learning via Semi-Stochastic Block Coordinate Descent Methods | OpenReview,3,0.09317127144543573,0.10857142857142857,0.187652239404743,0.2275132275132275,0.5791284640630087,0.7118003368377686,0.5300244688987732,0.5607357025146484
Efficient Inference and Exploration for Reinforcement Learning | OpenReview,3,0.1375975315694508,0.15064102564102563,0.15810671663206224,0.16129032258064516,0.5076952377955118,0.6369887590408325,0.5838749706745148,0.674026608467102
Efficient meta reinforcement learning via meta goal generation | OpenReview,3,0.1372899408881418,0.15517241379310345,0.10087385348565144,0.11589403973509933,0.7492315173149109,0.8029742240905762,0.5604724287986755,0.6529964208602905
Efficient Multivariate Bandit Algorithm with Path Planning | OpenReview,3,0.13323386072669197,0.1485148514851485,0.14711520030668965,0.15765765765765766,0.6712743639945984,0.7848309874534607,0.6414915323257446,0.6931080222129822
Efficient Probabilistic Logic Reasoning with Graph Neural Networks | OpenReview,3,0.1357250667595495,0.13793103448275862,0.14314145104358364,0.155893536121673,0.6344727675120035,0.7062708735466003,0.6547309756278992,0.7134811282157898
Efficient Riemannian Optimization on the Stiefel Manifold via the Cayley Transform | OpenReview,3,0.10035104170423535,0.11428571428571428,0.14726451950289157,0.16517857142857142,0.6397620042165121,0.6554602980613708,0.745534082253774,0.7534923553466797
Efficient Saliency Maps for Explainable AI | OpenReview,3,0.13620233785423816,0.17766497461928935,0.12605701244982373,0.14634146341463414,0.7091802755991617,0.7764859199523926,0.7069093783696493,0.780848503112793
Efficient Systolic Array Based on Decomposable MAC for Quantized Deep Neural Networks | OpenReview,3,0.12515873015873016,0.1488095238095238,0.12752246329169406,0.14201183431952663,0.6702191034952799,0.7240853309631348,0.5714670817057291,0.6003977060317993
Efficient Training of Robust and Verifiable Neural Networks | OpenReview,3,0.11215449097966224,0.14084507042253522,0.14700864568100772,0.16666666666666666,0.5457371771335602,0.6566625833511353,0.5632059276103973,0.6152109503746033
Efficient Transformer for Mobile Applications | OpenReview,3,0.1357410452607453,0.15129151291512916,0.14667789066342107,0.15354330708661418,0.7877917289733887,0.7976020574569702,0.6271615425745646,0.693240761756897
Efficient Wrapper Feature Selection using Autoencoder and Model Based Elimination | OpenReview,3,0.14426558548273624,0.1583011583011583,0.17903309471936923,0.20588235294117646,0.5223860740661621,0.5514299869537354,0.6169140934944153,0.6417214274406433
EgoMap: Projective mapping and structured egocentric memory for Deep RL | OpenReview,3,0.1080863037515747,0.11538461538461539,0.13138104729677527,0.14893617021276595,0.6244062383969625,0.6603808999061584,0.5241511861483256,0.5729355216026306
EINS: Long Short-Term Memory with Extrapolated Input Network Simplification | OpenReview,3,0.12036614343025008,0.12773722627737227,0.13471069695453616,0.14184397163120568,0.563541462024053,0.6551451683044434,0.5794775585333506,0.6978885531425476
ELECTRA: Pre-training Text Encoders as Discriminators Rather Than Generators | OpenReview,3,0.15383239443516664,0.1732283464566929,0.1362134597428715,0.14285714285714285,0.6045558055241903,0.6928187608718872,0.5375006198883057,0.6248151063919067
Ellipsoidal Trust Region Methods for Neural Network Training | OpenReview,3,0.124690893012135,0.13382899628252787,0.1348681136529199,0.14410480349344978,0.5732760230700175,0.5982877016067505,0.5820124546686808,0.6314007043838501
Embodied Multimodal Multitask Learning | OpenReview,3,0.1475855238247836,0.18614718614718614,0.14270704325692543,0.15765765765765766,0.635367751121521,0.7508169412612915,0.5270085533459982,0.6202975511550903
Emergence of Collective Policies Inside Simulations with Biased Representations | OpenReview,3,0.10920947185660133,0.11884057971014493,0.13641617451747776,0.14501510574018128,0.5838013291358948,0.7610193490982056,0.5544926524162292,0.7166764736175537
Emergence of Compositional Language with Deep Generational Transmission | OpenReview,3,0.11121391531857526,0.11716621253405994,0.1397103266822194,0.1576923076923077,0.6285170912742615,0.6640463471412659,0.6557873288790385,0.698911190032959
Emergence of functional and structural properties of the head direction system by optimization of recurrent neural networks | OpenReview,3,0.11689130732512269,0.12643678160919541,0.17379596421183754,0.18992248062015504,0.7020828326543173,0.7771031260490417,0.6375481685002645,0.6889527440071106
Emergent Systematic Generalization In a Situated Agent | OpenReview,3,0.10958806075037351,0.13861386138613863,0.08948857012419975,0.10192837465564739,0.4911176065603892,0.6779189109802246,0.37938140518963337,0.5805902481079102
Emergent Tool Use From Multi-Agent Autocurricula | OpenReview,3,0.11764180769946066,0.13533834586466165,0.14372559629912574,0.1606060606060606,0.5664215683937073,0.6082671284675598,0.5693774422009786,0.6347322463989258
EMPIR: Ensembles of Mixed Precision Deep Networks for Increased Robustness Against Adversarial Attacks | OpenReview,3,0.1554418868996874,0.178743961352657,0.1352725774810081,0.14556962025316456,0.6595156788825989,0.6997292637825012,0.6802115639050802,0.7441900968551636
Empirical Bayes Transductive Meta-Learning with Synthetic Gradients | OpenReview,3,0.13403255911692358,0.16153846153846155,0.13331747551922082,0.140625,0.6115331649780273,0.6698288917541504,0.5030320286750793,0.5699688792228699
Empirical confidence estimates for classification by deep neural networks | OpenReview,3,0.09978668520746557,0.12547528517110265,0.1428789740681224,0.15,0.5840898156166077,0.6094136834144592,0.6459988355636597,0.6698474884033203
Empirical Studies on the Properties of Linear Regions in Deep Neural Networks | OpenReview,3,0.1305335559617019,0.13636363636363635,0.15071863731160814,0.15789473684210525,0.6807310581207275,0.7377815842628479,0.7083556850751241,0.7662297487258911
Empowering Graph Representation Learning with Paired Training and Graph Co-Attention | OpenReview,3,0.11884484553282831,0.12598425196850394,0.15068038413452847,0.16766467065868262,0.4905075132846832,0.619837760925293,0.5119868218898773,0.576730489730835
Enabling Deep Spiking Neural Networks with Hybrid Conversion and Spike Timing Dependent Backpropagation | OpenReview,3,0.13392297694242197,0.1407035175879397,0.14477218687745003,0.16374269005847952,0.7897096474965414,0.8231812715530396,0.7803831100463867,0.8299158215522766
Encoder-Agnostic Adaptation for Conditional Language Generation | OpenReview,3,0.14945861156387472,0.16483516483516483,0.15123623623623625,0.15555555555555556,0.7190415461858114,0.7594282627105713,0.5001907646656036,0.5325426459312439
Encoder-decoder Network as Loss Function for Summarization | OpenReview,3,0.14138508209056921,0.1574468085106383,0.14429970744649354,0.18222222222222223,0.7407437960306803,0.7906694412231445,0.6612446506818136,0.7136315703392029
Encoding Musical Style with Transformer Autoencoders | OpenReview,2,0.11514104778353482,0.11917098445595854,0.15340802987861812,0.15555555555555556,0.6583420038223267,0.6987142562866211,0.6535638272762299,0.6754620671272278
Encoding word order in complex embeddings | OpenReview,4,0.1430869208694357,0.16091954022988506,0.17363930633384275,0.1875,0.6326401829719543,0.688475489616394,0.5299605801701546,0.5861935615539551
End to End Trainable Active Contours via Differentiable Rendering | OpenReview,3,0.11779740623831654,0.13043478260869565,0.1169682742289762,0.13559322033898305,0.6994678378105164,0.7375937700271606,0.6321860750516256,0.6924682259559631
End-To-End Input Selection for Deep Neural Networks | OpenReview,3,0.12146538332506107,0.12624584717607973,0.1388137554457082,0.14333333333333334,0.47674888372421265,0.5235260128974915,0.29715240001678467,0.3534961938858032
End-to-end learning of energy-based representations for irregularly-sampled signals and images | OpenReview,3,0.131937919259923,0.15416666666666667,0.18456120831333536,0.1910569105691057,0.6344155867894491,0.7132507562637329,0.48860396941502887,0.5366954803466797
End-to-end named entity recognition and relation extraction using pre-trained language models | OpenReview,3,0.1518204944307888,0.17391304347826086,0.1891292600667077,0.20224719101123595,0.6972276965777079,0.7842771410942078,0.7043850421905518,0.7883102297782898
Energy-Aware Neural Architecture Optimization with Fast Splitting Steepest Descent | OpenReview,3,0.1675023596035866,0.19230769230769232,0.1601234594788181,0.17647058823529413,0.5318390727043152,0.627750039100647,0.5134228964646658,0.6535208225250244
Energy-based models for atomic-resolution protein conformations | OpenReview,3,0.12947506033789222,0.15178571428571427,0.1427555736123102,0.15979381443298968,0.6673428614934286,0.7562962770462036,0.6330295403798422,0.6928097605705261
Enforcing Physical Constraints in Neural Neural Networks through Differentiable PDE Layer | OpenReview,3,0.10614099516279195,0.13592233009708737,0.1344426463118052,0.14222222222222222,0.5141098399957021,0.5415568351745605,0.3466840088367462,0.4070747494697571
Enhanced Convolutional Neural Tangent Kernels | OpenReview,3,0.11303687452375866,0.134185303514377,0.1303445789445508,0.15824915824915825,0.5342696706453959,0.5839459300041199,0.6179690361022949,0.709014892578125
Enhancing Adversarial Defense by k-Winners-Take-All | OpenReview,3,0.1409325196300624,0.16019417475728157,0.11414317508884698,0.12757201646090535,0.7598272562026978,0.8297998309135437,0.6347051858901978,0.6899136304855347
Enhancing Attention with Explicit Phrasal Alignments | OpenReview,3,0.13698196792903314,0.1564245810055866,0.17642406167979888,0.1891891891891892,0.7735884785652161,0.8242306113243103,0.7325958013534546,0.7421197891235352
Enhancing Language Emergence through Empathy | OpenReview,3,0.1473045445305662,0.178743961352657,0.13852379784515798,0.15639810426540285,0.7573921283086141,0.8407098054885864,0.5140577852725983,0.5551915764808655
Enhancing the Transformer with explicit relational encoding for math problem solving | OpenReview,3,0.15251274998567418,0.16666666666666666,0.14669199762456578,0.16483516483516483,0.7376536726951599,0.8063395023345947,0.5095437069733938,0.5950136184692383
Enhancing Transformation-Based Defenses Against Adversarial Attacks with a Distribution Classifier | OpenReview,3,0.13804778374782345,0.15606936416184972,0.16226708832232725,0.1787709497206704,0.6717109481493632,0.7634954452514648,0.6302541693051656,0.7073710560798645
Ensemble Distribution Distillation | OpenReview,3,0.12449316442781078,0.14156626506024098,0.1499088573052916,0.1755485893416928,0.5784428815046946,0.7630210518836975,0.5848618447780609,0.6893870234489441
Entropy Minimization In Emergent Languages | OpenReview,4,0.10484811522829307,0.125,0.11840270844176289,0.13915857605177995,0.6291876882314682,0.8055095672607422,0.5397699624300003,0.6384116411209106
Entropy Penalty: Towards Generalization Beyond the IID Assumption | OpenReview,3,0.1276922019853415,0.13564668769716087,0.14078467676160963,0.1518987341772152,0.6484792232513428,0.6721300482749939,0.4979006548722585,0.5617587566375732
Episodic Reinforcement Learning with Associative Memory | OpenReview,3,0.11147575177165155,0.12111801242236025,0.13937957113210311,0.1568627450980392,0.4782007733980815,0.6080936193466187,0.5794469316800436,0.6593514084815979
Equilibrium Propagation with Continual Weight Updates | OpenReview,3,0.101089220464376,0.11210762331838565,0.14004007685867928,0.15298507462686567,0.5423335631688436,0.5773607492446899,0.5430177251497904,0.6212464570999146
Equivariant Entity-Relationship Networks | OpenReview,5,0.1275157167055684,0.16025641025641027,0.1341516930681751,0.15337423312883436,0.642436146736145,0.6766335368156433,0.5990627527236938,0.6137094497680664
Equivariant neural networks and equivarification | OpenReview,4,0.12727966180168765,0.15879828326180256,0.16359981615130356,0.1695906432748538,0.4533616080880165,0.5585530996322632,0.5752541273832321,0.6550192832946777
Ergodic Inference: Accelerate Convergence by Optimisation | OpenReview,3,0.12089520461651465,0.13671875,0.12730082945331908,0.13278008298755187,0.5141355295976003,0.5661214590072632,0.5341549714406332,0.622712254524231
ES-MAML: Simple Hessian-Free Meta Learning | OpenReview,4,0.14049330910672272,0.17096774193548386,0.14639440066853784,0.21142857142857144,0.5359300673007965,0.594529390335083,0.6910373866558075,0.746687114238739
Escaping Saddle Points Faster with Stochastic Momentum | OpenReview,3,0.13412373145979703,0.14344262295081966,0.16715495409939854,0.1753846153846154,0.6896253824234009,0.7481733560562134,0.7269087036450704,0.751358151435852
Estimating counterfactual treatment outcomes over time through adversarially balanced representations | OpenReview,3,0.12027497642022782,0.13636363636363635,0.15343432147085115,0.15343915343915343,0.6237475275993347,0.682018518447876,0.5671255985895792,0.6780365109443665
Estimating Gradients for Discrete Random Variables by Sampling without Replacement | OpenReview,3,0.13928469250555062,0.15354330708661418,0.15782457471700498,0.16666666666666666,0.7151997486750284,0.7374317646026611,0.3932161827882131,0.5150994062423706
Evaluating and Calibrating Uncertainty Prediction in Regression Tasks | OpenReview,3,0.1067705392779651,0.1134020618556701,0.12164330783962685,0.1346153846153846,0.5454091827074686,0.629179060459137,0.4276762803395589,0.4944123923778534
Evaluating Lossy Compression Rates of Deep Generative Models | OpenReview,3,0.1218614838139062,0.14427860696517414,0.12831503766775626,0.17415730337078653,0.749401330947876,0.7702198624610901,0.7268611391385397,0.7329350113868713
Evaluating Semantic Representations of Source Code | OpenReview,3,0.14988223723373967,0.16981132075471697,0.15171841259944663,0.17937219730941703,0.7392364343007406,0.7906419038772583,0.6856959263483683,0.7166265249252319
Evaluating The Search Phase of Neural Architecture Search | OpenReview,3,0.16589895415773437,0.17218543046357615,0.13832383684925445,0.16243654822335024,0.7733254830042521,0.8151916265487671,0.8132238984107971,0.8272526860237122
Evaluations and Methods for Explanation through Robustness Analysis | OpenReview,2,0.10084033613445378,0.10427807486631016,0.14078969038208167,0.15942028985507245,0.42507368326187134,0.5295825004577637,0.5694263577461243,0.5905880928039551
Event Discovery for History Representation in Reinforcement Learning | OpenReview,3,0.1570907472244503,0.16722408026755853,0.15761042846098808,0.16785714285714284,0.647845466931661,0.6919331550598145,0.4745933711528778,0.5227017402648926
Event extraction from unstructured Amharic text | OpenReview,3,0.16356336903632065,0.1926605504587156,0.16404523684144537,0.1848341232227488,0.6929869651794434,0.8249897360801697,0.6177308559417725,0.7741838693618774
Evidence-Aware Entropy Decomposition For Active Deep Learning | OpenReview,2,0.1718666177259508,0.17757009345794392,0.136109750122489,0.13846153846153847,0.6580117344856262,0.6756975054740906,0.5132724642753601,0.5282347798347473
Evo-NAS: Evolutionary-Neural Hybrid Agent for Architecture Search | OpenReview,3,0.1385049195900079,0.1464968152866242,0.15555760444198577,0.18181818181818182,0.6266764203707377,0.7619062066078186,0.6103577613830566,0.7870194911956787
Evolutionary Population Curriculum for Scaling Multi-Agent Reinforcement Learning | OpenReview,3,0.12986338031543335,0.13801452784503632,0.13301752953849635,0.1735159817351598,0.6298132936159769,0.7358919382095337,0.6284835040569305,0.7770954370498657
Evolutionary Reinforcement Learning for Sample-Efficient Multiagent Coordination | OpenReview,3,0.11406897905491187,0.14410480349344978,0.11557452923192908,0.1349206349206349,0.7231743733088175,0.7483755350112915,0.5597360332806905,0.586104691028595
EvoNet: A Neural Network for Predicting the Evolution of Dynamic Graphs | OpenReview,3,0.15020506220506222,0.16756756756756758,0.15610896433733518,0.16379310344827586,0.6189504464467367,0.6785528659820557,0.6286923686663309,0.6516230702400208
EXACT ANALYSIS OF CURVATURE CORRECTED LEARNING DYNAMICS IN DEEP LINEAR NETWORKS | OpenReview,3,0.16725317790709782,0.2215909090909091,0.1390563788111054,0.1553398058252427,0.7828048467636108,0.8677696585655212,0.6838903625806173,0.7240102887153625
ExpandNets: Linear Over-parameterization to Train Compact Convolutional Networks | OpenReview,2,0.15314699478454605,0.16091954022988506,0.14543129504766333,0.16042780748663102,0.6058899164199829,0.6889145970344543,0.4396825432777405,0.48615366220474243
Expected Information Maximization: Using the I-Projection for Mixture Density Estimation | OpenReview,3,0.1530458972797338,0.15503875968992248,0.17103578094957406,0.1875,0.4707206388314565,0.6132923364639282,0.5469907522201538,0.6578508615493774
Expected Tight Bounds for Robust Deep Neural Network Training | OpenReview,3,0.0849193157898122,0.09787234042553192,0.11588969637372704,0.1263537906137184,0.4799872438112895,0.5716878771781921,0.6139498353004456,0.687497615814209
Explain Your Move: Understanding Agent Actions Using Focused Feature Saliency | OpenReview,3,0.12790151574443226,0.14754098360655737,0.15815358366606636,0.17670682730923695,0.7443034847577413,0.7839101552963257,0.7031802932421366,0.7160722613334656
Explaining A Black-box By Using A Deep Variational Information Bottleneck Approach | OpenReview,3,0.11234192123344139,0.12547528517110265,0.11208213470911517,0.13382899628252787,0.5844836831092834,0.7372720837593079,0.40891220172246295,0.44555947184562683
Explaining Time Series by Counterfactuals | OpenReview,3,0.13701899113109509,0.16972477064220184,0.11647779104675655,0.12315270935960591,0.5245892504851023,0.7245055437088013,0.42511099576950073,0.5455232858657837
Explanation by Progressive Exaggeration | OpenReview,2,0.09868527836390197,0.09900990099009901,0.1511286332714904,0.1645021645021645,0.4720454812049866,0.5342828631401062,0.5087686479091644,0.5362268686294556
Exploiting Excessive Invariance caused by Norm-Bounded Adversarial Robustness | OpenReview,3,0.1274779980557624,0.16470588235294117,0.14512213637929725,0.15723270440251572,0.7396043141682943,0.804898738861084,0.6503190994262695,0.6674574613571167
EXPLOITING SEMANTIC COHERENCE TO IMPROVE PREDICTION IN SATELLITE SCENE IMAGE ANALYSIS: APPLICATION TO DISEASE DENSITY ESTIMATION | OpenReview,3,0.1289918965552383,0.15315315315315314,0.13546745326601659,0.140625,0.5750354528427124,0.6443167924880981,0.5487423837184906,0.6185585260391235
Exploration Based Language Learning for Text-Based Games | OpenReview,3,0.1355130249867092,0.14871794871794872,0.16126554586982753,0.1902834008097166,0.6615151166915894,0.679122805595398,0.6320862174034119,0.6636844873428345
Exploration in Reinforcement Learning with Deep Covering Options | OpenReview,3,0.13787970998127133,0.16459627329192547,0.15553177484505062,0.17272727272727273,0.7888422608375549,0.8210452795028687,0.32240838805834454,0.357079416513443
Exploration via Flow-Based Intrinsic Rewards | OpenReview,3,0.12506724469336492,0.13245033112582782,0.11935058291106292,0.13580246913580246,0.7214958270390829,0.7613343596458435,0.540070374806722,0.5759503841400146
Exploratory Not Explanatory: Counterfactual Analysis of Saliency Maps for Deep RL | OpenReview,3,0.15456493918523903,0.19375,0.13396456283662891,0.1411764705882353,0.721026619275411,0.791483998298645,0.7257848978042603,0.7362915873527527
Exploring Cellular Protein Localization Through Semantic Image Synthesis | OpenReview,3,0.12352780764231482,0.15204678362573099,0.12379985005683329,0.14285714285714285,0.6560257275899252,0.7303066253662109,0.5616499980290731,0.6710143089294434
Exploring Model-based Planning with Policy Networks | OpenReview,3,0.1426683506864671,0.1540880503144654,0.15658755828931062,0.17843866171003717,0.6110085646311442,0.6760035753250122,0.49555355310440063,0.5037881135940552
Exploring the Correlation between Likelihood of Flow-based Generative Models and Image Semantics | OpenReview,3,0.14354312736207156,0.1619718309859155,0.1507340678888931,0.17472118959107807,0.6395932038625082,0.7420989871025085,0.656174381573995,0.7285683751106262
Extracting and Leveraging Feature Interaction Interpretations | OpenReview,3,0.14484207506522953,0.15354330708661418,0.1726234952826301,0.1892744479495268,0.5664750834306082,0.65966796875,0.3502281904220581,0.4814905524253845
Extreme Classification via Adversarial Softmax Approximation | OpenReview,3,0.11754442932541646,0.13953488372093023,0.14851836808913074,0.1553398058252427,0.6524544755617777,0.7132992148399353,0.495719035466512,0.554295539855957
Extreme Tensoring for Low-Memory Preconditioning | OpenReview,3,0.09806134828828768,0.11610486891385768,0.12263364322139887,0.1459227467811159,0.47072066863377887,0.7276772856712341,0.451148584485054,0.7151263952255249
Extreme Triplet Learning: Effectively Optimizing Easy Positives and Hard Negatives | OpenReview,3,0.12214805827451607,0.13872832369942195,0.1434522031834358,0.15963855421686746,0.6475492914517721,0.6662653684616089,0.5689062277475992,0.6133205890655518
Extreme Value k-means Clustering | OpenReview,4,0.14526214700701073,0.16230366492146597,0.1758418462443645,0.18791946308724833,0.6704580634832382,0.7474877238273621,0.5941869169473648,0.6698130965232849
Extreme Values are Accurate and Robust in Deep Networks | OpenReview,3,0.1554203086068158,0.16593886462882096,0.1629100751672008,0.1728395061728395,0.679494301478068,0.7182658910751343,0.6112158497174581,0.6429486274719238
Fair Resource Allocation in Federated Learning | OpenReview,3,0.1618735707357366,0.20710059171597633,0.14963478465588168,0.17088607594936708,0.7554692625999451,0.8129180669784546,0.6260639826456705,0.7145267724990845
Fairness with Wasserstein Adversarial Networks | OpenReview,3,0.09859831299986543,0.11400651465798045,0.12183561495235036,0.1324200913242009,0.701404333114624,0.7602792978286743,0.7265143990516663,0.7364569902420044
FALCON: Fast and Lightweight Convolution for Compressing and Accelerating CNN | OpenReview,3,0.16152437444725345,0.18695652173913044,0.13899937355811987,0.14917127071823205,0.7157868345578512,0.8465679883956909,0.5555826326211294,0.5950464010238647
Fantastic Generalization Measures and Where to Find Them | OpenReview,3,0.12405321828866533,0.13915857605177995,0.14044290896458872,0.15181518151815182,0.5840946535269419,0.6984784007072449,0.5995655655860901,0.7008620500564575
"Farkas layers: don*t shift the data, fix the geometry | OpenReview",3,0.10172353493825648,0.13043478260869565,0.12470764602533398,0.14622641509433962,0.5865342020988464,0.6181123852729797,0.5897502899169922,0.6229111552238464
Fast is better than free: Revisiting adversarial training | OpenReview,3,0.13080049146667924,0.1320754716981132,0.140058679000936,0.16738197424892703,0.6375393668810526,0.6732022762298584,0.5938643217086792,0.6163080930709839
"Fast Linear Interpolation for Piecewise-Linear Functions, GAMs, and Deep Lattice Networks | OpenReview",3,0.1226440651728008,0.13227513227513227,0.14389322900138873,0.17670682730923695,0.587231328090032,0.6928545236587524,0.45790353417396545,0.5521107912063599
Fast Machine Learning with Byzantine Workers and Servers | OpenReview,3,0.08831548135878187,0.116751269035533,0.13436941981174905,0.1574468085106383,0.48788443207740784,0.6013209819793701,0.5392721196015676,0.6225743293762207
Fast Neural Network Adaptation via Parameters Remapping | OpenReview,3,0.11547004573503876,0.14814814814814814,0.14508629296819284,0.16666666666666666,0.6679067015647888,0.7608545422554016,0.6242512861887614,0.6882889270782471
Fast Task Adaptation for Few-Shot Learning | OpenReview,3,0.14226023077955186,0.16731517509727625,0.17916629762339223,0.1951219512195122,0.7512455582618713,0.797904372215271,0.48302576939264935,0.5232141613960266
Fast Task Inference with Variational Intrinsic Successor Features | OpenReview,3,0.11361375151153356,0.11904761904761904,0.12422818309357449,0.15644171779141106,0.6376479268074036,0.6729374527931213,0.3987136781215668,0.43865883350372314
Fast Training of Sparse Graph Neural Networks on Dense Hardware | OpenReview,3,0.1342154875083369,0.1461187214611872,0.1546632854325162,0.16483516483516483,0.7175290584564209,0.7734650373458862,0.6309866110483805,0.7182185649871826
Faster Neural Network Training with Data Echoing | OpenReview,3,0.11661645053821956,0.13100436681222707,0.13230877215845746,0.14331210191082802,0.5769046147664388,0.6150208115577698,0.5488146046797434,0.6020647883415222
FasterSeg: Searching for Faster Real-time Semantic Segmentation | OpenReview,3,0.11857583012706667,0.15319148936170213,0.1445722833051969,0.1607843137254902,0.7449304660161337,0.7647253274917603,0.7115004658699036,0.7367345094680786
Feature Map Transform Coding for Energy-Efficient CNN Inference | OpenReview,3,0.14325552058491706,0.15086206896551724,0.14938166756064128,0.16911764705882354,0.6002204219500223,0.6445053219795227,0.554809053738912,0.6087870597839355
Feature Partitioning for Efficient Multi-Task Architectures | OpenReview,3,0.1263670490695413,0.15178571428571427,0.13212487485816207,0.15300546448087432,0.6207508643468221,0.6646281480789185,0.44479431708653766,0.4858331084251404
Feature Selection using Stochastic Gates | OpenReview,3,0.1017266007880462,0.11080332409972299,0.14218630021973,0.15591397849462366,0.5205023288726807,0.5926475524902344,0.430753489335378,0.4363177418708801
Feature-map-level Online Adversarial Knowledge Distillation | OpenReview,3,0.13827280997335858,0.16778523489932887,0.12594388475661425,0.15,0.6682853500048319,0.7706413269042969,0.4241093496481578,0.5470870733261108
"Feature-Robustness, Flatness and Generalization Error for Deep Neural Networks | OpenReview",3,0.14367547348665233,0.15267175572519084,0.11901027402944447,0.12582781456953643,0.6407143870989481,0.7722373604774475,0.6348284085591634,0.7900723218917847
Federated Adversarial Domain Adaptation | OpenReview,3,0.13602524371294392,0.14883720930232558,0.1280854350746824,0.13736263736263737,0.5277136266231537,0.5900051593780518,0.6524926424026489,0.6986907720565796
Federated Learning with Matched Averaging | OpenReview,3,0.0868375719116068,0.10860655737704918,0.09735568639481951,0.12095032397408208,0.61351611216863,0.6484178304672241,0.5951938331127167,0.6997518539428711
Federated User Representation Learning | OpenReview,3,0.09737114737114738,0.1111111111111111,0.13268510704797623,0.144,0.6398463050524393,0.7230253219604492,0.5267554223537445,0.5896662473678589
Few-Shot Few-Shot Learning and the role of Spatial Attention | OpenReview,3,0.16179353054353054,0.175,0.18136693020202302,0.21951219512195122,0.6701239347457886,0.7573081254959106,0.6775913039843241,0.7211849093437195
Few-shot Learning by Focusing on Differences | OpenReview,3,0.1476069295101553,0.168,0.16078624586229148,0.16987179487179488,0.6529267032941183,0.6916211843490601,0.6220811406771342,0.6569671034812927
FEW-SHOT LEARNING ON GRAPHS VIA SUPER-CLASSES BASED ON GRAPH SPECTRAL MEASURES | OpenReview,3,0.15868719866993994,0.16806722689075632,0.15163572060123784,0.17142857142857143,0.7827775677045187,0.810711145401001,0.718584140141805,0.7485082149505615
Few-Shot One-Class Classification via Meta-Learning | OpenReview,3,0.13076013161731018,0.14,0.18021812837586648,0.18811881188118812,0.6777225534121195,0.7193952798843384,0.6120171447594961,0.6858418583869934
Few-Shot Regression via Learning Sparsifying Basis Functions | OpenReview,3,0.12846997104986405,0.13993174061433447,0.12912964889506748,0.14285714285714285,0.6718068718910217,0.7741601467132568,0.5062708159287771,0.5443722009658813
Few-shot Text Classification with Distributional Signatures | OpenReview,3,0.12138995242741353,0.13058419243986255,0.091861744480637,0.104,0.6092975536982218,0.7648561000823975,0.518951932589213,0.6314435601234436
Filling the Soap Bubbles: Efficient Black-Box Adversarial Certification with Non-Gaussian Smoothing | OpenReview,3,0.11637226794039178,0.12048192771084337,0.08783428342834283,0.0891089108910891,0.704320232073466,0.7646390199661255,0.6998977263768514,0.7631665468215942
Filter redistribution templates for iteration-lessconvolutional model reduction | OpenReview,4,0.14672483785146306,0.17424242424242425,0.13353701537145585,0.15476190476190477,0.606077678501606,0.7217977643013,0.5414352342486382,0.5917702913284302
FINBERT: FINANCIAL SENTIMENT ANALYSIS WITH PRE-TRAINED LANGUAGE MODELS | OpenReview,4,0.15988547680960752,0.17616580310880828,0.1775546957731764,0.21296296296296297,0.7111200094223022,0.7506489753723145,0.7078509032726288,0.730750322341919
Finding and Visualizing Weaknesses of Deep Reinforcement Learning Agents | OpenReview,3,0.11301951493909695,0.125,0.1526918156409546,0.15676959619952494,0.6627490719159445,0.7663075923919678,0.54328453540802,0.5707113742828369
Finding Deep Local Optima Using Network Pruning | OpenReview,3,0.12483449396430524,0.13761467889908258,0.13993427816957227,0.16289592760180996,0.5834412177403768,0.7238326072692871,0.5858723521232605,0.6331197619438171
Finding Mixed Strategy Nash Equilibrium for Continuous Games through Deep Learning | OpenReview,3,0.13734102055061506,0.16806722689075632,0.1666824610133798,0.17,0.5988343755404154,0.6772260665893555,0.6868156592051188,0.815987229347229
Finding Winning Tickets with Limited (or No) Supervision | OpenReview,4,0.14941322122217665,0.1736111111111111,0.14202472689839712,0.1702127659574468,0.6070102155208588,0.674251914024353,0.41346199065446854,0.5605607032775879
Finite Depth and Width Corrections to the Neural Tangent Kernel | OpenReview,3,0.09251293292275035,0.0992063492063492,0.16329534705509058,0.16838487972508592,0.701887845993042,0.7301476001739502,0.712515632311503,0.7607048749923706
First-Order Preconditioning via Hypergradient Descent | OpenReview,3,0.10651066569473004,0.12087912087912088,0.15376961544534107,0.17716535433070865,0.5658722917238871,0.6113660335540771,0.671966036160787,0.7704400420188904
FLAT MANIFOLD VAES | OpenReview,3,0.10763155128002944,0.1126005361930295,0.11371766031360575,0.11797752808988764,0.6256235241889954,0.7576183676719666,0.5054210225741068,0.5751808285713196
Flexible and Efficient Long-Range Planning Through Curious Exploration | OpenReview,3,0.10747096107905056,0.1111111111111111,0.15191591122077205,0.16956521739130434,0.46603794892628986,0.49605345726013184,0.6537740429242452,0.6970677375793457
FleXOR: Trainable Fractional Quantization | OpenReview,3,0.1577829550401826,0.19014084507042253,0.17381285381285383,0.1978021978021978,0.7501970926920573,0.8259152173995972,0.6579697330792745,0.668681263923645
FLUID FLOW MASS TRANSPORT FOR GENERATIVE NETWORKS | OpenReview,3,0.1513876159722838,0.1732283464566929,0.13895611739860683,0.15319148936170213,0.6871800025304159,0.7309198975563049,0.6090627908706665,0.6540301442146301
Fooling Detection Alone is Not Enough: Adversarial Attack against Multiple Object Tracking | OpenReview,3,0.1629201163129391,0.19,0.1596476553775216,0.1797752808988764,0.7318027218182882,0.7459968328475952,0.6484511295954386,0.6626818180084229
Forecasting Deep Learning Dynamics with Applications to Hyperparameter Tuning | OpenReview,3,0.10623504784688996,0.11842105263157894,0.12860118521159736,0.14790996784565916,0.5568210681279501,0.6313002109527588,0.5258665780226389,0.5947337746620178
Fourier networks for uncertainty estimates and out-of-distribution detection | OpenReview,3,0.12315767740296042,0.12626262626262627,0.14117800957039398,0.16766467065868262,0.6601658264795939,0.7638200521469116,0.520275334517161,0.6097228527069092
FoveaBox: Beyound Anchor-based Object Detection | OpenReview,3,0.13539590012454664,0.14942528735632185,0.1285254775766573,0.1446280991735537,0.6661670009295145,0.7882716655731201,0.5721758405367533,0.6915122270584106
FR-GAN: Fair and Robust Training | OpenReview,3,0.14636147395581356,0.1509433962264151,0.16214806309208088,0.19907407407407407,0.8025027910868326,0.8266003131866455,0.8018021782239279,0.8126400709152222
Fractional Graph Convolutional Networks (FGCN) for Semi-Supervised Learning | OpenReview,3,0.13565796652909645,0.13953488372093023,0.09668410901335667,0.10365853658536585,0.5666038990020752,0.6263179779052734,0.24740126729011536,0.3056511878967285
FreeLB: Enhanced Adversarial Training for Language Understanding | OpenReview,2,0.14879024796447077,0.15025906735751296,0.15050521512385917,0.15677966101694915,0.7207527458667755,0.7396751046180725,0.6275573670864105,0.6316109895706177
Frequency Analysis for Graph Convolution Network | OpenReview,3,0.1164970965368453,0.13270142180094788,0.11920630394657639,0.12560386473429952,0.6828058362007141,0.7103475332260132,0.5189261138439178,0.5817422866821289
Frequency Pooling: Shift-Equivalent and Anti-Aliasing Down Sampling | OpenReview,3,0.11859857595151713,0.14414414414414414,0.11916600144448246,0.13513513513513514,0.7271419366200765,0.7725580930709839,0.6942446033159891,0.7290087342262268
Frequency Principle: Fourier Analysis Sheds Light on Deep Neural Networks | OpenReview,3,0.13935020408746754,0.14873417721518986,0.14945218129180393,0.19339622641509435,0.6640190084775289,0.7353156805038452,0.5843761165936788,0.6532449126243591
Frequency-based Search-control in Dyna | OpenReview,3,0.12356630220845215,0.15346534653465346,0.19541261583515104,0.24413145539906103,0.5495407283306122,0.6431524753570557,0.5157982707023621,0.546352744102478
FRICATIVE PHONEME DETECTION WITH ZERO DELAY | OpenReview,3,0.10480592486203873,0.13471502590673576,0.13797884795421742,0.14414414414414414,0.3938187000652154,0.6582537889480591,0.413153516749541,0.6676564812660217
From English to Foreign Languages: Transferring Pre-trained Language Models | OpenReview,3,0.13934678330405567,0.1566265060240964,0.1826173232941477,0.1935483870967742,0.6434642672538757,0.6870949864387512,0.6504347523053488,0.7390577793121338
From Inference to Generation: End-to-end Fully Self-supervised Generation of Human Face from Speech | OpenReview,3,0.13435296748792236,0.1518324607329843,0.14890620664083695,0.16532258064516128,0.6372569799423218,0.7516059875488281,0.5767808357874552,0.6628642082214355
From Variational to Deterministic Autoencoders | OpenReview,3,0.14138626386770606,0.14227642276422764,0.15986157162457676,0.18442622950819673,0.6346771121025085,0.6975584030151367,0.6597644488016764,0.6696084141731262
Frustratingly easy quasi-multitask learning | OpenReview,2,0.13804792216529524,0.1415929203539823,0.15036441044883822,0.16463414634146342,0.6625813543796539,0.7031174898147583,0.597199410200119,0.6243438720703125
FSNet: Compression of Deep Convolutional Neural Networks by Filter Summary | OpenReview,3,0.144379116650908,0.15384615384615385,0.15329145933599805,0.1608695652173913,0.6574124892552694,0.6807247400283813,0.6003024776776632,0.6443144679069519
FSPool: Learning Set Representations with Featurewise Sort Pooling | OpenReview,3,0.13667783829074154,0.16428571428571428,0.15750258719638252,0.16993464052287582,0.5532921950022379,0.6877492070198059,0.531906654437383,0.6245554089546204
Fully Convolutional Graph Neural Networks using Bipartite Graph Convolutions | OpenReview,3,0.10856337164580793,0.12403100775193798,0.141289708681013,0.15454545454545454,0.7062092622121176,0.726556658744812,0.6781187653541565,0.6975330114364624
Fully Polynomial-Time Randomized Approximation Schemes for Global Optimization of High-Dimensional Folded Concave Penalized Generalized Linear Models | OpenReview,3,0.11940040287772168,0.1532258064516129,0.13199570206198333,0.13924050632911392,0.5106948614120483,0.6562933325767517,0.5259831150372823,0.6093529462814331
Function Feature Learning of Neural Networks | OpenReview,2,0.13551026508004707,0.15577889447236182,0.18729563119807022,0.2097560975609756,0.6054207384586334,0.6169968843460083,0.5930025279521942,0.596695065498352
Functional Regularisation for Continual Learning with Gaussian Processes | OpenReview,3,0.10850249995667642,0.11635220125786164,0.1616328210555715,0.2,0.6796950697898865,0.7069047093391418,0.58899986743927,0.6309199333190918
Functional vs. parametric equivalence of ReLU networks | OpenReview,3,0.1287706166427154,0.15210355987055016,0.1763531816153684,0.1902654867256637,0.6670506695906321,0.778677761554718,0.7187466621398926,0.7587704658508301
GAN-based Gaussian Mixture Model Responsibility Learning | OpenReview,3,0.12731978840765454,0.14114114114114115,0.15467303794273993,0.1743119266055046,0.6139691869417826,0.6334624290466309,0.6007744073867798,0.6243559122085571
Gap-Aware Mitigation of Gradient Staleness | OpenReview,3,0.1376821294081694,0.14410480349344978,0.16375907347540156,0.1671388101983003,0.5926512281099955,0.6329655647277832,0.6981004277865092,0.7448204755783081
GATO: Gates Are Not the Only Option | OpenReview,3,0.10673199257446515,0.12091503267973856,0.11938791616380773,0.13758389261744966,0.6401671369870504,0.6813743710517883,0.5683503150939941,0.5937503576278687
Gauge Equivariant Spherical CNNs | OpenReview,3,0.14378811159446536,0.15816326530612246,0.14871878590945906,0.16049382716049382,0.7016588449478149,0.8125774264335632,0.5645582179228464,0.629218578338623
Gaussian Conditional Random Fields for Classification | OpenReview,3,0.13925778622725304,0.15151515151515152,0.14531771473785737,0.16730038022813687,0.5552417735258738,0.6134920120239258,0.3223216036955516,0.3590187430381775
Gaussian MRF Covariance Modeling for Efficient Black-Box Adversarial Attacks | OpenReview,3,0.15065249860945232,0.17028985507246377,0.1576458146133378,0.16906474820143885,0.6099508802096049,0.6283706426620483,0.5959917108217875,0.667366087436676
Gaussian Process Meta-Representations Of Neural Networks | OpenReview,3,0.12633313801576737,0.16475095785440613,0.13552162818460456,0.14336917562724014,0.6973762909571329,0.7461354732513428,0.4951433042685191,0.561221182346344
GDP: Generalized Device Placement for Dataflow Graphs | OpenReview,3,0.11973269718934458,0.12427745664739884,0.12098539748584136,0.12849162011173185,0.5820347766081492,0.6844788789749146,0.6826849778493246,0.758554220199585
GenDICE: Generalized Offline Estimation of Stationary Values | OpenReview,3,0.11584532447208502,0.12323943661971831,0.1030660744896369,0.13043478260869565,0.5326264202594757,0.5963132381439209,0.36314523220062256,0.45429372787475586
GENERALIZATION GUARANTEES FOR NEURAL NETS VIA HARNESSING THE LOW-RANKNESS OF JACOBIAN | OpenReview,3,0.11775059784519777,0.1258741258741259,0.16494809203142535,0.16666666666666666,0.6488392551740011,0.6753302216529846,0.5572431882222494,0.5936909914016724
Generalization of Two-layer Neural Networks: An Asymptotic Viewpoint | OpenReview,3,0.18052786853447364,0.22459893048128343,0.16895089277301553,0.1935483870967742,0.6698460578918457,0.6962003111839294,0.7427594463030497,0.791511058807373
Generalization through Memorization: Nearest Neighbor Language Models | OpenReview,3,0.1210172577598198,0.1423728813559322,0.15101097122022644,0.15675675675675677,0.6296597520510355,0.7466845512390137,0.4466966489950816,0.5214670896530151
Generalized Bayesian Posterior Expectation Distillation for Deep Neural Networks | OpenReview,3,0.15165516020534608,0.17857142857142858,0.1408110949093552,0.15181518151815182,0.6639370918273926,0.8333478569984436,0.5850875576337179,0.6040605306625366
Generalized Clustering by Learning to Optimize Expected Normalized Cuts | OpenReview,3,0.14256096947699443,0.1485148514851485,0.13922766834113087,0.15126050420168066,0.6495863199234009,0.7207353711128235,0.5584138234456381,0.5990433096885681
Generalized Convolutional Forest Networks for Domain Generalization and Visual Recognition | OpenReview,3,0.1259478631950299,0.1520912547528517,0.15546106823776726,0.184,0.5929674307505289,0.6916911602020264,0.6628578901290894,0.6924310326576233
Generalized Domain Adaptation with Covariate and Label Shift CO-ALignment | OpenReview,3,0.1166430191061371,0.12931034482758622,0.1548376326757502,0.17337461300309598,0.5787102580070496,0.6228001117706299,0.5717145999272665,0.5983185768127441
Generalized Inner Loop Meta-Learning | OpenReview,3,0.11995405109003494,0.16568047337278108,0.1258886699477392,0.14383561643835616,0.4773367742697398,0.5620371103286743,0.5876497228940328,0.6245056390762329
Generalized Natural Language Grounded Navigation via Environment-agnostic Multitask Learning | OpenReview,3,0.13765770836264715,0.15210355987055016,0.15486315462728548,0.17689530685920576,0.6201149423917135,0.6340705156326294,0.5757420063018799,0.6066676378250122
Generalized Zero-shot ICD Coding | OpenReview,3,0.15058023982150567,0.16455696202531644,0.16561385968962503,0.17880794701986755,0.529916783173879,0.6334490776062012,0.5988078514734904,0.7096134424209595
Generalizing Reinforcement Learning to Unseen Actions | OpenReview,3,0.11643388058482397,0.14150943396226415,0.1823602973926748,0.19444444444444445,0.5536250372727712,0.6234325170516968,0.6658576528231303,0.7350108623504639
Generating Dialogue Responses From A Semantic Latent Space | OpenReview,3,0.14416064466193587,0.15859030837004406,0.15858060548748745,0.18352059925093633,0.7097759048144022,0.7826775908470154,0.6451152761777242,0.6943697929382324
Generating Multi-Sentence Abstractive Summaries of Interleaved Texts | OpenReview,3,0.11098835970229394,0.12299465240641712,0.15491300460321336,0.15658362989323843,0.6408356428146362,0.6755653023719788,0.369367112716039,0.3890283703804016
Generating Robust Audio Adversarial Examples using Iterative Proportional Clipping | OpenReview,3,0.13857044875563396,0.15079365079365079,0.18655273937532002,0.20430107526881722,0.7747270663579305,0.8123906850814819,0.7321402033170065,0.81345534324646
Generating Semantic Adversarial Examples with Differentiable Rendering | OpenReview,3,0.13821135182552527,0.1569767441860465,0.137701630176273,0.14150943396226415,0.7481604417165121,0.7881239652633667,0.7356022596359253,0.7610129714012146
Generating valid Euclidean distance matrices | OpenReview,3,0.11689736472704641,0.15040650406504066,0.11396171487243477,0.14224137931034483,0.6432098944981893,0.679868221282959,0.4498684803644816,0.5104272365570068
Generative Adversarial Nets for Multiple Text Corpora | OpenReview,3,0.14291874657833384,0.159375,0.13212682188188363,0.1390728476821192,0.7264914711316427,0.7469034790992737,0.7168961962064108,0.7904073596000671
Generative Adversarial Networks For Data Scarcity Industrial Positron Images With Attention | OpenReview,3,0.10445167529371652,0.13333333333333333,0.13894805577015046,0.15609756097560976,0.3718727032343547,0.4299547076225281,0.4200849036375682,0.5013841390609741
Generative Cleaning Networks with Quantized Nonlinear Transform for Deep Neural Network Defense | OpenReview,3,0.15167717172977213,0.18421052631578946,0.11619708994708994,0.12698412698412698,0.7736391623814901,0.8720201849937439,0.5325114727020264,0.5528922080993652
"Generative Hierarchical Models for Parts, Objects, and Scenes | OpenReview",3,0.11836236835707065,0.136,0.14495005642784412,0.16194331983805668,0.6199600497881571,0.7238857746124268,0.5520538091659546,0.6361504793167114
Generative Imputation and Stochastic Prediction | OpenReview,3,0.1291622121029902,0.14054054054054055,0.13026213070279605,0.1471698113207547,0.6399505535761515,0.6959965229034424,0.6959214011828104,0.7471442818641663
Generative Latent Flow | OpenReview,3,0.09237848632817686,0.09895833333333333,0.14557403678012318,0.1559633027522936,0.6413899262746176,0.7933101654052734,0.5013218323389689,0.6390671133995056
"Generative Models for Effective ML on Private, Decentralized Datasets | OpenReview",3,0.11164011862658235,0.12648221343873517,0.12534162913767377,0.14096916299559473,0.6762155691782633,0.7305685877799988,0.5584200024604797,0.5802168250083923
Generative Ratio Matching Networks | OpenReview,3,0.11996645202956484,0.12878787878787878,0.13358142795261987,0.15204678362573099,0.5621740619341532,0.5780948400497437,0.5747184753417969,0.6574922800064087
Generative Restricted Kernel Machines | OpenReview,3,0.1574142401787453,0.18018018018018017,0.1388830788183271,0.1583011583011583,0.6203866600990295,0.6974201202392578,0.4946371217568715,0.6098243594169617
Generative Teaching Networks: Accelerating Neural Architecture Search by Learning to Generate Synthetic Training Data | OpenReview,3,0.1476014218402399,0.15460526315789475,0.1617852269112773,0.19852941176470587,0.6375120480855306,0.6443178057670593,0.6982091069221497,0.70189368724823
GENESIS: Generative Scene Inference and Sampling with Object-Centric Latent Representations | OpenReview,3,0.13152098472253856,0.16176470588235295,0.13479824934625553,0.1735159817351598,0.7186504801114401,0.7669689059257507,0.6488173206647238,0.696203351020813
GENN: Predicting Correlated Drug-drug Interactions with Graph Energy Neural Networks | OpenReview,3,0.1671636218350047,0.1864406779661017,0.15171453773636914,0.1711229946524064,0.6321499149004618,0.7005881071090698,0.7088995575904846,0.7329084873199463
Geom-GCN: Geometric Graph Convolutional Networks | OpenReview,3,0.14483866097865047,0.1640625,0.16716282097401378,0.196,0.6135033965110779,0.6607025861740112,0.6739609241485596,0.7405303716659546
Geometric Analysis of Nonconvex Optimization Landscapes for Overcomplete Learning | OpenReview,3,0.1309595426904697,0.14339622641509434,0.12113994289458781,0.12396694214876033,0.4995311399300893,0.5327380895614624,0.5673444668451945,0.5748981237411499
Geometric Insights into the Convergence of Nonlinear TD Learning | OpenReview,4,0.13467634233635328,0.15298507462686567,0.1631357110534153,0.17669172932330826,0.6207852065563202,0.6905460357666016,0.599845364689827,0.6153991222381592
Geometry-aware Generation of Adversarial and Cooperative Point Clouds | OpenReview,3,0.12638981957163775,0.1446280991735537,0.1563133375288539,0.17012448132780084,0.7384417057037354,0.8009035587310791,0.6128697594006857,0.6509631276130676
GLAD: Learning Sparse Graph Recovery | OpenReview,3,0.1435416311546208,0.16019417475728157,0.12124340691059565,0.12949640287769784,0.5596479574839274,0.5985838174819946,0.3019866446654002,0.3983292877674103
Global Adversarial Robustness Guarantees for Neural Networks | OpenReview,3,0.11992186322832288,0.13705583756345177,0.13402983685875566,0.135,0.6901233990987142,0.7525789737701416,0.7561955650647482,0.8121445178985596
Global Concavity and Optimization in a Class of Dynamic Discrete Choice Models | OpenReview,3,0.1547364593364703,0.16917293233082706,0.1661832736773958,0.1906474820143885,0.712918738524119,0.7505519986152649,0.6669070521990458,0.682824432849884
Global graph curvature | OpenReview,3,0.1184409267952844,0.15028901734104047,0.18595395859493222,0.21182266009852216,0.6958040793736776,0.7255094051361084,0.7023840745290121,0.773906946182251
Global Momentum Compression for Sparse Communication in Distributed SGD | OpenReview,3,0.14562162374732823,0.19186046511627908,0.15475561376099012,0.16826923076923078,0.7156486113866171,0.7683346271514893,0.7034804026285807,0.7578822374343872
Global Relational Models of Source Code | OpenReview,3,0.1379405370908003,0.15422885572139303,0.14838009592671683,0.16847826086956522,0.36346670985221863,0.4056818187236786,0.4165515700976054,0.5612002611160278
Global-Local Network for Learning Depth with Very Sparse Supervision | OpenReview,3,0.12767144370187394,0.1608695652173913,0.14591672880446868,0.14859437751004015,0.4893443087736766,0.5324978828430176,0.5852723916371664,0.6784125566482544
GNN-FiLM: Graph Neural Networks with Feature-wise Linear Modulation | OpenReview,3,0.15696745057941378,0.19631901840490798,0.14308838203248245,0.1686746987951807,0.7313607136408488,0.7427190542221069,0.7172353466351827,0.7328342199325562
Goal-Conditioned Video Prediction | OpenReview,3,0.13267158433436502,0.14590747330960854,0.1331455527063008,0.14583333333333334,0.5638433297475179,0.666161060333252,0.5311316649119059,0.6008811593055725
GOING BEYOND TOKEN-LEVEL PRE-TRAINING FOR EMBEDDING-BASED LARGE-SCALE RETRIEVAL | OpenReview,3,0.14510979111693764,0.16585365853658537,0.14385096628046581,0.16336633663366337,0.7752268115679423,0.8028764724731445,0.60632852713267,0.6449398994445801
Good Semi-supervised VAE Requires Tighter Evidence Lower Bound | OpenReview,3,0.12580266543681176,0.1554054054054054,0.14992471139367577,0.18571428571428572,0.7199864983558655,0.8077664971351624,0.7021738290786743,0.741040825843811
Goten: GPU-Outsourcing Trusted Execution of Neural Network Training and Prediction | OpenReview,3,0.11193436312109022,0.13813813813813813,0.14713728911625845,0.17894736842105263,0.7439656058947245,0.7782498598098755,0.7447178363800049,0.8133845925331116
GPNET: MONOCULAR 3D VEHICLE DETECTION BASED ON LIGHTWEIGHT WHEEL GROUNDING POINT DETECTION NETWORK | OpenReview,3,0.10457250901695346,0.13580246913580246,0.11487990203168541,0.13043478260869565,0.6141883730888367,0.6575081944465637,0.4574283957481384,0.6142450571060181
GQ-Net: Training Quantization-Friendly Deep Networks | OpenReview,3,0.12812272192156118,0.1444043321299639,0.13993390305125575,0.1444141689373297,0.6618340412775675,0.6911253929138184,0.6165920495986938,0.6670469045639038
Gradient $ell_1$ Regularization for Quantization Robustness | OpenReview,3,0.1449155419743655,0.17857142857142858,0.1526102998666988,0.1797752808988764,0.6485555569330851,0.7210348844528198,0.6848361492156982,0.7502789497375488
Gradient Descent can Learn Less Over-parameterized Two-layer Neural Networks on Classification Problems | OpenReview,3,0.170913666521079,0.17872340425531916,0.14946036834260804,0.16129032258064516,0.7549661000569662,0.7940791845321655,0.58194633324941,0.5997827053070068
Gradient Descent Maximizes the Margin of Homogeneous Neural Networks | OpenReview,3,0.1439313003472341,0.1574074074074074,0.16041486237341107,0.17180616740088106,0.6846402088801066,0.7349169254302979,0.6470231413841248,0.7235156893730164
Gradient Perturbation is Underrated for Differentially Private Convex Optimization | OpenReview,3,0.14484169616078627,0.15139442231075698,0.13844421693786485,0.17105263157894737,0.7526230017344157,0.8012655973434448,0.6644999782244364,0.7253641486167908
Gradient Surgery for Multi-Task Learning | OpenReview,3,0.09850804359107422,0.10975609756097561,0.13717104953197556,0.16408668730650156,0.6641021768252054,0.7323958277702332,0.5557418862978617,0.5877352952957153
Gradient-Based Neural DAG Learning | OpenReview,3,0.14025599747377315,0.16595744680851063,0.13964810203916958,0.1450980392156863,0.38173450032869977,0.49710142612457275,0.42998071511586505,0.4912075400352478
Gradient-based training of Gaussian Mixture Models in High-Dimensional Spaces | OpenReview,3,0.10229688867459764,0.12550607287449392,0.14609946945885266,0.1566265060240964,0.6179171601931254,0.6492940187454224,0.5887805422147115,0.6558569073677063
Gradient-free Neural Network Training by Multi-convex Alternating Optimization | OpenReview,2,0.1321736684171043,0.14516129032258066,0.16943605236656595,0.17220543806646527,0.6570059657096863,0.6882233619689941,0.6518303453922272,0.6980299949645996
Gradientless Descent: High-Dimensional Zeroth-Order Optimization | OpenReview,3,0.1234171492135706,0.16049382716049382,0.11508678189900896,0.12039312039312039,0.5197421511014303,0.5594409108161926,0.46982908248901367,0.502467155456543
Gradients as Features for Deep Representation Learning | OpenReview,3,0.08233394855669479,0.10152284263959391,0.1317641727263155,0.1411042944785276,0.4425160189469655,0.4898366630077362,0.5360249479611715,0.6241658926010132
Gram-Gauss-Newton Method: Learning Overparameterized Neural Networks for Regression Problems | OpenReview,5,0.13121630622583988,0.15555555555555556,0.15801063594478668,0.18503937007874016,0.5953791320323945,0.765448808670044,0.5979585587978363,0.7338438034057617
Granger Causal Structure Reconstruction from Heterogeneous Multivariate Time Series | OpenReview,3,0.15858115509888462,0.1702127659574468,0.1579085925202193,0.17391304347826086,0.7022091945012411,0.7605347037315369,0.6178083221117655,0.6306961178779602
GRAPH ANALYSIS AND GRAPH POOLING IN THE SPATIAL DOMAIN | OpenReview,3,0.11434612211814284,0.1258741258741259,0.1430573905487293,0.17537313432835822,0.6512566804885864,0.6967264413833618,0.7025970021883646,0.7240649461746216
Graph Constrained Reinforcement Learning for Natural Language Action Spaces | OpenReview,3,0.1692838897784267,0.1894273127753304,0.15108130492654726,0.1693121693121693,0.7331908543904623,0.7577772736549377,0.6912778814633688,0.7325820922851562
Graph convolutional networks for learning with few clean and many noisy labels | OpenReview,3,0.15836027760812188,0.22641509433962265,0.15869647938587783,0.1780821917808219,0.6436071395874023,0.7563294172286987,0.5709109505017599,0.604496955871582
Graph Convolutional Reinforcement Learning | OpenReview,3,0.11819698784271047,0.13058419243986255,0.15077119142539702,0.16433566433566432,0.6920886635780334,0.7181215286254883,0.6339723666508993,0.6740961670875549
Graph inference learning for semi-supervised classification | OpenReview,3,0.16101521699592078,0.21052631578947367,0.17290704083156916,0.18181818181818182,0.6950348416964213,0.7881742715835571,0.6685559948285421,0.7410928606987
GRAPH NEIGHBORHOOD ATTENTIVE POOLING | OpenReview,3,0.13080023715974656,0.1324200913242009,0.14892521561878572,0.19753086419753085,0.548769881327947,0.646591067314148,0.5307997465133667,0.6185850501060486
Graph Neural Networks Exponentially Lose Expressive Power for Node Classification | OpenReview,3,0.14087475945883027,0.15584415584415584,0.13384022452582123,0.1504424778761062,0.6102275649706522,0.6800245642662048,0.5232335726420084,0.5642762780189514
Graph Neural Networks For Multi-Image Matching | OpenReview,3,0.1165892486532802,0.14339622641509434,0.16784246613958886,0.20610687022900764,0.6086199283599854,0.6608757972717285,0.6345108946164449,0.675849199295044
Graph Neural Networks for Reasoning 2-Quantified Boolean Formulas | OpenReview,3,0.1401336222462983,0.16,0.11223959369322778,0.1326530612244898,0.709782878557841,0.8296300768852234,0.6323760350545248,0.7664077281951904
Graph Neural Networks for Soft Semi-Supervised Learning on Hypergraphs | OpenReview,3,0.1298807665887456,0.1444866920152091,0.1417648141332352,0.15833333333333333,0.669476588567098,0.8019811511039734,0.25523318847020465,0.2754822075366974
Graph Residual Flow for Molecular Graph Generation | OpenReview,3,0.11431396299233505,0.1413793103448276,0.09793689555594316,0.12393162393162394,0.6625527739524841,0.7708730101585388,0.6019373734792074,0.6832010746002197
Graph Warp Module: an Auxiliary Module for Boosting the Power of Graph Neural Networks in Molecular Graph Analysis | OpenReview,3,0.13162867831385708,0.15422885572139303,0.15009587196765964,0.16463414634146342,0.5535482962926229,0.8100093603134155,0.442894587914149,0.6165646314620972
GraphAF: a Flow-based Autoregressive Model for Molecular Graph Generation | OpenReview,3,0.11493172464199147,0.12044817927170869,0.1038378969326304,0.12385321100917432,0.6680845618247986,0.7661939263343811,0.6876181364059448,0.7524197697639465
GraphMix: Regularized Training of Graph Neural Networks for Semi-Supervised Learning | OpenReview,3,0.16337737813801642,0.17410714285714285,0.17892052812153736,0.19047619047619047,0.7751238942146301,0.8285439014434814,0.704405943552653,0.7821981310844421
GraphNVP: an Invertible Flow-based Model for Generating Molecular Graphs | OpenReview,3,0.14192977094357975,0.16725978647686832,0.12463326618511994,0.13740458015267176,0.6734370390574137,0.8153765201568604,0.6289872725804647,0.7139381170272827
GraphQA: Protein Model Quality Assessment using Graph Convolutional Network | OpenReview,3,0.11966919153627124,0.12313432835820895,0.15502412987128153,0.16326530612244897,0.7118760546048483,0.7680917382240295,0.6478793422381083,0.7109922170639038
"GRAPHS, ENTITIES, AND STEP MIXTURE | OpenReview",3,0.12941349821021092,0.14893617021276595,0.11719745559532219,0.13297872340425532,0.6114111344019572,0.7131221890449524,0.37735723455746967,0.48372501134872437
GraphSAINT: Graph Sampling Based Inductive Learning Method | OpenReview,3,0.127167784616846,0.14832535885167464,0.15067180039435102,0.18636363636363637,0.5771957437197367,0.5893978476524353,0.44413278500239056,0.5596248507499695
GraphZoom: A Multi-level Spectral Approach for Accurate and Scalable Graph Embedding | OpenReview,3,0.1583330159631445,0.17301038062283736,0.1586520566738487,0.16722408026755853,0.7271990378697714,0.7846746444702148,0.7493359843889872,0.7754027247428894
GRASPEL: GRAPH SPECTRAL LEARNING AT SCALE | OpenReview,3,0.17131694686427199,0.17689530685920576,0.16261078975140247,0.17105263157894737,0.6394312183062235,0.7466970086097717,0.5896418491999308,0.6712074279785156
GResNet: Graph Residual Network for Reviving Deep GNNs from Suspended Animation | OpenReview,3,0.11112915649906598,0.12195121951219512,0.12110176629348875,0.1318181818181818,0.6994233926137289,0.7089035511016846,0.5084500114123026,0.5337605476379395
GroSS Decomposition: Group-Size Series Decomposition for Whole Search-Space Training | OpenReview,3,0.13013157053708094,0.156,0.16768654004503594,0.18596491228070175,0.5886825323104858,0.7123060822486877,0.5515934824943542,0.6776258945465088
Group-Connected Multilayer Perceptron Networks | OpenReview,3,0.10981711582140696,0.11142857142857143,0.16340164757886277,0.16877637130801687,0.5797492663065592,0.6415712237358093,0.5695044000943502,0.5786398649215698
Group-Transformer: Towards A Lightweight Character-level Language Model | OpenReview,3,0.11299371502737561,0.12040133779264214,0.17300142418304768,0.205607476635514,0.6300924221674601,0.7253837585449219,0.6822564800580343,0.7339163422584534
Growing Action Spaces | OpenReview,3,0.10524988655014984,0.11244979919678715,0.11794330655410966,0.14953271028037382,0.5722200274467468,0.6242886185646057,0.6383006572723389,0.7290475368499756
Guided Adaptive Credit Assignment for Sample Efficient Policy Optimization | OpenReview,3,0.15299306480967853,0.17301038062283736,0.13691068025519926,0.1388888888888889,0.7453794876734415,0.8127319812774658,0.4765794674555461,0.5359396934509277
GUIDEGAN: ATTENTION BASED SPATIAL GUIDANCE FOR IMAGE-TO-IMAGE TRANSLATION | OpenReview,3,0.13100198053281165,0.16216216216216217,0.14005558442948243,0.16580310880829016,0.5924332141876221,0.6781941652297974,0.6610357165336609,0.7181504368782043
Guiding Program Synthesis by Learning to Generate Examples | OpenReview,3,0.14541754296802295,0.1674641148325359,0.16903771474813012,0.17842323651452283,0.7281513810157776,0.7645082473754883,0.4839753806591034,0.5319934487342834
Gumbel-Matrix Routing for Flexible Multi-task Learning | OpenReview,3,0.16090415477294692,0.17006802721088435,0.1931643831714077,0.2112676056338028,0.6694906155268351,0.7372453212738037,0.6618737379709879,0.7065378427505493
HaarPooling: Graph Pooling with Compressive Haar Basis | OpenReview,4,0.13747771475076934,0.16299559471365638,0.1675499708217718,0.20087336244541484,0.7124921828508377,0.7772244811058044,0.697110116481781,0.753666877746582
Hallucinative Topological Memory for Zero-Shot Visual Planning | OpenReview,3,0.10727309021418478,0.12237762237762238,0.10282589805387503,0.12749003984063745,0.6605520844459534,0.7202273607254028,0.5172320008277893,0.6025133728981018
Hamiltonian Generative Networks | OpenReview,3,0.10949769545164915,0.12867647058823528,0.12550063323971045,0.14705882352941177,0.6879692077636719,0.7058937549591064,0.6561790108680725,0.6677292585372925
Handwritten Amharic Character Recognition System Using Convolutional Neural Networks | OpenReview,3,0.11745975846566466,0.15346534653465346,0.16519442530611259,0.18807339449541285,0.7366043527921041,0.7736120223999023,0.7561279932657877,0.8062933683395386
Harnessing Structures for Value-Based Planning and Reinforcement Learning | OpenReview,3,0.1483558513193344,0.18009478672985782,0.13518080565006133,0.15048543689320387,0.7533392906188965,0.7962862253189087,0.6471986373265585,0.7131816148757935
Harnessing the Power of Infinitely Wide Deep Nets on Small-data Tasks | OpenReview,3,0.12710387130240364,0.14678899082568808,0.16383431800044923,0.18407960199004975,0.7697235743204752,0.7903925180435181,0.6373656789461771,0.6906158924102783
Hebbian Graph Embeddings | OpenReview,3,0.1128994085858091,0.1282051282051282,0.12444920460029026,0.13559322033898305,0.6981445749600729,0.7153762578964233,0.654717743396759,0.7207114696502686
Hidden incentives for self-induced distributional shift | OpenReview,3,0.10572928633490998,0.11904761904761904,0.13837947883777524,0.15087719298245614,0.5318746566772461,0.5679463744163513,0.38003390034039813,0.4147672653198242
Hierarchical Bayes Autoencoders | OpenReview,3,0.10489678840907907,0.147239263803681,0.11718139673792834,0.15286624203821655,0.5723997354507446,0.7092725038528442,0.6028046210606893,0.6964755058288574
Hierarchical Disentangle Network for Object Representation Learning | OpenReview,4,0.12426497990890503,0.16279069767441862,0.15188936688232277,0.1624548736462094,0.6875488609075546,0.8213649988174438,0.4678524434566498,0.5514674186706543
Hierarchical Foresight: Self-Supervised Learning of Long-Horizon Tasks via Visual Subgoal Generation | OpenReview,2,0.11390645487891915,0.12406015037593984,0.1375458255516359,0.16033755274261605,0.7573658525943756,0.7648169994354248,0.6308338642120361,0.6383213996887207
Hierarchical Graph Matching Networks for Deep Graph Similarity Learning | OpenReview,3,0.1692156435870169,0.19047619047619047,0.15683479532163744,0.16842105263157894,0.7076233228047689,0.778190016746521,0.6597452759742737,0.691144585609436
Hierarchical Graph-to-Graph Translation for Molecules | OpenReview,3,0.12687561617313425,0.13744075829383887,0.13594026428935194,0.14746543778801843,0.6680233875910441,0.6759716868400574,0.649496873219808,0.6741880178451538
High Fidelity Speech Synthesis with Adversarial Networks | OpenReview,3,0.12831010452961672,0.14285714285714285,0.14126402413075406,0.14655172413793102,0.6393029093742371,0.7177219390869141,0.6435684561729431,0.6888450384140015
High performance RNNs with spiking neurons | OpenReview,3,0.13399822391450286,0.15283842794759825,0.15919273378950796,0.1645021645021645,0.6561443905035654,0.800627589225769,0.6091902454694113,0.7064864635467529
High-Frequency guided Curriculum Learning for Class-specific Object Boundary Detection | OpenReview,3,0.13419353638810222,0.1626984126984127,0.15957397158428485,0.1795774647887324,0.7154087622960409,0.7256277799606323,0.6448434988657633,0.6661010980606079
Higher-Order Function Networks for Learning Composable 3D Object Representations | OpenReview,3,0.13308173086084252,0.14743589743589744,0.14768538628001857,0.15902140672782875,0.6040480534235636,0.6275039911270142,0.5774691303571066,0.6222962737083435
HighRes-net: Multi-Frame Super-Resolution by Recursive Fusion | OpenReview,3,0.12196718621873535,0.12982456140350876,0.1598547467471609,0.17357512953367876,0.6869616707166036,0.6999578475952148,0.7067208687464396,0.76426100730896
HiLLoC: lossless image compression with hierarchical latent variable models | OpenReview,3,0.13587741875696893,0.1532258064516129,0.15988218010081912,0.18220338983050846,0.7146495381991068,0.762690007686615,0.643975019454956,0.6822882294654846
Hindsight Trust Region Policy Optimization | OpenReview,3,0.14893761749150836,0.16423357664233576,0.15365302179066673,0.16964285714285715,0.652819295724233,0.7687068581581116,0.5483849048614502,0.5540286898612976
HIPPOCAMPAL NEURONAL REPRESENTATIONS IN CONTINUAL LEARNING | OpenReview,4,0.1269205994908296,0.1387434554973822,0.14513874062645632,0.15846994535519127,0.6647139340639114,0.7265112400054932,0.6454004943370819,0.677395224571228
Homogeneous Linear Inequality Constraints for Neural Network Activations | OpenReview,3,0.16358171674020125,0.18807339449541285,0.15798739643507156,0.16585365853658537,0.7052225470542908,0.728743851184845,0.6564000844955444,0.662828266620636
Hope For The Best But Prepare For The Worst: Cautious Adaptation In RL Agents | OpenReview,3,0.13790150137788296,0.17088607594936708,0.1189203738512949,0.132,0.6218440930048624,0.8144589066505432,0.4344998200734456,0.5056461095809937
HOPPITY: LEARNING GRAPH TRANSFORMATIONS TO DETECT AND FIX BUGS IN PROGRAMS | OpenReview,3,0.11475262576008845,0.1373134328358209,0.09102047735384483,0.1013215859030837,0.5892109374205271,0.7499617338180542,0.588142971197764,0.7231094837188721
How can we generalise learning distributed representations of graphs? | OpenReview,3,0.15438616764082905,0.17647058823529413,0.11779124950246471,0.1256544502617801,0.7129727005958557,0.7588507533073425,0.6726545095443726,0.6824746131896973
How Does Learning Rate Decay Help Modern Neural Networks? | OpenReview,3,0.14935448931681863,0.1624548736462094,0.14959786017339974,0.17307692307692307,0.7565583189328512,0.7863290905952454,0.601007362206777,0.6998587250709534
HOW IMPORTANT ARE NETWORK WEIGHTS? TO WHAT EXTENT DO THEY NEED AN UPDATE? | OpenReview,3,0.1354069757462366,0.14093959731543623,0.15879665908730822,0.16911764705882354,0.6867329478263855,0.7159809470176697,0.6301503578821818,0.663243293762207
How many weights are enough : can tensor factorization learn efficient policies ? | OpenReview,3,0.1256934248010652,0.15163934426229508,0.1276450087318554,0.15135135135135136,0.6181580026944479,0.6432729959487915,0.3899233937263489,0.5066733360290527
How much Position Information Do Convolutional Neural Networks Encode? | OpenReview,3,0.13173611111111114,0.15,0.10819765329468357,0.12290502793296089,0.6853151718775431,0.7052751779556274,0.541447788476944,0.5679959058761597
How noise affects the Hessian spectrum in overparameterized neural networks | OpenReview,3,0.13615940143198,0.14156626506024098,0.17448086037415556,0.17964071856287425,0.5582034985224406,0.6609387397766113,0.6955582499504089,0.7568216323852539
HOW THE CHOICE OF ACTIVATION AFFECTS TRAINING OF OVERPARAMETRIZED NEURAL NETS | OpenReview,2,0.12044370229007634,0.12213740458015267,0.1455765364105254,0.15853658536585366,0.631335973739624,0.6724368333816528,0.5448203384876251,0.5878610610961914
How the Softmax Activation Hinders the Detection of Adversarial and Out-of-Distribution Examples in Neural Networks | OpenReview,3,0.11461605833856935,0.12195121951219512,0.14760612759875838,0.16363636363636364,0.6016358137130737,0.6798648834228516,0.6584704518318176,0.7129108905792236
How to 0wn the NAS in Your Spare Time | OpenReview,3,0.14353470773133284,0.17672413793103448,0.1511693175077474,0.16071428571428573,0.7083901166915894,0.800583004951477,0.4234951337178548,0.5134958624839783
How Well Do WGANs Estimate the Wasserstein Metric? | OpenReview,3,0.1342696590081948,0.1415929203539823,0.12840637165613059,0.14705882352941177,0.6534320116043091,0.733846127986908,0.6897445917129517,0.705650806427002
HUBERT Untangles BERT to Improve Transfer across NLP Tasks | OpenReview,3,0.11474993947434892,0.13553113553113552,0.1279576964593748,0.15126050420168066,0.604578971862793,0.709814727306366,0.5999009410540262,0.6527450084686279
Hybrid Weight Representation: A Quantization Method Represented with Ternary and Sparse-Large Weights | OpenReview,3,0.14494535519125684,0.1598360655737705,0.14585765969619538,0.1596958174904943,0.6720282832781473,0.7569403648376465,0.549463709195455,0.5777584314346313
Hydra: Preserving Ensemble Diversity for Model Distillation | OpenReview,3,0.13614794257717477,0.15602836879432624,0.14196980952907204,0.1497326203208556,0.6785564621289571,0.7433958053588867,0.6166762113571167,0.6494910717010498
Hyperbolic Discounting and Learning Over Multiple Horizons | OpenReview,3,0.13763807667316438,0.15925925925925927,0.13016366056045045,0.13725490196078433,0.6912612517674764,0.7078155875205994,0.5470936298370361,0.5750163793563843
HyperEmbed: Tradeoffs Between Resources and Performance in NLP Tasks with Hyperdimensional Computing enabled embedding of n-gram statistics | OpenReview,3,0.15032462013273715,0.17415730337078653,0.15667804353911025,0.21551724137931033,0.6780949433644613,0.6981009244918823,0.575713574886322,0.6004847288131714
Hyperparameter Tuning and Implicit Regularization in Minibatch SGD | OpenReview,3,0.12781631044646247,0.16312056737588654,0.14762582078923908,0.15517241379310345,0.6483704447746277,0.6934374570846558,0.5844452579816183,0.6229944229125977
I Am Going MAD: Maximum Discrepancy Competition for Comparing Classifiers Adaptively | OpenReview,3,0.11876837468841361,0.13559322033898305,0.15023301858056656,0.165,0.6274063984553019,0.6831885576248169,0.6048515637715658,0.6352987885475159
ICNN: INPUT-CONDITIONED FEATURE REPRESENTATION LEARNING FOR TRANSFORMATION-INVARIANT NEURAL NETWORK | OpenReview,3,0.14182844030451972,0.1598173515981735,0.16193214413465887,0.18711656441717792,0.6507970889409384,0.6973043084144592,0.4804075558980306,0.5102298259735107
Identifying through Flows for Recovering Latent Representations | OpenReview,2,0.14628393925448688,0.14634146341463414,0.15390760218346425,0.16988416988416988,0.6460146009922028,0.6477273106575012,0.6027428507804871,0.6099873781204224
Identifying Weights and Architectures of Unknown ReLU Networks | OpenReview,4,0.13765480200021396,0.15810276679841898,0.17250432772194568,0.1796875,0.662384420633316,0.7305147647857666,0.7214829623699188,0.7777337431907654
Identity Crisis: Memorization and Generalization Under Extreme Overparameterization | OpenReview,3,0.12131596352268838,0.13452914798206278,0.15763415383265325,0.18779342723004694,0.5994695623715719,0.6845887899398804,0.6242812673250834,0.6838749647140503
"If MaxEnt RL is the Answer, What is the Question? | OpenReview",3,0.11934788611928249,0.13688212927756654,0.13082330050381308,0.15891472868217055,0.6579315662384033,0.7148680090904236,0.6426201661427816,0.7174344062805176
Image-guided Neural Object Rendering | OpenReview,4,0.11904162518831671,0.1446280991735537,0.13526227196373766,0.1597222222222222,0.7129020541906357,0.717180609703064,0.650238648056984,0.6791632175445557
Imagine That! Leveraging Emergent Affordances for Tool Synthesis in Reaching Tasks | OpenReview,3,0.11164138563991029,0.13804713804713806,0.12236685195327825,0.14285714285714285,0.59483269850413,0.6640093326568604,0.46753645936648053,0.5328397154808044
Imagining the Latent Space of a Variational Auto-Encoders | OpenReview,3,0.1298085939224869,0.14074074074074075,0.13967613570709322,0.1471698113207547,0.619014044602712,0.661683201789856,0.7296688357988993,0.7648184299468994
"Imitation Learning of Robot Policies using Language, Vision and Motion | OpenReview",3,0.13399615966914072,0.15677966101694915,0.16463034814052313,0.18493150684931506,0.6379276712735494,0.6822218894958496,0.6157060265541077,0.684131920337677
Imitation Learning via Off-Policy Distribution Matching | OpenReview,3,0.13223626440103217,0.14646464646464646,0.12440820511676776,0.1282051282051282,0.41715193788210553,0.4226081371307373,0.7326065897941589,0.7593591213226318
Impact of the latent space on the ability of GANs to fit the distribution | OpenReview,3,0.09331273483323481,0.10105263157894737,0.13298037450441527,0.14929577464788732,0.7055693666140238,0.7190688848495483,0.587288518746694,0.6543251872062683
IMPACT: Importance Weighted Asynchronous Architectures with Clipped Target Networks | OpenReview,4,0.1315371013322216,0.1814516129032258,0.14762821263330966,0.17100371747211895,0.554506853222847,0.6777104139328003,0.4532841518521309,0.48359498381614685
Implementation Matters in Deep RL: A Case Study on PPO and TRPO | OpenReview,3,0.11002471175989044,0.11702127659574468,0.1754505392899102,0.1956521739130435,0.4828541974226634,0.6570984125137329,0.6270148952802023,0.7445337772369385
Implementing Inductive bias for different navigation tasks through diverse RNN attrractors | OpenReview,3,0.1312840091907607,0.17050691244239632,0.14992484129512473,0.1536050156739812,0.6509755849838257,0.7350555062294006,0.576205829779307,0.6313058733940125
Implicit ?-Jeffreys Autoencoders: Taking the Best of Both Worlds | OpenReview,3,0.11509359827116837,0.12149532710280374,0.15493618136045592,0.17704918032786884,0.6693481306234995,0.7928408980369568,0.5990280111630758,0.6266958117485046
Implicit Bias of Gradient Descent based Adversarial Training on Separable Data | OpenReview,3,0.19590862832881814,0.215311004784689,0.1301585057099763,0.17142857142857143,0.7221385836601257,0.767911970615387,0.5280337929725647,0.57722407579422
Implicit competitive regularization in GANs | OpenReview,4,0.11004146685211288,0.125,0.15297686450869627,0.16267942583732056,0.6406749188899994,0.6810032725334167,0.6325634568929672,0.7145906090736389
Implicit Generative Modeling for Efficient Exploration | OpenReview,3,0.12685748428724725,0.1450980392156863,0.1467564727519726,0.15714285714285714,0.5183036724726359,0.6563289165496826,0.5289690494537354,0.5458943247795105
Implicit Rugosity Regularization via Data Augmentation | OpenReview,3,0.17573752412462088,0.2153846153846154,0.1780969709723976,0.18376068376068377,0.7731327613194784,0.814934253692627,0.6477889815966288,0.667600154876709
Improved Detection of Adversarial Attacks via Penetration Distortion Maximization | OpenReview,3,0.1099561111258777,0.13712374581939799,0.14575734513106484,0.153125,0.6701709032058716,0.7582374811172485,0.6416821082433065,0.6855834126472473
Improved Generalization Bound of Permutation Invariant Deep Neural Networks | OpenReview,3,0.1374055178351469,0.15577889447236182,0.17880569191573978,0.2342857142857143,0.7580493688583374,0.8031755089759827,0.7032825350761414,0.7584785223007202
Improved Image Augmentation for Convolutional Neural Networks by Copyout and CopyPairing | OpenReview,3,0.1532557059149695,0.17435897435897435,0.16321506273412836,0.176056338028169,0.6409684816996256,0.6750680208206177,0.6807361443837484,0.7779958844184875
Improved memory in recurrent neural networks with sequential non-normal dynamics | OpenReview,3,0.13365368575115047,0.14864864864864866,0.15765437048917402,0.16279069767441862,0.7383786837259928,0.7769152522087097,0.7042215863863627,0.7200148701667786
Improved Modeling of Complex Systems Using Hybrid Physics/Machine Learning/Stochastic Models | OpenReview,3,0.1362128115242565,0.14726027397260275,0.13728589700811925,0.16756756756756758,0.4905185302098592,0.555225133895874,0.49641279379526776,0.5384531021118164
Improved Mutual Information Estimation | OpenReview,4,0.12410696193805101,0.12538226299694188,0.13245281223234295,0.13988095238095238,0.5528797805309296,0.639238178730011,0.6138926967978477,0.7532858848571777
Improved Sample Complexities for Deep Neural Networks and Robust Classification via an All-Layer Margin | OpenReview,4,0.12865032697689383,0.1455223880597015,0.12860423448658742,0.16666666666666666,0.7588402926921844,0.8104261755943298,0.7436783462762833,0.7867337465286255
Improved Structural Discovery and Representation Learning of Multi-Agent Data | OpenReview,3,0.1397522888563844,0.14285714285714285,0.12988518297068483,0.1412639405204461,0.4918402433395386,0.7331458330154419,0.4711475173632304,0.6586867570877075
Improved Training of Certifiably Robust Models | OpenReview,3,0.11497227538016898,0.12077294685990338,0.10466932930796853,0.12056737588652482,0.5756925344467163,0.6460394859313965,0.5284493863582611,0.5771170854568481
"Improved Training Speed, Accuracy, and Data Utilization via Loss Function Optimization | OpenReview",3,0.1449248221151375,0.16080402010050251,0.14711513170678173,0.17486338797814208,0.6520420908927917,0.7307676672935486,0.5993786255518595,0.6270205974578857
Improved Training Techniques for Online Neural Machine Translation | OpenReview,3,0.13309178596439797,0.15625,0.14953274767647007,0.16778523489932887,0.5377074579397837,0.5764408111572266,0.4256096879641215,0.4908731281757355
Improving Adversarial Robustness Requires Revisiting Misclassified Examples | OpenReview,3,0.12636844688375024,0.14056224899598393,0.13813175516101248,0.14695340501792115,0.7002108792463938,0.8393889665603638,0.6659211913744608,0.7471424341201782
Improving Batch Normalization with Skewness Reduction for Deep Neural Networks | OpenReview,3,0.1357539023418908,0.14814814814814814,0.16153706496843753,0.17777777777777778,0.6742287476857504,0.6944277286529541,0.710911750793457,0.7448725700378418
Improving Confident-Classifiers For Out-of-distribution Detection | OpenReview,3,0.1360639880952381,0.15428571428571428,0.200140932395499,0.21195652173913043,0.552701493104299,0.7410459518432617,0.5328111052513123,0.6649397015571594
Improving Differentially Private Models with Active Learning | OpenReview,3,0.12390025572640566,0.144,0.1576880449081215,0.167420814479638,0.7104144295056661,0.7432190179824829,0.7023109793663025,0.7837541103363037
Improving Dirichlet Prior Network for Out-of-Distribution Example Detection | OpenReview,3,0.14048044978277538,0.16666666666666666,0.11675301154384705,0.1336405529953917,0.6377696593602499,0.6675980687141418,0.4049410323301951,0.4559100270271301
Improving End-to-End Object Tracking Using Relational Reasoning | OpenReview,3,0.1325583079820368,0.1388888888888889,0.15169052592826518,0.16279069767441862,0.6253446737925211,0.699448823928833,0.6302613218625387,0.6946278810501099
Improving Evolutionary Strategies with Generative Neural Networks | OpenReview,3,0.1522024736534489,0.17012448132780084,0.16651546720836938,0.17065868263473055,0.5740107297897339,0.596133291721344,0.6131288011868795,0.6549662351608276
Improving Exploration of Deep Reinforcement Learning using Planning for Policy Search | OpenReview,3,0.1444290028100734,0.1588447653429603,0.13541272799294188,0.1597222222222222,0.6721880634625753,0.7530423402786255,0.6130350629488627,0.6389912366867065
Improving Federated Learning Personalization via Model Agnostic Meta Learning | OpenReview,3,0.1204962821835887,0.12549019607843137,0.1640490129770715,0.18410041841004185,0.7284029523531595,0.7632970809936523,0.716375986735026,0.7455280423164368
Improving Generalization in Meta Reinforcement Learning using Neural Objectives | OpenReview,3,0.14129316971991357,0.1582089552238806,0.12377353763268406,0.1318051575931232,0.6904061635335287,0.7149163484573364,0.6670072674751282,0.696671187877655
Improving Gradient Estimation in Evolutionary Strategies With Past Descent Directions | OpenReview,3,0.1440686136795636,0.15570934256055363,0.13437420860534446,0.14521452145214522,0.6515598098436991,0.7184658050537109,0.5860288143157959,0.6511048674583435
Improving Model Compatibility of Generative Adversarial Networks by Boundary Calibration | OpenReview,3,0.10144195578978188,0.11818181818181818,0.13036912490464403,0.14814814814814814,0.6980611681938171,0.7648769617080688,0.665166993935903,0.6849082112312317
Improving Multi-Manifold GANs with a Learned Noise Prior | OpenReview,3,0.14657630223950843,0.15254237288135594,0.12614243966720948,0.13545816733067728,0.5983140369256338,0.6562904715538025,0.5705355604489645,0.6516832113265991
Improving Neural Language Generation with Spectrum Control | OpenReview,3,0.10137927769065325,0.1099476439790576,0.14526580422778343,0.1953125,0.5907374620437622,0.6695578098297119,0.5489411155382792,0.6123649477958679
Improving Robustness Without Sacrificing Accuracy with Patch Gaussian Augmentation | OpenReview,3,0.1355134301015993,0.16304347826086957,0.14757341457300965,0.17142857142857143,0.699004332224528,0.8251736760139465,0.604049543539683,0.7040977478027344
Improving Sample Efficiency in Model-Free Reinforcement Learning from Images | OpenReview,3,0.15090444777738235,0.16289592760180996,0.13995196541372598,0.15384615384615385,0.6438628832499186,0.6578092575073242,0.5823663870493571,0.5905201435089111
Improving SAT Solver Heuristics with Graph Networks and Reinforcement Learning | OpenReview,3,0.10960928827328432,0.12992125984251968,0.17209162559772317,0.1776061776061776,0.7375921408335367,0.8130145072937012,0.7522065043449402,0.8120518922805786
Improving Semantic Parsing with Neural Generator-Reranker Architecture | OpenReview,3,0.11413350218506298,0.12218649517684887,0.12964468941698543,0.14336917562724014,0.6603009502092997,0.7221304774284363,0.6313286622365316,0.6570170521736145
Improving Sequential Latent Variable Models with Autoregressive Flows | OpenReview,3,0.13174253165832803,0.14730878186968838,0.10942978168784621,0.13978494623655913,0.6133665839831034,0.6817231774330139,0.6026076475779215,0.6715056896209717
Improving the Gating Mechanism of Recurrent Neural Networks | OpenReview,3,0.134595389466783,0.15348837209302327,0.15834397241176904,0.16017316017316016,0.5961884458859762,0.6767492294311523,0.4592302143573761,0.4911768436431885
Improving the Generalization of Visual Navigation Policies using Invariance Regularization | OpenReview,3,0.11082148797463365,0.11643835616438356,0.10929634751186997,0.11815561959654179,0.4796818594137828,0.592751681804657,0.4780835509300232,0.5601968765258789
Improving Visual Relation Detection using Depth Maps | OpenReview,3,0.12451653736697255,0.134375,0.1311243993010048,0.14285714285714285,0.5789299855629603,0.8364509344100952,0.5524873932202657,0.7321723103523254
In Search for a SAT-friendly Binarized Neural Network Architecture | OpenReview,3,0.1563678514386517,0.15833333333333333,0.14664701617933598,0.1620795107033639,0.7651230692863464,0.817274808883667,0.6722155610720316,0.8090519905090332
In-Domain Representation Learning For Remote Sensing | OpenReview,3,0.14701649842647374,0.16738197424892703,0.1521946073587755,0.15384615384615385,0.7729034622510275,0.8020530343055725,0.6265216072400411,0.6561321020126343
Incorporating BERT into Neural Machine Translation | OpenReview,3,0.15213483408092665,0.16825396825396827,0.14684225431888984,0.1526479750778816,0.7075201074282328,0.760509729385376,0.6844934622446696,0.751548171043396
Incorporating Horizontal Connections in Convolution by Spatial Shuffling | OpenReview,3,0.1675563653411755,0.22362869198312235,0.16263590434841668,0.18487394957983194,0.7591279745101929,0.814879298210144,0.5839702486991882,0.5943092107772827
Incremental RNN: A Dynamical View. | OpenReview,3,0.1424307567147848,0.16591928251121077,0.13393176903419887,0.13573407202216067,0.5975361267725626,0.6498703360557556,0.4718044300874074,0.5513981580734253
Independence-aware Advantage Estimation | OpenReview,3,0.1232145722372263,0.13654618473895583,0.12645547866523302,0.13157894736842105,0.5141121943791708,0.5478001832962036,0.48463741938273114,0.5203155875205994
Individualised Dose-Response Estimation using Generative Adversarial Nets | OpenReview,3,0.1322068690018963,0.15294117647058825,0.16636138791197574,0.1694915254237288,0.7746994694073995,0.8058533668518066,0.7692586183547974,0.7890148758888245
Inducing Stronger Object Representations in Deep Visual Trackers | OpenReview,3,0.1452914944440368,0.15873015873015872,0.11929048284427884,0.13333333333333333,0.7621119419733683,0.8267037868499756,0.47173240780830383,0.5163366794586182
Inductive and Unsupervised Representation Learning on Graph Structured Objects | OpenReview,3,0.13682341492345315,0.13709677419354838,0.12981683475980055,0.14285714285714285,0.738441010316213,0.782171905040741,0.557831883430481,0.6033262610435486
Inductive Matrix Completion Based on Graph Neural Networks | OpenReview,3,0.1353636133949208,0.15658362989323843,0.11699935386024159,0.12560386473429952,0.6994095047314962,0.7388530373573303,0.6049215793609619,0.7093756198883057
Inductive representation learning on temporal graphs | OpenReview,3,0.14481836160088393,0.15897435897435896,0.16571786609380593,0.17346938775510204,0.6567585865656534,0.7199525833129883,0.6377408107121786,0.6922401189804077
"INFERENCE, PREDICTION, AND ENTROPY RATE OF CONTINUOUS-TIME, DISCRETE-EVENT PROCESSES | OpenReview",3,0.12737696566813927,0.14754098360655737,0.14798359945072834,0.17615176151761516,0.6599467794100443,0.7206032872200012,0.6565408507982889,0.6900248527526855
Inferring Dynamical Systems with Long-Range Dependencies through Line Attractor Regularization | OpenReview,3,0.14813326398564775,0.1650943396226415,0.15841120273030024,0.16526610644257703,0.6966788172721863,0.7074227333068848,0.6676819324493408,0.6883429288864136
Infinite-Horizon Differentiable Model Predictive Control | OpenReview,3,0.13372918444139759,0.13901345291479822,0.14394456785597037,0.16666666666666666,0.6097101966540018,0.7207815051078796,0.44374704360961914,0.5320221185684204
Infinite-horizon Off-Policy Policy Evaluation with Multiple Behavior Policies | OpenReview,3,0.14112980553776663,0.16194331983805668,0.19864065081456386,0.20948616600790515,0.5950288971265157,0.6908546686172485,0.6324371695518494,0.701487123966217
Influence-Based Multi-Agent Exploration | OpenReview,3,0.12490749731282691,0.13782051282051283,0.17072720128328686,0.1796116504854369,0.6664438247680664,0.7350858449935913,0.5516685942808787,0.6130936145782471
InfoCNF: Efficient Conditional Continuous Normalizing Flow Using Adaptive Solvers | OpenReview,4,0.10715809671666289,0.12742382271468145,0.10951075498851626,0.121875,0.5180725753307343,0.6539941430091858,0.5193583741784096,0.5688053965568542
InfoGraph: Unsupervised and Semi-supervised Graph-Level Representation Learning via Mutual Information Maximization | OpenReview,3,0.1439667579160462,0.15725806451612903,0.13024991983325318,0.13839285714285715,0.7349522908528646,0.7580448985099792,0.6719608306884766,0.7044686079025269
Information Geometry of Orthogonal Initializations and Training | OpenReview,3,0.1387589894269756,0.16170212765957448,0.14992504323355607,0.16336633663366337,0.6271674434343973,0.6979131102561951,0.6550989747047424,0.7222591638565063
Information Plane Analysis of Deep Neural Networks via Matrix--Based Renyi*s Entropy and Tensor Kernels | OpenReview,3,0.14929614636663094,0.185,0.11840720265069216,0.12903225806451613,0.6477757493654887,0.7150112390518188,0.5865650773048401,0.6153244376182556
Information Theoretic Model Predictive Q-Learning | OpenReview,3,0.1138469828343246,0.1308016877637131,0.11216042996901793,0.1414141414141414,0.5381421943505605,0.5831743478775024,0.5832729935646057,0.5951760411262512
Information-Theoretic Local Minima Characterization and Regularization | OpenReview,3,0.12053873996738411,0.13240418118466898,0.16267831360572732,0.1875,0.5598944425582886,0.5776844024658203,0.6379510958989462,0.6972593069076538
Informed Temporal Modeling via Logical Specification of Factorial LSTMs | OpenReview,3,0.10694922701216958,0.11498257839721254,0.14073947442114504,0.1513353115727003,0.5660900672276815,0.6571004390716553,0.604219118754069,0.6727677583694458
Input Complexity and Out-of-distribution Detection with Likelihood-based Generative Models | OpenReview,3,0.16765756901125237,0.18773946360153257,0.1738022798406346,0.18705035971223022,0.5905798276265463,0.7375931739807129,0.644296924273173,0.6996622681617737
Insights on Visual Representations for Embodied Navigation Tasks | OpenReview,3,0.14468492691017906,0.14754098360655737,0.1537960412831955,0.18106995884773663,0.6544420222441355,0.7907903790473938,0.6269650061925253,0.7228964567184448
INSTANCE CROSS ENTROPY FOR DEEP METRIC LEARNING | OpenReview,3,0.12619337075425385,0.15178571428571427,0.14951971579328513,0.1793478260869565,0.6437927484512329,0.6578768491744995,0.571453591187795,0.619931697845459
Integrative Tensor-based Anomaly Detection System For Satellites | OpenReview,2,0.14195090482019387,0.14917127071823205,0.1505421184320267,0.18181818181818182,0.7287652492523193,0.7487303018569946,0.7562085688114166,0.7945898771286011
Intensity-Free Learning of Temporal Point Processes | OpenReview,3,0.12277547377032966,0.1371841155234657,0.15494113719393474,0.1773049645390071,0.7117478847503662,0.7987459897994995,0.6737090945243835,0.7348960638046265
INTERNAL-CONSISTENCY CONSTRAINTS FOR EMERGENT COMMUNICATION | OpenReview,3,0.11501160945053696,0.14210526315789473,0.10855734147415715,0.12138728323699421,0.6760256886482239,0.7226050496101379,0.5918672680854797,0.7449387907981873
Interpretable Network Structure for Modeling Contextual Dependency | OpenReview,3,0.11156421439970705,0.13861386138613863,0.14164313609090443,0.145985401459854,0.6783623298009237,0.820351243019104,0.5357752243677775,0.5843446254730225
Interpretations are useful: penalizing explanations to align neural networks with prior knowledge | OpenReview,3,0.12036328821739588,0.1274787535410765,0.13200843656239789,0.1360544217687075,0.5200966993967692,0.6116547584533691,0.5118129650751749,0.5765741467475891
Interpreting video features: a comparison of 3D convolutional networks and convolutional LSTM networks | OpenReview,3,0.12258112848809875,0.1476510067114094,0.12464635899400356,0.16236162361623616,0.5970054070154825,0.6087138056755066,0.5445796151955923,0.608950138092041
Intriguing Properties of Adversarial Training at Scale | OpenReview,3,0.13347260909935005,0.15041782729805014,0.12345486117206812,0.1625615763546798,0.8080576062202454,0.8203118443489075,0.8078639705975851,0.8325838446617126
Intrinsic Motivation for Encouraging Synergistic Behavior | OpenReview,3,0.14066598047364545,0.1446280991735537,0.16344312169986505,0.17301038062283736,0.45917529861132306,0.515504777431488,0.5747283697128296,0.5940837860107422
Intrinsically Motivated Discovery of Diverse Patterns in Self-Organizing Systems | OpenReview,3,0.10768181548880924,0.12258064516129032,0.14288662702477145,0.153125,0.4834677577018738,0.6413053274154663,0.5130886137485504,0.5529195666313171
Invariance vs Robustness of Neural Networks | OpenReview,3,0.11308237438274386,0.1291390728476821,0.1523708507439782,0.16371681415929204,0.625032901763916,0.7640078067779541,0.6468334595362345,0.7127037048339844
Invertible generative models for inverse problems: mitigating representation error and dataset bias | OpenReview,4,0.16624628509272804,0.21634615384615385,0.14606853789226293,0.17142857142857143,0.6644332706928253,0.7551164031028748,0.5812729001045227,0.6955193281173706
Is a Good Representation Sufficient for Sample Efficient Reinforcement Learning? | OpenReview,3,0.1437119638777229,0.16037735849056603,0.10683701505659964,0.12,0.7404620250066122,0.8053181171417236,0.41448354721069336,0.4268571734428406
Is Deep Reinforcement Learning Really Superhuman on Atari? Leveling the playing field | OpenReview,3,0.1147008192050309,0.12535612535612536,0.09752793642448815,0.104,0.5660429994265238,0.6194014549255371,0.4439590374628703,0.5426163077354431
IS THE LABEL TRUSTFUL: TRAINING BETTER DEEP LEARNING MODEL VIA UNCERTAINTY MINING NET | OpenReview,3,0.13982768412556532,0.17672413793103448,0.15210774291687154,0.15352697095435686,0.6692164341608683,0.7755363583564758,0.5906912088394165,0.6344056129455566
Is There Mode Collapse? A Case Study on Face Generation and Its Black-box Calibration | OpenReview,3,0.15564701889680768,0.16981132075471697,0.11376336961019896,0.12158054711246201,0.6624455451965332,0.8065615892410278,0.5302335818608602,0.7295880913734436
ISBNet: Instance-aware Selective Branching Networks | OpenReview,2,0.12420588123407007,0.13402061855670103,0.12257751937984496,0.125,0.590997576713562,0.6351863145828247,0.3907405436038971,0.4510379731655121
Isolating Latent Structure with Cross-population Variational Autoencoders | OpenReview,3,0.11182957951336486,0.1308411214953271,0.14406099639796954,0.15481171548117154,0.5533452828725179,0.5599156022071838,0.528649111588796,0.6062144637107849
IsoNN: Isomorphic Neural Network for Graph Representation Learning and Classification | OpenReview,3,0.12228973487522797,0.1276595744680851,0.11623288338332245,0.12682926829268293,0.75816410779953,0.8191047310829163,0.6577378114064535,0.7137429118156433
iSparse: Output Informed Sparsification of Neural Networks | OpenReview,3,0.11698966762257901,0.12658227848101267,0.12242641513812026,0.13333333333333333,0.6128002603848776,0.7728086709976196,0.5237153569857279,0.5462173819541931
Iterative Deep Graph Learning for Graph Neural Networks | OpenReview,3,0.11988268700554677,0.12213740458015267,0.16280992554159893,0.17100371747211895,0.7121367653210958,0.7571115493774414,0.5246446331342062,0.5401222705841064
Iterative energy-based projection on a normal data manifold for anomaly localization | OpenReview,3,0.08635086374812402,0.11363636363636363,0.14423991554036397,0.1493212669683258,0.5913545290629069,0.7043811678886414,0.6463537017504374,0.7768930196762085
Iterative Target Augmentation for Effective Conditional Generation | OpenReview,3,0.11730351824837583,0.12313432835820895,0.16446278891912422,0.18604651162790697,0.5964944163958231,0.6228331327438354,0.5253360072771708,0.5701580047607422
Abstractive Dialog Summarization with Semantic Scaffolds | OpenReview,3,0.1285906889720449,0.13983050847457626,0.13233179250128402,0.1590909090909091,0.7431023518244425,0.8299029469490051,0.6777438024679819,0.7779890298843384
iWGAN: an Autoencoder WGAN for Inference | OpenReview,3,0.11705752011769237,0.1459227467811159,0.12709832875601626,0.15311004784688995,0.6117552916208903,0.7116466760635376,0.6046665906906128,0.6350274085998535
Jacobian Adversarially Regularized Networks for Robustness | OpenReview,3,0.10569222973097936,0.11145510835913312,0.1439642489374743,0.1568627450980392,0.7306989034016927,0.7560828924179077,0.5779035290082296,0.630412220954895
JAUNE: Justified And Unified Neural language Evaluation | OpenReview,3,0.15071448503246376,0.16845878136200718,0.1751059211467001,0.19795221843003413,0.657700777053833,0.6992263197898865,0.6398313840230306,0.7338113784790039
"JAX MD: End-to-End Differentiable, Hardware Accelerated, Molecular Dynamics in Pure Python | OpenReview",3,0.11940736620936843,0.125,0.14120827554215945,0.16216216216216217,0.6997787753740946,0.7530879974365234,0.6848873496055603,0.7115200161933899
Jelly Bean World: A Testbed for Never-Ending Learning | OpenReview,3,0.10340280849181778,0.11278195488721804,0.12419376981734272,0.16363636363636364,0.5521744688351949,0.5794490575790405,0.596343199412028,0.6619675159454346
"Kaleidoscope: An Efficient, Learnable Representation For All Structured Linear Maps | OpenReview",3,0.14109096174967614,0.1459227467811159,0.13542674378808853,0.143646408839779,0.5891514619191488,0.6412018537521362,0.5521727204322815,0.6853159666061401
Keep Doing What Worked: Behavior Modelling Priors for Offline Reinforcement Learning | OpenReview,3,0.12837254270901297,0.14659685863874344,0.1596634042286216,0.18633540372670807,0.6515642007191976,0.7491871118545532,0.6014042099316915,0.6484097242355347
Kernel and Rich Regimes in Overparametrized Models | OpenReview,3,0.141929404369441,0.1532258064516129,0.15377911431543612,0.15789473684210525,0.624792238076528,0.6916396617889404,0.6407165924708048,0.6954812407493591
Kernel of CycleGAN as a principal homogeneous space | OpenReview,3,0.14255758114717654,0.164,0.16324623423860063,0.18532818532818532,0.7221271793047587,0.7504245042800903,0.6516396601994833,0.6805499792098999
Kernelized Wasserstein Natural Gradient | OpenReview,3,0.12513507090050272,0.1423841059602649,0.12263071895424837,0.12941176470588237,0.6301904718081156,0.6617682576179504,0.73397296667099,0.7373343110084534
Keyframing the Future: Discovering Temporal Hierarchy with Keyframe-Inpainter Prediction | OpenReview,3,0.10466777292062364,0.11940298507462686,0.10902528308351996,0.11726384364820847,0.6394934256871542,0.7378542423248291,0.5949293375015259,0.6339635848999023
Keyword Spotter Model for Crop Pest and Disease Monitoring from Community Radio Data | OpenReview,3,0.12277426206130726,0.14335664335664336,0.1215236376526699,0.13636363636363635,0.6453654368718466,0.7653121948242188,0.31594879428545636,0.3515644967556
Knockoff-Inspired Feature Selection via Generative Models | OpenReview,3,0.13696136791434754,0.17582417582417584,0.14712356463627352,0.15625,0.6306583086649576,0.7647032737731934,0.6552549004554749,0.701620876789093
Knowledge Consistency between Neural Networks and Beyond | OpenReview,3,0.14799045170811456,0.17343173431734318,0.14550079002904778,0.1778846153846154,0.6026874780654907,0.6250316500663757,0.6073198119799296,0.6746361255645752
Knowledge Graph Embedding: A Probabilistic Perspective and Generalization Bounds | OpenReview,3,0.13175004956795924,0.156,0.15813360683183342,0.18250950570342206,0.6120874484380087,0.7145574688911438,0.5622702538967133,0.6890468597412109
Knowledge Hypergraphs: Prediction Beyond Binary Relations | OpenReview,3,0.11026189332777592,0.12236286919831224,0.16149734861519185,0.17551020408163265,0.4922263026237488,0.5937369465827942,0.6845202843348185,0.7067916989326477
Knowledge Transfer via Student-Teacher Collaboration | OpenReview,3,0.1395165139885711,0.14754098360655737,0.1605393743257821,0.16828478964401294,0.6211467881997427,0.7355127334594727,0.5882192353407542,0.6471978425979614
Kronecker Attention Networks | OpenReview,3,0.13413164205477723,0.1510791366906475,0.13466040520022834,0.16141732283464566,0.6803171634674072,0.7212316989898682,0.48899316787719727,0.5405078530311584
Label Cleaning with Likelihood Ratio Test | OpenReview,3,0.16538019124236972,0.22340425531914893,0.14931189365380723,0.19540229885057472,0.735004186630249,0.7984957695007324,0.6611483097076416,0.7003757953643799
LabelFool: A Trick in the Label Space | OpenReview,3,0.1276061144484869,0.14622641509433962,0.16408987926924587,0.17903930131004367,0.7670417626698812,0.8134545087814331,0.6887139479319254,0.702330470085144
Laconic Image Classification: Human vs. Machine Performance | OpenReview,3,0.14937546547330394,0.15185185185185185,0.1509629414490108,0.16279069767441862,0.7116167147954305,0.7352418899536133,0.644200325012207,0.6870971918106079
Ladder Polynomial Neural Networks | OpenReview,3,0.11474808342676446,0.15584415584415584,0.18135809125538618,0.1935483870967742,0.7409445842107137,0.7822375297546387,0.609808603922526,0.6745498180389404
Lagrangian Fluid Simulation with Continuous Convolutions | OpenReview,3,0.13572627135616458,0.144,0.16911213297403313,0.18345323741007194,0.7355665961901346,0.7931898236274719,0.7467634280522665,0.8276271224021912
LAMAL: LAnguage Modeling Is All You Need for Lifelong Language Learning | OpenReview,3,0.16256291301972184,0.18,0.1041643508225878,0.12138728323699421,0.7146909634272257,0.7967146635055542,0.6193367640177408,0.6909825801849365
LambdaNet: Probabilistic Type Inference using Graph Neural Networks | OpenReview,3,0.1146846610569008,0.12618296529968454,0.14540525970942506,0.15337423312883436,0.7578302025794983,0.8410479426383972,0.6584517359733582,0.693282425403595
Language GANs Falling Short | OpenReview,2,0.15134782906920913,0.17154811715481172,0.15794649881982692,0.17073170731707318,0.7134832739830017,0.7266818284988403,0.7438763678073883,0.7938121557235718
Language-independent Cross-lingual Contextual Representations | OpenReview,3,0.11457344707061697,0.12341772151898735,0.15513804949106594,0.17434210526315788,0.6819093028704325,0.6924735903739929,0.7015588482220968,0.759468674659729
Laplacian Denoising Autoencoder | OpenReview,3,0.14760961802670328,0.15925925925925927,0.13634300675697816,0.14590747330960854,0.6906388799349467,0.7028744220733643,0.4637977679570516,0.5304692387580872
Large Batch Optimization for Deep Learning: Training BERT in 76 minutes | OpenReview,3,0.1569200065167807,0.16363636363636364,0.1043783377269301,0.1245136186770428,0.6811710397402445,0.7114688158035278,0.48233871658643085,0.58556067943573
LARGE SCALE REPRESENTATION LEARNING FROM TRIPLET COMPARISONS | OpenReview,4,0.1500659719055474,0.17015706806282724,0.13650453139559246,0.16049382716049382,0.5713003575801849,0.6271994113922119,0.5931353941559792,0.6681622862815857
Large-scale Pretraining for Neural Machine Translation with Tens of Billions of Sentence Pairs | OpenReview,3,0.08782225197902145,0.09326424870466321,0.1541145181476846,0.15808823529411764,0.44142836332321167,0.5053668022155762,0.5885187983512878,0.6835646033287048
Last-iterate convergence rates for min-max optimization | OpenReview,3,0.13304985412209813,0.1510989010989011,0.16548673666921,0.19533527696793002,0.5388420720895132,0.5975959897041321,0.5468863546848297,0.6160434484481812
Latent Normalizing Flows for Many-to-Many Cross Domain Mappings | OpenReview,3,0.14292080845315147,0.15584415584415584,0.13738405795028474,0.1639871382636656,0.4429867962996165,0.4711526334285736,0.4922129809856415,0.5588780641555786
Latent Question Reformulation and Information Accumulation for Multi-Hop Machine Reading | OpenReview,3,0.14175944248906075,0.16580310880829016,0.13228111103010862,0.15517241379310345,0.7365342974662781,0.773779571056366,0.6172391772270203,0.6796269416809082
Latent Variables on Spheres for Sampling and Inference | OpenReview,3,0.1404124398187834,0.16738197424892703,0.16453511229053025,0.20833333333333334,0.6726307471593221,0.7188389301300049,0.603398601214091,0.6564863324165344
Lattice Representation Learning | OpenReview,3,0.07334542951190061,0.09236947791164658,0.13623948295467128,0.15140845070422534,0.5200001498063406,0.576801598072052,0.6603398323059082,0.6757910251617432
LAVAE: Disentangling Location and Appearance | OpenReview,3,0.12686200554810328,0.17289719626168223,0.16551637683935408,0.2170212765957447,0.5207461913426717,0.6140942573547363,0.4672303994496663,0.5006819367408752
Layer Flexible Adaptive Computation Time for Recurrent Neural Networks | OpenReview,3,0.15379777135749348,0.15625,0.14290637348052967,0.15953307392996108,0.6250744064648946,0.694211483001709,0.5455339153607687,0.5684551000595093
Layerwise Learning Rates for Object Features in Unsupervised and Supervised Neural Networks And Consequent Predictions for the Infant Visual System | OpenReview,3,0.10216801134116822,0.11764705882352941,0.15763358704535177,0.16988416988416988,0.7143695950508118,0.8131740093231201,0.5153029362360636,0.5543012619018555
Lazy-CFR: fast and near-optimal regret minimization for extensive games with imperfect information | OpenReview,3,0.14309313261045023,0.15760869565217392,0.14055811397274812,0.15447154471544716,0.762355387210846,0.843483030796051,0.5553905963897705,0.6166625022888184
LDMGAN: Reducing Mode Collapse in GANs with Latent Distribution Matching | OpenReview,3,0.11242048322999576,0.13945578231292516,0.13575400517269562,0.16095890410958905,0.6209325691064199,0.7563968300819397,0.5377063949902853,0.6582823991775513
Lean Images for Geo-Localization | OpenReview,3,0.1473414253790788,0.1619047619047619,0.1346886683922922,0.16393442622950818,0.7590768138567606,0.8184293508529663,0.6217648188273112,0.7103909254074097
Learn Interpretable Word Embeddings Efficiently with von Mises-Fisher Distribution | OpenReview,3,0.13463115475310597,0.1471861471861472,0.1641259748094625,0.18316831683168316,0.6827996571858724,0.7411621809005737,0.5729705095291138,0.6035733222961426
Learn to Explain Efficiently via Neural Logic Inductive Learning | OpenReview,3,0.12498351729153452,0.15204678362573099,0.14538660671531975,0.16408668730650156,0.5731469988822937,0.664718508720398,0.5225228170553843,0.5541333556175232
Learnable Group Transform For Time-Series | OpenReview,3,0.131751030592413,0.13405797101449277,0.12336798839458414,0.15151515151515152,0.6671146551767985,0.7598221302032471,0.4798341592152913,0.5368440747261047
LEARNED STEP SIZE QUANTIZATION | OpenReview,3,0.1427565263523773,0.15037593984962405,0.17461363755365591,0.17938931297709923,0.6883102854092916,0.7809144854545593,0.7145376205444336,0.7551458477973938
Learning a Behavioral Repertoire from Demonstrations | OpenReview,3,0.14336272359177618,0.15064102564102563,0.16100859031637063,0.18666666666666668,0.7420878807703654,0.7523614168167114,0.6717308163642883,0.6884050965309143
Learning a Spatio-Temporal Embedding for Video Instance Segmentation | OpenReview,3,0.1220389083426487,0.12389380530973451,0.10814017470252424,0.13432835820895522,0.7546443939208984,0.7953704595565796,0.6826666593551636,0.7714412212371826
Learning Algorithmic Solutions to Symbolic Planning Tasks with a Neural Computer | OpenReview,3,0.11439287388654477,0.13333333333333333,0.13331247044256958,0.1349206349206349,0.5268800556659698,0.6381947994232178,0.5173700451850891,0.5917882919311523
Learning Boolean Circuits with Neural Networks | OpenReview,3,0.13923047830107177,0.16738197424892703,0.18207680494856174,0.20078740157480315,0.7118388811747233,0.738409161567688,0.5874390403429667,0.6676570773124695
Learning by shaking: Computing policy gradients by physical forward-propagation | OpenReview,4,0.10398940915344132,0.11420612813370473,0.12944691073896758,0.14328358208955225,0.614801749587059,0.7252058386802673,0.5977890193462372,0.6497848033905029
Learning Calibratable Policies using Programmatic Style-Consistency | OpenReview,3,0.09254429235887461,0.1079136690647482,0.14764776763064436,0.1780821917808219,0.6168815890947977,0.7513245344161987,0.5831346114476522,0.7517179846763611
Learning Cluster Structured Sparsity by Reweighting | OpenReview,3,0.10051152036798626,0.1166077738515901,0.17417841793238117,0.18571428571428572,0.5044512252012888,0.5132654905319214,0.502366969982783,0.5073517560958862
Learning Compact Embedding Layers via Differentiable Product Quantization | OpenReview,3,0.1303805599830987,0.14840989399293286,0.1442945963598447,0.16225165562913907,0.5977931221326193,0.6221292614936829,0.43009064594904584,0.4662243723869324
Learning Compact Reward for Image Captioning | OpenReview,3,0.153444310005396,0.22485207100591717,0.14921865229340728,0.15714285714285714,0.7254933218161265,0.8835383653640747,0.6977754235267639,0.7623818516731262
Learning Compositional Koopman Operators for Model-Based Control | OpenReview,4,0.16112572884606463,0.18421052631578946,0.14083640881192122,0.1744186046511628,0.7234287559986115,0.7580708265304565,0.34328997880220413,0.4731147885322571
Learning Cross-Context Entity Representations from Text | OpenReview,3,0.12225548902195608,0.13194444444444445,0.17156012291150816,0.19791666666666666,0.7010727922121683,0.7228903770446777,0.7324333985646566,0.7635093927383423
Learning Curves for Deep Neural Networks: A field theory perspective | OpenReview,3,0.0877199517958489,0.10820895522388059,0.14498711463111544,0.17754569190600522,0.5450339913368225,0.6977026462554932,0.37496501207351685,0.5498811602592468
Learning De-biased Representations with Biased Representations | OpenReview,3,0.09938686676802484,0.10655737704918032,0.14847384389557106,0.16981132075471697,0.49058984716733295,0.5577369928359985,0.5254892011483511,0.6258903741836548
Learning deep graph matching with channel-independent embedding and Hungarian attention | OpenReview,3,0.12645076442544798,0.15714285714285714,0.1586775878442545,0.16923076923076924,0.6292910178502401,0.6909240484237671,0.578869084517161,0.6350827813148499
Learning Deep-Latent Hierarchies by Stacking Wasserstein Autoencoders | OpenReview,3,0.11544492375111266,0.15,0.12172669177438382,0.14351851851851852,0.7050628264745077,0.7142716646194458,0.6945700844128927,0.7836633324623108
LEARNING DIFFICULT PERCEPTUAL TASKS WITH HODGKIN-HUXLEY NETWORKS | OpenReview,3,0.15123897648528192,0.1673469387755102,0.11346967451053054,0.14285714285714285,0.6114978591601054,0.7043378353118896,0.5259767373402914,0.6283714771270752
Learning Disentangled Representations for CounterFactual Regression | OpenReview,3,0.12915627079174982,0.15104166666666666,0.12502890489775534,0.13761467889908258,0.46022512515385944,0.502593457698822,0.47005324562390643,0.5364030599594116
Learning DNA folding patterns with Recurrent Neural Networks | OpenReview,3,0.13926356695876022,0.17964071856287425,0.14204163170721962,0.16049382716049382,0.4819133182366689,0.6068904995918274,0.4766809542973836,0.5767898559570312
Learning Effective Exploration Strategies For Contextual Bandits | OpenReview,3,0.11159693824053686,0.11229946524064172,0.12038971815541716,0.1246376811594203,0.7878340482711792,0.8087112903594971,0.7995642820994059,0.8382583856582642
Learning Efficient Parameter Server Synchronization Policies for Distributed SGD | OpenReview,3,0.1537790707814882,0.16883116883116883,0.13541619672052438,0.1550632911392405,0.5994864900906881,0.6309590935707092,0.46068789561589557,0.5200755596160889
Learning Entailment-Based Sentence Embeddings from Natural Language Inference | OpenReview,3,0.16306658622389092,0.17684887459807075,0.1790398668440704,0.184375,0.6066670914491018,0.7120296955108643,0.610554446776708,0.7125204801559448
LEARNING EXECUTION THROUGH NEURAL CODE FUSION | OpenReview,3,0.1442271446614204,0.1643835616438356,0.1375890423509471,0.15488215488215487,0.6702888409296671,0.7550429701805115,0.5391650994618734,0.6051303744316101
Learning Expensive Coordination: An Event-Based Deep RL Approach | OpenReview,3,0.1360354937129417,0.16,0.11403369767847737,0.15789473684210525,0.6351349949836731,0.6528242230415344,0.4724228282769521,0.48741310834884644
Learning Explainable Models Using Attribution Priors | OpenReview,3,0.14666338067219123,0.16083916083916083,0.1368699119760369,0.15454545454545454,0.575790286064148,0.6404513120651245,0.49690454204877216,0.5609558820724487
Learning from Explanations with Neural Module Execution Tree | OpenReview,3,0.15930320049397867,0.1872146118721461,0.1584891091892182,0.20353982300884957,0.7049471537272135,0.7698707580566406,0.5887929995854696,0.656526505947113
Learning from Imperfect Annotations: An End-to-End Approach | OpenReview,3,0.1138775488366921,0.1493212669683258,0.13347841818156317,0.1467065868263473,0.7334985335667928,0.797703742980957,0.4918271104494731,0.5628917217254639
Learning from Label Proportions with Consistency Regularization | OpenReview,3,0.12676628094165074,0.1506849315068493,0.15839531651181063,0.16182572614107885,0.550556461016337,0.6010134816169739,0.6809825301170349,0.739463210105896
Learning from Partially-Observed Multimodal Data with Variational Autoencoders | OpenReview,4,0.13096796903148192,0.15770609318996415,0.17690724837611826,0.21132075471698114,0.7439146488904953,0.87401282787323,0.6710760444402695,0.7142271995544434
Learning from Positive and Unlabeled Data with Adversarial Training | OpenReview,3,0.1320282020329257,0.15555555555555556,0.12441329120654217,0.15454545454545454,0.6663384636243185,0.7483034133911133,0.6565436323483785,0.7565285563468933
Learning from Rules Generalizing Labeled Exemplars | OpenReview,3,0.12348434414167948,0.13026819923371646,0.1356628923932998,0.15053763440860216,0.48336897293726605,0.5175319314002991,0.6001326044400533,0.6167320013046265
Learning Functionally Decomposed Hierarchies for Continuous Navigation Tasks | OpenReview,3,0.1461208710722723,0.15614617940199335,0.10484358209951877,0.11272727272727273,0.6212588250637054,0.7223182916641235,0.4738764464855194,0.5212486386299133
Learning General and Reusable Features via Racecar-Training | OpenReview,2,0.14059122351923908,0.1527777777777778,0.1731711903717169,0.17358490566037735,0.6338039636611938,0.6652358770370483,0.5646072030067444,0.5788889527320862
Learning Generative Image Object Manipulations from Language Instructions | OpenReview,3,0.09745413398212009,0.10909090909090909,0.1327097958035057,0.14035087719298245,0.5281532208124796,0.6027540564537048,0.6769425272941589,0.7213086485862732
Learning Generative Models using Denoising Density Estimators | OpenReview,3,0.10987154604853565,0.135678391959799,0.1502571640677721,0.1689497716894977,0.6230328877766927,0.7498846650123596,0.5341928203900655,0.6616121530532837
Learning Good Policies By Learning Good Perceptual Models | OpenReview,3,0.11116361051911618,0.11377245508982035,0.18801669092388132,0.25,0.6483327746391296,0.7399184107780457,0.7120485703150431,0.7862790822982788
Learning Heuristics for Quantified Boolean Formulas through Reinforcement Learning | OpenReview,3,0.10923728734965425,0.11282051282051282,0.1336767305861553,0.14883720930232558,0.5140761137008667,0.7069292664527893,0.5670478343963623,0.6723898649215698
Learning Hierarchical Discrete Linguistic Units from Visually-Grounded Speech | OpenReview,3,0.1337580684447692,0.14906832298136646,0.12939781992201346,0.13541666666666666,0.6558917562166849,0.6857810616493225,0.5446715950965881,0.6992034316062927
Learning Human Postural Control with Hierarchical Acquisition Functions | OpenReview,2,0.1408716136631331,0.14840989399293286,0.157043830190304,0.18143459915611815,0.5051546990871429,0.5796220302581787,0.5271215438842773,0.60030198097229
Learning in Confusion: Batch Active Learning with Noisy Oracle | OpenReview,3,0.1374324689357104,0.16666666666666666,0.13558864294158413,0.1794871794871795,0.6449805299441019,0.6917490363121033,0.5767808357874552,0.6490643620491028
Learning Invariants through Soft Unification | OpenReview,3,0.13721092499467538,0.1708542713567839,0.1616600248522313,0.18660287081339713,0.6542534430821737,0.7413028478622437,0.5718750158945719,0.6155965924263
Learning Key Steps to Attack Deep Reinforcement Learning Agents | OpenReview,3,0.11173488593114682,0.12796208530805686,0.17446587847604655,0.1762820512820513,0.6432383060455322,0.7134007215499878,0.5827832023302714,0.6187289953231812
Learning Latent Dynamics for Partially-Observed Chaotic Systems | OpenReview,3,0.137773315214737,0.14655172413793102,0.14656616515508836,0.1588785046728972,0.6430832147598267,0.6603178977966309,0.5638035635153452,0.677984356880188
Learning Latent Representations for Inverse Dynamics using Generalized Experiences | OpenReview,3,0.14456283652336796,0.15810276679841898,0.15225302810629807,0.16312056737588654,0.7130530476570129,0.7981694936752319,0.5202245314915975,0.5723379850387573
Learning Latent State Spaces for Planning through Reward Prediction | OpenReview,3,0.16412681348809746,0.17094017094017094,0.15802219198153933,0.17712177121771217,0.7230304678281149,0.7589027285575867,0.6090709368387858,0.6683012247085571
Learning Likelihoods with Conditional Normalizing Flows | OpenReview,3,0.13875311322953857,0.15,0.12491457163778374,0.12941176470588237,0.6471041838328043,0.6935637593269348,0.6336580316225687,0.7036535739898682
Learning Mahalanobis Metric Spaces via Geometric Approximation Algorithms | OpenReview,3,0.12541721090374194,0.14485981308411214,0.1514982642841889,0.16371681415929204,0.5905301670233408,0.6912755966186523,0.5591609279314677,0.6313029527664185
Learning Nearly Decomposable Value Functions Via Communication Minimization | OpenReview,3,0.1442491154607719,0.1688888888888889,0.12105422279241189,0.15028901734104047,0.6773282488187155,0.6951126456260681,0.5467503865559896,0.6207985281944275
Learning Neural Causal Models from Unknown Interventions | OpenReview,3,0.10683135889779964,0.11859838274932614,0.1380736459215706,0.14285714285714285,0.5995822548866272,0.6759597659111023,0.5109554131825765,0.559455931186676
Learning Neural Surrogate Model for Warm-Starting Bayesian Optimization | OpenReview,3,0.13886149738718614,0.15611814345991562,0.1130280642395372,0.12871287128712872,0.59959277510643,0.7757878303527832,0.6021325985590616,0.6973778009414673
Learning Numeral Embedding | OpenReview,3,0.12961764467427359,0.14682539682539683,0.1467914787699068,0.1583710407239819,0.7366607189178467,0.8287818431854248,0.6031875610351562,0.6746344566345215
Learning relevant features for statistical inference | OpenReview,3,0.11851297836889202,0.12609970674486803,0.13051361262583572,0.13966480446927373,0.5240986347198486,0.5336604714393616,0.49263842900594074,0.5240859985351562
Learning representations for binary-classification without backpropagation | OpenReview,3,0.12528534024759144,0.1524822695035461,0.14176432866203068,0.15492957746478872,0.5969257950782776,0.7202527523040771,0.5818943977355957,0.6474935412406921
Learning Representations in Reinforcement Learning: an Information Bottleneck Approach | OpenReview,3,0.13503888257433233,0.18181818181818182,0.13499729496571186,0.15294117647058825,0.7025718490282694,0.7493276596069336,0.4857975244522095,0.5357385277748108
Learning Reusable Options for Multi-Task Reinforcement Learning | OpenReview,3,0.12400885185053068,0.1412639405204461,0.16444359159733365,0.17539267015706805,0.6385118166605631,0.6691425442695618,0.7245820959409078,0.7358152866363525
Learning RNNs with Commutative State Transitions | OpenReview,3,0.12446068849620011,0.14468085106382977,0.15741861352462147,0.1821561338289963,0.6860355933507284,0.7422736883163452,0.6321315169334412,0.6670464277267456
Learning Robust Representations via Multi-View Information Bottleneck | OpenReview,3,0.15248284984537597,0.1592356687898089,0.14582276682386638,0.16161616161616163,0.6840793291727701,0.7484583854675293,0.6957366267840067,0.7380694150924683
Learning robust visual representations using data augmentation invariance | OpenReview,3,0.09901585015387769,0.10245901639344263,0.14269783927822846,0.1717171717171717,0.5994899471600851,0.6331060528755188,0.6445112228393555,0.7146317958831787
Learning scalable and transferable multi-robot/machine sequential assignment planning via graph embedding | OpenReview,3,0.11973933818032834,0.15639810426540285,0.15046662375567157,0.15658362989323843,0.5757908225059509,0.6349624395370483,0.6060196757316589,0.6143187284469604
Learning Self-Correctable Policies and Value Functions from Demonstrations with Negative Sampling | OpenReview,3,0.13720305874583574,0.1476923076923077,0.1453884905766759,0.15269461077844312,0.721454918384552,0.7570333480834961,0.31276168425877887,0.38831889629364014
Learning Semantically Meaningful Representations Through Embodiment | OpenReview,3,0.13755694978524366,0.14098360655737704,0.11367714083412961,0.12790697674418605,0.6833083629608154,0.7246030569076538,0.5463724136352539,0.6213485598564148
Learning Similarity Metrics for Numerical Simulations | OpenReview,3,0.11200738970032631,0.13120567375886524,0.16374056008766014,0.17543859649122806,0.5105659266312917,0.5814208388328552,0.5574740171432495,0.6621923446655273
Learning Space Partitions for Nearest Neighbor Search | OpenReview,3,0.13358635662084703,0.16184971098265896,0.1678102799363956,0.178125,0.6814246575037638,0.6927622556686401,0.7141086856524149,0.7241781949996948
Learning Structured Communication for Multi-agent Reinforcement Learning | OpenReview,3,0.11025364972547895,0.13372093023255813,0.1313385843410091,0.17682926829268292,0.7248075207074484,0.7392203211784363,0.7334780891736349,0.7405460476875305
Learning Surrogate Losses | OpenReview,3,0.13346836764951248,0.15503875968992248,0.155707952891359,0.18181818181818182,0.6881521741549174,0.7728298902511597,0.6883830825487772,0.7232332825660706
Learning Temporal Abstraction with Information-theoretic Constraints for Hierarchical Reinforcement Learning | OpenReview,3,0.08168395468143715,0.11737089201877934,0.11901732344645731,0.14903846153846154,0.7015526096026102,0.7293112277984619,0.6198709607124329,0.6916058659553528
Learning Temporal Coherence via Self-Supervision for GAN-based Video Generation | OpenReview,4,0.1366069245954896,0.16740088105726872,0.16344523388416,0.1822429906542056,0.5920934081077576,0.7026899456977844,0.6496646255254745,0.7801803350448608
Learning the Arrow of Time for Problems in Reinforcement Learning | OpenReview,3,0.09430613255391636,0.10902255639097744,0.16044307009940575,0.17647058823529413,0.4483279287815094,0.5572957992553711,0.5323875943819681,0.5886709094047546
Learning The Difference That Makes A Difference With Counterfactually-Augmented Data | OpenReview,4,0.1262512320099568,0.13924050632911392,0.18896954536765206,0.21518987341772153,0.6689949035644531,0.7134318351745605,0.6810630112886429,0.7616246938705444
Learning Through Limited Self-Supervision: Improving Time-Series Classification Without Additional Data via Auxiliary Tasks | OpenReview,3,0.15781509699894955,0.16744186046511628,0.16159103034868028,0.18269230769230768,0.6400842865308126,0.7001614570617676,0.5957033634185791,0.6654055714607239
Learning Time-Aware Assistance Functions for Numerical Fluid Solvers | OpenReview,3,0.154253470335268,0.1640625,0.1661545625689052,0.18181818181818182,0.7035027742385864,0.711729884147644,0.6250714262326559,0.7115823030471802
Learning to Anneal and Prune Proximity Graphs for Similarity Search | OpenReview,3,0.14604763090199982,0.16019417475728157,0.1495910164281802,0.16080402010050251,0.7408783634503683,0.7886030673980713,0.6173630555470785,0.6842727661132812
Learning to Balance: Bayesian Meta-Learning for Imbalanced and Out-of-distribution Tasks | OpenReview,3,0.13018192174258245,0.15,0.18953073230163975,0.2198952879581152,0.6926681200663248,0.7505521774291992,0.5952765146891276,0.6189143061637878
Learning to Combat Compounding-Error in Model-Based Reinforcement Learning | OpenReview,3,0.11798335008562282,0.12396694214876033,0.19512219477499937,0.20920502092050208,0.6578003168106079,0.7584982514381409,0.5885964930057526,0.6927896738052368
Learning to Contextually Aggregate Multi-Source Supervision for Sequence Labeling | OpenReview,3,0.11477622009516035,0.1326530612244898,0.11358566024200185,0.15083798882681565,0.7012792229652405,0.7444686889648438,0.654512623945872,0.6646084189414978
Learning to Control Latent Representations for Few-Shot Learning of Named Entities | OpenReview,3,0.10139432028359315,0.16080402010050251,0.11027469653015198,0.12953367875647667,0.5401174624760946,0.5769037008285522,0.5967851877212524,0.6422046422958374
Learning to Control PDEs with Differentiable Physics | OpenReview,3,0.14331608791233194,0.156794425087108,0.10666594883666676,0.12131147540983607,0.62810746828715,0.7131869196891785,0.5017891327540079,0.6234586238861084
Learning to Coordinate Manipulation Skills via Skill Behavior Diversification | OpenReview,3,0.10775739854687223,0.11742424242424243,0.15178999335226306,0.1605351170568562,0.5648150245348612,0.6629008054733276,0.579912026723226,0.6467177271842957
Learning to Defense by Learning to Attack | OpenReview,3,0.12184501163354211,0.13191489361702127,0.18121461489650814,0.2077922077922078,0.6604193449020386,0.7108953595161438,0.6759544213612875,0.7331023216247559
Learning to Discretize: Solving 1D Scalar Conservation Laws via Deep Reinforcement Learning | OpenReview,3,0.10493413497917316,0.12203389830508475,0.11523724380683929,0.12043795620437957,0.44699787100156146,0.6221473813056946,0.48853180805842084,0.6149863600730896
Learning To Explore Using Active Neural Mapping | OpenReview,3,0.10874126628816023,0.143646408839779,0.11040880855516506,0.12121212121212122,0.578138510386149,0.6603350639343262,0.5436397790908813,0.7024083137512207
Learning to Generate Grounded Visual Captions without Localization Supervision | OpenReview,3,0.13996302024436877,0.1510204081632653,0.12655517248763357,0.13432835820895522,0.7590263485908508,0.8029828667640686,0.6394347548484802,0.678646445274353
Learning to Group: A Bottom-Up Framework for 3D Part Discovery in Unseen Categories | OpenReview,3,0.12486146656648005,0.13194444444444445,0.143435984376433,0.15328467153284672,0.5652614037195841,0.6072618365287781,0.4790561993916829,0.5620819926261902
Learning to Guide Random Search | OpenReview,4,0.126388342228194,0.138328530259366,0.15988680941678116,0.17595307917888564,0.5488315671682358,0.7188533544540405,0.5089002400636673,0.523223876953125
LEARNING TO IMPUTE: A GENERAL FRAMEWORK FOR SEMI-SUPERVISED LEARNING | OpenReview,3,0.1588187511763491,0.2087378640776699,0.16114626052576747,0.1797752808988764,0.5129533807436625,0.7557216882705688,0.46393145124117535,0.527142345905304
Learning to Infer User Interface Attributes from Images | OpenReview,3,0.1260996189018498,0.15725806451612903,0.15291807246925668,0.1743119266055046,0.6079800327618917,0.6515892148017883,0.5842369397481283,0.6703952550888062
Learning to Learn by Zeroth-Order Oracle | OpenReview,3,0.1381579111380353,0.1553398058252427,0.13759122295515183,0.15625,0.558877686659495,0.6960466504096985,0.4872142970561981,0.5142843723297119
Learning to Learn Kernels with Variational Random Features | OpenReview,3,0.17555315704263355,0.19724770642201836,0.14161760858189432,0.15625,0.7807299892107645,0.7906124591827393,0.6508159240086874,0.6729194521903992
LEARNING TO LEARN WITH BETTER CONVERGENCE | OpenReview,3,0.10565497604361436,0.11952191235059761,0.1458764339815671,0.17094017094017094,0.6961096127827963,0.7752357125282288,0.6913385192553202,0.7439424395561218
Learning to Link | OpenReview,3,0.12046580520020211,0.128125,0.13751012964377798,0.1541095890410959,0.5924991170565287,0.6961974501609802,0.5170474052429199,0.5743451714515686
Learning to Make Generalizable and Diverse Predictions for Retrosynthesis | OpenReview,3,0.1338716334869589,0.14432989690721648,0.16928298030292807,0.18490566037735848,0.6096302072207133,0.6263201832771301,0.7040629784266154,0.7109601497650146
Learning to Move with Affordance Maps | OpenReview,3,0.16110150946002952,0.18421052631578946,0.14529279027032857,0.15950920245398773,0.629398783047994,0.8073627948760986,0.626303513844808,0.7447330951690674
Learning to Optimize via Dual space Preconditioning | OpenReview,3,0.12771317829457365,0.15348837209302327,0.15536093624844258,0.167420814479638,0.6559378504753113,0.6994326114654541,0.6055011947949728,0.6518915891647339
Learning to Plan in High Dimensions via Neural Exploration-Exploitation Trees | OpenReview,3,0.12177306953315677,0.136,0.13016752505190735,0.1443661971830986,0.5829481482505798,0.6494380831718445,0.6337113181749979,0.6839032173156738
Learning to Prove Theorems by Learning to Generate Theorems | OpenReview,3,0.14745631745556967,0.19767441860465115,0.1942170744382997,0.21287128712871287,0.7896715203921,0.8207369446754456,0.704209566116333,0.7452467083930969
Learning to Rank Learning Curves | OpenReview,3,0.12960750135398755,0.13257575757575757,0.15433389360335614,0.16666666666666666,0.5115042726198832,0.5423402786254883,0.5306635399659475,0.6513545513153076
Learning to Reach Goals Without Reinforcement Learning | OpenReview,3,0.13866362185284617,0.15447154471544716,0.1827525214511516,0.2009132420091324,0.6440553665161133,0.6744894981384277,0.7009513974189758,0.767195463180542
Learning to Reason: Distilling Hierarchy via Self-Supervision and Reinforcement Learning | OpenReview,3,0.10606403577586494,0.12177121771217712,0.15567638133956624,0.18815331010452963,0.6301795442899069,0.7043803334236145,0.6467406551043192,0.7487242221832275
Learning to Recognize the Unseen Visual Predicates | OpenReview,3,0.1517074603044787,0.16141732283464566,0.12451371157044955,0.14009661835748793,0.7187865376472473,0.7735570669174194,0.611595869064331,0.6395424008369446
Learning to Remember from a Multi-Task Teacher | OpenReview,3,0.09935808183706929,0.1095890410958904,0.11955792840193953,0.125,0.685921847820282,0.8227655291557312,0.6997156540552775,0.7743701934814453
Learning to Represent Programs with Property Signatures | OpenReview,3,0.139985259838201,0.15384615384615385,0.18696667015914037,0.20802919708029197,0.5982007284959158,0.7139792442321777,0.5808241466681162,0.6684158444404602
Learning to Retrieve Reasoning Paths over Wikipedia Graph for Question Answering | OpenReview,3,0.1172345191781468,0.12041884816753927,0.15281736531476117,0.1712707182320442,0.6874843835830688,0.6997721791267395,0.6104332407315572,0.6563760638237
Learning to solve the credit assignment problem | OpenReview,3,0.09655401304456135,0.13227513227513227,0.13884297520661157,0.16363636363636364,0.5675378441810608,0.5758432149887085,0.47182093063990277,0.5354050993919373
Learning to Transfer via Modelling Multi-level Task Dependency | OpenReview,4,0.14992372875563773,0.16818181818181818,0.1356893892951585,0.14685314685314685,0.7377408444881439,0.8017463684082031,0.5282197520136833,0.6105014085769653
Learning transitional skills with intrinsic motivation | OpenReview,3,0.15198006135452588,0.1799163179916318,0.165883754011049,0.16988416988416988,0.6303295691808065,0.69097501039505,0.34326045711835224,0.3584342300891876
Learning transport cost from subset correspondence | OpenReview,3,0.13112069723429162,0.1394422310756972,0.17061448718733185,0.19915254237288135,0.6571269035339355,0.7469755411148071,0.5705743233362833,0.6314242482185364
Learning Underlying Physical Properties From Observations For Trajectory Prediction | OpenReview,3,0.08161911716128584,0.08441558441558442,0.11238444733274056,0.1144578313253012,0.4739186962445577,0.5708940625190735,0.527318000793457,0.5691508054733276
"Learning vector representation of local content and matrix representation of local motion, with implications for V1 | OpenReview",3,0.15741408287542188,0.16455696202531644,0.16295063223029324,0.16964285714285715,0.6054554979006449,0.6252983808517456,0.5545389254887899,0.5607337951660156
Learning Video Representations using Contrastive Bidirectional Transformer | OpenReview,3,0.1429096454483509,0.15611814345991562,0.16487332112332112,0.17410714285714285,0.6252017418543497,0.6519733667373657,0.6221781770388285,0.6448607444763184
Learning with Long-term Remembering: Following the Lead of Mixed Stochastic Gradient | OpenReview,3,0.1246162836930148,0.12912912912912913,0.13081499373769903,0.15942028985507245,0.4140595694382985,0.5755179524421692,0.32974763711293537,0.45118996500968933
Learning with Protection: Rejection of Suspicious Samples under Adversarial Environment | OpenReview,3,0.12993167365900052,0.136986301369863,0.13068222399915658,0.15736040609137056,0.6481181383132935,0.7140623331069946,0.7430723905563354,0.7746168971061707
Learning with Social Influence through Interior Policy Differentiation | OpenReview,3,0.13739642813897823,0.15476190476190477,0.19065407526945988,0.19822485207100593,0.5536512931187948,0.5980463624000549,0.5905647873878479,0.6518235206604004
Learning World Graph Decompositions To Accelerate Reinforcement Learning | OpenReview,3,0.14739677115325903,0.16516516516516516,0.18514579052695646,0.1981981981981982,0.6088761687278748,0.6752122044563293,0.6665109992027283,0.705845296382904
Learning-Augmented Data Stream Algorithms | OpenReview,3,0.1534681496461072,0.1608695652173913,0.19279565774526577,0.23508771929824562,0.6658702890078226,0.7366968393325806,0.5912339289983114,0.6537386178970337
Leveraging Adversarial Examples to Obtain Robust Second-Order Representations | OpenReview,3,0.12248103514900359,0.14553990610328638,0.14144485800408443,0.1484593837535014,0.6217951973279318,0.6488831043243408,0.5592386722564697,0.5850086212158203
Leveraging Entanglement Entropy for Deep Understanding of Attention Matrix in Text Matching | OpenReview,3,0.12286341715604598,0.12796208530805686,0.1485747546082895,0.15196078431372548,0.5949910084406534,0.8091259598731995,0.588056723276774,0.6674574613571167
Leveraging inductive bias of neural networks for learning without explicit human annotations | OpenReview,2,0.12793824149018737,0.14655172413793102,0.150579889320617,0.15350877192982457,0.5121749937534332,0.522162139415741,0.6098680198192596,0.6214012503623962
Leveraging Simple Model Predictions for Enhancing its Performance | OpenReview,4,0.10415791741279512,0.11299435028248588,0.1599094040131776,0.16981132075471697,0.48059552162885666,0.5695216059684753,0.5234882533550262,0.5969034433364868
LEX-GAN: Layered Explainable Rumor Detector Based on Generative Adversarial Networks | OpenReview,4,0.1316664264171261,0.1415525114155251,0.15905765898080854,0.18137254901960784,0.7299349009990692,0.7765448689460754,0.5902457684278488,0.6534819602966309
LIA: Latently Invertible Autoencoder with Adversarial Learning | OpenReview,4,0.12603066015135225,0.15300546448087432,0.14742336640271642,0.17880794701986755,0.6875287592411041,0.720291018486023,0.6535550951957703,0.6952162981033325
"Lift-the-flap: what, where and when for context reasoning | OpenReview",3,0.10805569383808883,0.11023622047244094,0.14583419361700797,0.15357142857142858,0.626626988252004,0.6678545475006104,0.571530262629191,0.5955135226249695
LightPAFF: A Two-Stage Distillation Framework for Pre-training and Fine-tuning | OpenReview,3,0.17086505372780994,0.225130890052356,0.17274600181576924,0.1945945945945946,0.6541633208592733,0.6893355846405029,0.650857170422872,0.6701357960700989
Likelihood Contribution based Multi-scale Architecture for Generative Flows | OpenReview,3,0.11766520751187191,0.15100671140939598,0.13039213073647807,0.16433566433566432,0.6721477111180624,0.7529637813568115,0.44523295760154724,0.47530636191368103
Limitations for Learning from Point Clouds | OpenReview,3,0.1756474145475723,0.18552036199095023,0.13497797669792555,0.16544117647058823,0.7860823472340902,0.8521487712860107,0.46628015240033466,0.48684561252593994
Linear Symmetric Quantization of Neural Networks for Low-precision Integer Hardware | OpenReview,3,0.1392495797287165,0.17180616740088106,0.12252785070106248,0.14919354838709678,0.706744650999705,0.8097509741783142,0.6135610938072205,0.6813291907310486
Linguistic Embeddings as a Common-Sense Knowledge Repository: Challenges and Opportunities | OpenReview,3,0.11720952210772928,0.1411042944785276,0.12148620520609815,0.1271186440677966,0.628098209698995,0.6939956545829773,0.5727226535479227,0.6476560831069946
Lipschitz constant estimation for Neural Networks via sparse polynomial optimization | OpenReview,3,0.12834469508247862,0.15311004784688995,0.15955168145944065,0.16911764705882354,0.5654084881146749,0.6179887056350708,0.6159837444623312,0.6576783061027527
Lipschitz Lifelong Reinforcement Learning | OpenReview,3,0.10477406704677487,0.14136125654450263,0.14599906855522624,0.16580310880829016,0.512479285399119,0.6235201358795166,0.4760073622067769,0.5579730272293091
Local Label Propagation for Large-Scale Semi-Supervised Learning | OpenReview,3,0.14360528376623413,0.1568627450980392,0.17271092217135384,0.2159090909090909,0.7098243633906046,0.7617933750152588,0.5845134258270264,0.6157082319259644
LocalGAN: Modeling Local Distributions for Adversarial Response Generation | OpenReview,3,0.10935890079651533,0.13271604938271606,0.13856317349208083,0.17378048780487804,0.5728413263956705,0.7532583475112915,0.4954654475053151,0.5614697337150574
Localised Generative Flows | OpenReview,3,0.09062536417069204,0.10344827586206896,0.13729519295982498,0.14232209737827714,0.6433321932951609,0.7446524500846863,0.6235496004422506,0.6657065153121948
Locality and Compositionality in Zero-Shot Learning | OpenReview,3,0.1630363311331761,0.1795774647887324,0.12686268430517875,0.13877551020408163,0.7808388272921244,0.8430324196815491,0.6234558423360189,0.6690719723701477
Localized Generations with Deep Neural Networks for Multi-Scale Structured Datasets | OpenReview,3,0.13909650213001098,0.16097560975609757,0.13953533955955263,0.14,0.6323423385620117,0.661271333694458,0.5600032210350037,0.6086075305938721
Localized Meta-Learning: A PAC-Bayes Analysis for Meta-Leanring Beyond Global Prior | OpenReview,4,0.125870279234151,0.14728682170542637,0.12664936550013736,0.1487603305785124,0.6595992147922516,0.751473069190979,0.5444791913032532,0.5911353826522827
Localizing and Amortizing: Efficient Inference for Gaussian Processes | OpenReview,3,0.11226767310737462,0.11604095563139932,0.13880417326207406,0.15202702702702703,0.5403392314910889,0.572493314743042,0.6342506210009257,0.6967372894287109
Locally Constant Networks | OpenReview,3,0.12324938377451505,0.15207373271889402,0.20592719649323424,0.25471698113207547,0.7221450010935465,0.7502367496490479,0.6303239663441976,0.6523234844207764
LOGAN: Latent Optimisation for Generative Adversarial Networks | OpenReview,2,0.14447613442588317,0.1658291457286432,0.12436289500509684,0.13761467889908258,0.7077584862709045,0.7278965711593628,0.5189310312271118,0.5365034341812134
Logic and the 2-Simplicial Transformer | OpenReview,3,0.11191714473875719,0.13716814159292035,0.14718830200141708,0.17063492063492064,0.47058465083440143,0.5493966341018677,0.5294777750968933,0.5735409259796143
Long History Short-Term Memory for Long-Term Video Prediction | OpenReview,3,0.11908565769063946,0.13551401869158877,0.15818717569375204,0.1791044776119403,0.7478300333023071,0.7928473353385925,0.5321679512659708,0.5539295077323914
"Long-term planning, short-term adjustments | OpenReview",3,0.1407283719712738,0.1559633027522936,0.13718111335248692,0.14227642276422764,0.563420295715332,0.6037503480911255,0.532794197400411,0.5799582600593567
Longitudinal Enrichment of Imaging Biomarker Representations for Improved Alzheimer*s Disease Diagnosis | OpenReview,3,0.11649614243380818,0.1346938775510204,0.14875806281274515,0.1656441717791411,0.4678537944952647,0.5444954633712769,0.510372261206309,0.546532928943634
Lookahead: A Far-sighted Alternative of Magnitude-based Pruning | OpenReview,4,0.11875287435367052,0.13008130081300814,0.14388310444485558,0.17326732673267325,0.49039121717214584,0.5711508989334106,0.5589383691549301,0.6243053674697876
Lossless Data Compression with Transformer | OpenReview,3,0.1025064535412306,0.12972972972972974,0.18710608174893892,0.22115384615384615,0.7263542612393697,0.7732885479927063,0.693533718585968,0.7056353688240051
LOSSLESS SINGLE IMAGE SUPER RESOLUTION FROM LOW-QUALITY JPG IMAGES | OpenReview,3,0.13461955855194288,0.14682539682539683,0.11246656042287106,0.12184873949579832,0.7617353002230326,0.776019275188446,0.7007201910018921,0.7341433763504028
Low Bias Gradient Estimates for Very Deep Boolean Stochastic Networks | OpenReview,3,0.10865965033724667,0.11682242990654206,0.09046088351704851,0.1069182389937107,0.5007530550161997,0.6119561195373535,0.328580637772878,0.42615678906440735
Low Rank Training of Deep Neural Networks for Emerging Memory Technology | OpenReview,4,0.15232578868688676,0.16847826086956522,0.16020695558004214,0.16666666666666666,0.6154981702566147,0.6861658096313477,0.47140926867723465,0.574770450592041
Low-Resource Knowledge-Grounded Dialogue Generation | OpenReview,3,0.1451752548526742,0.16363636363636364,0.17839642261399088,0.21551724137931033,0.702922542889913,0.7902916669845581,0.7285674413045248,0.773141622543335
LSTOD: Latent Spatial-Temporal Origin-Destination prediction model and its applications in ride-sharing platforms | OpenReview,3,0.08370739920222851,0.105,0.147705524593301,0.16289592760180996,0.6080670555432638,0.6826547980308533,0.5453404784202576,0.5785094499588013
MACER: Attack-free and Scalable Robust Training via Maximizing Certified Radius | OpenReview,3,0.11846678925198735,0.12790697674418605,0.1131176353925169,0.12727272727272726,0.5829931398232778,0.7264817357063293,0.39839144547780353,0.4722576141357422
Machine Truth Serum | OpenReview,3,0.13024344394207407,0.13636363636363635,0.14516198800517316,0.15168539325842698,0.5517203211784363,0.6734607219696045,0.45400582750638324,0.48370689153671265
Make Lead Bias in Your Favor: A Simple and Effective Method for News Summarization | OpenReview,3,0.12171209873939075,0.1386861313868613,0.17910867933190602,0.1978798586572438,0.7343428730964661,0.8170281648635864,0.6915205915768942,0.7317683696746826
Making Efficient Use of Demonstrations to Solve Hard Exploration Problems | OpenReview,3,0.1269588243082219,0.13428571428571429,0.14881885253881227,0.16725978647686832,0.7197673122088114,0.7445051074028015,0.7047481338183085,0.7425073981285095
Making Sense of Reinforcement Learning and Probabilistic Inference | OpenReview,3,0.12154538193389307,0.13753581661891118,0.1329823728502075,0.15,0.5791806479295095,0.6818791627883911,0.6294231216112772,0.7133404612541199
"Making the Shoe Fit: Architectures, Initializations, and Tuning for Learning with Privacy | OpenReview",3,0.1169429546897048,0.12747252747252746,0.1535443956512339,0.16483516483516483,0.6435654163360596,0.8144350051879883,0.5799084703127543,0.7120547294616699
MANAS: Multi-Agent Neural Architecture Search | OpenReview,3,0.14879908932255156,0.16101694915254236,0.12016294542289402,0.12745098039215685,0.5402237375577291,0.588030993938446,0.39517372846603394,0.4734872579574585
MANIFOLD FORESTS: CLOSING THE GAP ON NEURAL NETWORKS | OpenReview,3,0.12555944901831817,0.1643192488262911,0.14270973948393303,0.16161616161616163,0.6011860370635986,0.6824644804000854,0.5293456614017487,0.6173669099807739
Manifold Learning and Alignment with Generative Adversarial Networks | OpenReview,3,0.14709279719893265,0.16129032258064516,0.1464938568480321,0.16883116883116883,0.6064483324686686,0.6417567729949951,0.5941917697588602,0.6385635733604431
Manifold Modeling in Embedded Space: A Perspective for Interpreting *Deep Image Prior* | OpenReview,3,0.1435950216976179,0.1650943396226415,0.16783216839370022,0.1689497716894977,0.65046226978302,0.707478940486908,0.6678654352823893,0.6908241510391235
MaskConvNet: Training Efficient ConvNets from Scratch via Budget-constrained Filter Pruning | OpenReview,3,0.12532510461778584,0.14485981308411214,0.12937628714327742,0.15151515151515152,0.7216448187828064,0.7523975372314453,0.6529280543327332,0.7278568148612976
Masked Based Unsupervised Content Transfer | OpenReview,3,0.10200699513359991,0.10819672131147541,0.1336181110277496,0.16071428571428573,0.43451830744743347,0.5302754640579224,0.5787823796272278,0.6233892440795898
Massively Multilingual Sparse Word Representations | OpenReview,3,0.16933910549708883,0.21256038647342995,0.1290557781786412,0.14795918367346939,0.7458387811978658,0.7687287330627441,0.6276752750078837,0.6664940118789673
Match prediction from group comparison data using neural networks | OpenReview,4,0.11324773465618536,0.12206572769953052,0.13715391852224368,0.1588785046728972,0.46485336124897003,0.5949097275733948,0.4586145505309105,0.5466838479042053
Mathematical Reasoning in Latent Space | OpenReview,3,0.08970462121775213,0.09473684210526316,0.13394001458517588,0.14193548387096774,0.5657911400000254,0.6841861009597778,0.3558740516503652,0.44108203053474426
Matrix Multilayer Perceptron | OpenReview,3,0.10981110709371579,0.11824324324324324,0.14965434270561148,0.17363344051446947,0.5854672789573669,0.6276445388793945,0.549213687578837,0.6021953821182251
Maximum Likelihood Constraint Inference for Inverse Reinforcement Learning | OpenReview,4,0.14536675606336144,0.20816326530612245,0.1489205836027955,0.19133574007220217,0.6140719801187515,0.6969096064567566,0.679039478302002,0.7501994371414185
Maxmin Q-learning: Controlling the Estimation Bias of Q-learning | OpenReview,3,0.14729755178907722,0.155,0.13969464937774798,0.15023474178403756,0.7871123552322388,0.8160178065299988,0.7261717319488525,0.7674715518951416
Mean Field Models for Neural Networks in Teacher-student Setting | OpenReview,3,0.0969305575247904,0.10725552050473186,0.17739683598770928,0.20388349514563106,0.6017077763875326,0.6310063004493713,0.6907853484153748,0.7463794350624084
Mean-field Behaviour of Neural Tangent Kernel for Deep Neural Networks | OpenReview,3,0.11732342108016618,0.12448132780082988,0.10334384022302305,0.11764705882352941,0.608128031094869,0.6235277652740479,0.6524171233177185,0.6927507519721985
Measuring and Improving the Use of Graph Information in Graph Neural Networks | OpenReview,3,0.13261986653250743,0.14056224899598393,0.17403747424239227,0.1776061776061776,0.6782099405924479,0.743053674697876,0.7055217226346334,0.7621278166770935
Measuring Calibration in Deep Learning | OpenReview,3,0.12975545098931038,0.15384615384615385,0.1610559871991554,0.17045454545454544,0.6338829398155212,0.7811277508735657,0.552216370900472,0.6712310314178467
Measuring causal influence with back-to-back regression: the linear case | OpenReview,3,0.12190519323671499,0.15217391304347827,0.16710626467421474,0.1732283464566929,0.477175494035085,0.6176549196243286,0.44004162152608234,0.5696302056312561
Measuring Compositional Generalization: A Comprehensive Method on Realistic Data | OpenReview,3,0.1399168399168399,0.1493212669683258,0.15305388490502994,0.16444444444444445,0.6548715233802795,0.6734344959259033,0.665696899096171,0.6889172792434692
Measuring Numerical Common Sense: Is A Word Embedding Approach Effective? | OpenReview,3,0.13877962170844838,0.14624505928853754,0.15077140449450896,0.15775401069518716,0.7197576363881429,0.7752723097801208,0.600516140460968,0.6171975135803223
Measuring the Reliability of Reinforcement Learning Algorithms | OpenReview,3,0.13130319746570426,0.1590909090909091,0.10923033075519022,0.11553784860557768,0.5822723309199015,0.6784672737121582,0.40767314036687213,0.4975806772708893
MelNet: A Generative Model for Audio in the Frequency Domain | OpenReview,3,0.143246613673415,0.1553398058252427,0.17060404634775342,0.19172932330827067,0.6946809689203898,0.7400689125061035,0.6544320782025655,0.74537593126297
MEMO: A Deep Network for Flexible Combination of Episodic Memories | OpenReview,2,0.13810641627543035,0.1388888888888889,0.1736105728238121,0.18556701030927836,0.6382757127285004,0.6468125581741333,0.6162112057209015,0.6646108031272888
MEMORY-BASED GRAPH NETWORKS | OpenReview,4,0.14292848326261204,0.15748031496062992,0.14999971254579503,0.18518518518518517,0.7354354560375214,0.7842622399330139,0.5647860392928123,0.6371850967407227
Mesh-Free Unsupervised Learning-Based PDE Solver of Forward and Inverse problems | OpenReview,3,0.1443208341222286,0.1593625498007968,0.1501332639455364,0.1702127659574468,0.6394444108009338,0.6456811428070068,0.628511647383372,0.692491352558136
Meta Dropout: Learning to Perturb Latent Features for Generalization | OpenReview,3,0.12320910659039981,0.1336206896551724,0.13181946970017336,0.14027149321266968,0.6154262820879618,0.6809498071670532,0.6375938852628072,0.6995944976806641
Meta Learning via Learned Loss | OpenReview,3,0.13427682699492263,0.1488095238095238,0.14255393996247656,0.16875,0.7648473978042603,0.8155913949012756,0.663892904917399,0.7137582302093506
Meta Reinforcement Learning with Autonomous Inference of Subtask Dependencies | OpenReview,3,0.16105628791538232,0.19488817891373802,0.1483000392496264,0.16271186440677965,0.68801349401474,0.8413294553756714,0.5937257011731466,0.6829382181167603
Meta-Dataset: A Dataset of Datasets for Learning to Learn from Few Examples | OpenReview,3,0.11555535883942399,0.16129032258064516,0.15724085166145252,0.17435897435897435,0.7524260679880778,0.8040876388549805,0.6238394975662231,0.7201324701309204
Meta-Graph: Few shot Link Prediction via Meta Learning | OpenReview,3,0.1434775969441727,0.15789473684210525,0.15023300286458183,0.16117216117216118,0.7685967087745667,0.801866352558136,0.7371891538302103,0.7769162654876709
Meta-Learning Acquisition Functions for Transfer Learning in Bayesian Optimization | OpenReview,3,0.11754193361529464,0.13087248322147652,0.13656818244392752,0.14760147601476015,0.6180355151494344,0.7108292579650879,0.36433538794517517,0.3859124183654785
Meta-Learning by Hallucinating Useful Examples | OpenReview,3,0.13488825301242016,0.14057507987220447,0.13170097517983484,0.1386861313868613,0.5886039932568868,0.6457849740982056,0.5051201581954956,0.5799123048782349
Meta-learning curiosity algorithms | OpenReview,3,0.13524655825451906,0.1497584541062802,0.14635664800313244,0.155893536121673,0.6971706549326578,0.7395877838134766,0.34002020955085754,0.40068742632865906
Meta-Learning Deep Energy-Based Memory Models | OpenReview,4,0.12976790918995756,0.14173228346456693,0.14192465918514277,0.15363128491620112,0.5706813782453537,0.706252932548523,0.5673738718032837,0.7318452596664429
Meta-Learning for Variational Inference | OpenReview,3,0.12722683816531236,0.1353135313531353,0.18901359825807418,0.2179930795847751,0.7386054793993632,0.7488570809364319,0.6477519671122233,0.6873810887336731
Meta-Learning Initializations for Image Segmentation | OpenReview,3,0.11383483797276901,0.14714714714714713,0.1333535252514165,0.14102564102564102,0.770447313785553,0.854381263256073,0.6440781553586324,0.7007403373718262
Meta-Learning Runge-Kutta | OpenReview,3,0.10517497147717388,0.10743801652892562,0.16530417050150684,0.1702127659574468,0.652006189028422,0.7389547824859619,0.2859937051932017,0.30269181728363037
Meta-Learning with Network Pruning for Overfitting Reduction | OpenReview,3,0.11174177879624732,0.12903225806451613,0.09316676958567392,0.1165644171779141,0.5027187565962473,0.6856029033660889,0.40354950229326886,0.5379218459129333
Meta-Learning with Warped Gradient Descent | OpenReview,3,0.09247113761790865,0.11643835616438356,0.12679326500880705,0.14285714285714285,0.7161805232365926,0.7918586730957031,0.5933319131533304,0.6673212647438049
Meta-Learning without Memorization | OpenReview,3,0.1311502536260288,0.1337386018237082,0.1483131200401853,0.1506849315068493,0.6844419042269388,0.8241903781890869,0.607071061929067,0.6671624779701233
Meta-Q-Learning | OpenReview,3,0.13757192923523268,0.1609907120743034,0.16263599824637143,0.1774193548387097,0.46068302790323895,0.5042537450790405,0.6487875978151957,0.7047936916351318
Meta-RCNN: Meta Learning for Few-Shot Object Detection | OpenReview,3,0.1368103840821067,0.15204678362573099,0.1775642194152858,0.18888888888888888,0.7813921968142191,0.8279237151145935,0.7873763839403788,0.8626447916030884
Metagross: Meta Gated Recursive Controller Units for Sequence Modeling | OpenReview,3,0.1117716456453217,0.1282798833819242,0.12172740730944849,0.14285714285714285,0.6212340792020162,0.7303454279899597,0.49970905979474384,0.5608322024345398
MetaPix: Few-Shot Video Retargeting | OpenReview,3,0.17757740531945768,0.24043715846994534,0.14427430083592016,0.16580310880829016,0.7013760606447855,0.7852026224136353,0.5204881131649017,0.6289893388748169
MGP-AttTCN: An Interpretable Machine Learning Model for the Prediction of Sepsis | OpenReview,3,0.11944342933678298,0.12734082397003746,0.14770317628110938,0.15859030837004406,0.6210354566574097,0.6831049919128418,0.6052450736363729,0.6466122269630432
Mildly Overparametrized Neural Nets can Memorize Training Data Efficiently | OpenReview,3,0.10648835424710845,0.12203389830508475,0.1583661752542208,0.17419354838709677,0.4858662784099579,0.5616878271102905,0.624225934346517,0.659744143486023
MIM: Mutual Information Machine | OpenReview,3,0.10780644476296651,0.15217391304347827,0.12285887131622159,0.13793103448275862,0.6000332236289978,0.7448890209197998,0.3418688674767812,0.41912364959716797
Min-Max Optimization without Gradients: Convergence and Applications to Adversarial ML | OpenReview,3,0.1352737949880807,0.15816326530612246,0.1556291632049208,0.17592592592592593,0.6752567688624064,0.7124696969985962,0.5940742890040079,0.6282896995544434
Mincut Pooling in Graph Neural Networks | OpenReview,3,0.12466781893040857,0.13821138211382114,0.17611037221587397,0.1976284584980237,0.638113796710968,0.7653635144233704,0.6097263693809509,0.6552436351776123
Minimally distorted Adversarial Examples with a Fast Adaptive Boundary Attack | OpenReview,3,0.10923783543607068,0.11654135338345864,0.0922977816265873,0.0935672514619883,0.5591506659984589,0.630071759223938,0.49237088362375897,0.509993314743042
Minimizing FLOPs to Learn Efficient Sparse Representations | OpenReview,3,0.11288292083406322,0.125,0.12173710737024446,0.12634408602150538,0.6915895541508993,0.7667770385742188,0.4940612018108368,0.5744951963424683
Mint: Matrix-Interleaving for Multi-Task Learning | OpenReview,4,0.12350504505182593,0.1503267973856209,0.13658141970580417,0.14366197183098592,0.658111497759819,0.7220478057861328,0.5577174872159958,0.6103502511978149
Mirror Descent View For Neural Network Quantization | OpenReview,4,0.12915249802803605,0.14166666666666666,0.153256371279324,0.17751479289940827,0.6749466210603714,0.8404974341392517,0.674491211771965,0.8526630997657776
Mirror-Generative Neural Machine Translation | OpenReview,3,0.13993871052694581,0.14652014652014653,0.16186676127569774,0.20915032679738563,0.6788031856218973,0.6958122253417969,0.6044760545094808,0.6349057555198669
MissDeepCausal: causal inference from incomplete data using deep latent variable models | OpenReview,3,0.15165742122994133,0.18666666666666668,0.18276215720043099,0.20253164556962025,0.5631726384162903,0.7311861515045166,0.5419624447822571,0.6378872990608215
MIST: Multiple Instance Spatial Transformer Networks | OpenReview,3,0.11929465195142074,0.13865546218487396,0.13716107824278576,0.13805970149253732,0.6012629667917887,0.6477530002593994,0.4879829982916514,0.527851939201355
Mixed Precision DNNs: All you need is a good parametrization | OpenReview,3,0.13122155287817938,0.14,0.14945136081093027,0.17537313432835822,0.7294042507807413,0.7482438087463379,0.18963606158892313,0.21090027689933777
Mixed Precision Training With 8-bit Floating Point | OpenReview,3,0.1171504884004884,0.13186813186813187,0.14726738246742896,0.16901408450704225,0.6118605931599935,0.718445360660553,0.6756112972895304,0.7187967896461487
Mixed-curvature Variational Autoencoders | OpenReview,3,0.1160591719165573,0.12982456140350876,0.09568490411863906,0.12727272727272726,0.5006915430227915,0.5265825390815735,0.6466992100079855,0.6805588603019714
Mixout: Effective Regularization to Finetune Large-scale Pretrained Language Models | OpenReview,3,0.131990971990972,0.14285714285714285,0.1398010537344767,0.1494661921708185,0.5727459092934927,0.6802818179130554,0.38713141282399494,0.41259658336639404
Mixture Distributions for Scalable Bayesian Inference | OpenReview,3,0.09767950789554995,0.1210762331838565,0.11882111105689865,0.1407766990291262,0.616384228070577,0.713047981262207,0.5498937169710795,0.5923112630844116
Mixture-of-Experts Variational Autoencoder for clustering and generating from similarity-based representations | OpenReview,3,0.13095474726547493,0.14189189189189189,0.16521137139499537,0.1724137931034483,0.4735611478487651,0.5148923397064209,0.5797529617945353,0.6748456954956055
MixUp as Directional Adversarial Training | OpenReview,3,0.11841888063530304,0.13333333333333333,0.14610108567235716,0.17557251908396945,0.6848039428393046,0.7679955959320068,0.6298868060112,0.6841429471969604
Mixup Inference: Better Exploiting Mixup to Defend Adversarial Attacks | OpenReview,3,0.1464863000197122,0.17763157894736842,0.1962432488146774,0.21224489795918366,0.6893348097801208,0.8202961683273315,0.6486390233039856,0.6730804443359375
MLModelScope: A Distributed Platform for ML Model Evaluation and Benchmarking at Scale | OpenReview,3,0.11686952272870561,0.1323529411764706,0.15512251903318033,0.19148936170212766,0.4968239665031433,0.5530091524124146,0.5574808716773987,0.6084447503089905
MMA Training: Direct Input Space Margin Maximization through Adversarial Training | OpenReview,3,0.13235163204886805,0.15028901734104047,0.1533985129505946,0.1875,0.7762404878934225,0.8550451397895813,0.7032699982325236,0.7633529901504517
MMD GAN with Random-Forest Kernels | OpenReview,3,0.10181355294326006,0.13142857142857142,0.1663525707241554,0.2077922077922078,0.477466344833374,0.5913728475570679,0.6973167459170023,0.7678864598274231
Mode Connectivity and Sparse Neural Networks | OpenReview,3,0.13908683699523625,0.1423948220064725,0.14658390188470305,0.15498154981549817,0.5767597556114197,0.6226212382316589,0.6479041576385498,0.6920469999313354
Model Architecture Controls Gradient Descent Dynamics: A Combinatorial Path-Based Formula | OpenReview,3,0.11152972242232363,0.12540192926045016,0.09378594134926416,0.10752688172043011,0.6547648310661316,0.6992265582084656,0.6178286671638489,0.6283178329467773
Model Based Reinforcement Learning for Atari | OpenReview,3,0.14107369193690575,0.16296296296296298,0.1535109617082079,0.16049382716049382,0.6549455324808756,0.7514669895172119,0.563197652498881,0.6085156202316284
Model Comparison of Beer data classification using an electronic nose | OpenReview,3,0.10217121902233994,0.1419753086419753,0.10059938429786346,0.12738853503184713,0.33701737225055695,0.5435575246810913,0.407025287548701,0.6249812841415405
Model Ensemble-Based Intrinsic Reward for Sparse Reward Reinforcement Learning | OpenReview,3,0.15234725037497066,0.15819209039548024,0.14699709018894078,0.17408906882591094,0.6816175778706869,0.7032220363616943,0.7382582624753317,0.7636047601699829
Model Imitation for Model-Based Reinforcement Learning | OpenReview,3,0.13579808505976274,0.1588785046728972,0.15136537060229763,0.18085106382978725,0.6030950943628947,0.6514060497283936,0.45986105998357135,0.5543048977851868
Model Inversion Networks for Model-Based Optimization | OpenReview,3,0.08396527246397169,0.10364145658263306,0.12911908033945477,0.15521628498727735,0.36558590332667035,0.39309510588645935,0.4666796724001567,0.5338892936706543
Model-Agnostic Feature Selection with Additional Mutual Information | OpenReview,3,0.1378532654608274,0.16554054054054054,0.13127295504448577,0.14937759336099585,0.47793590029080707,0.5456974506378174,0.3835083345572154,0.4271784722805023
Model-Augmented Actor-Critic: Backpropagating through Paths | OpenReview,3,0.08886237488762444,0.10697674418604651,0.14644803019304253,0.1588447653429603,0.4336671729882558,0.5029421448707581,0.5908345977465311,0.6008581519126892
Model-based reinforcement learning for biological sequence design | OpenReview,3,0.12277128798339916,0.13505747126436782,0.1589930600088353,0.16956521739130434,0.5390106538931528,0.6138824820518494,0.5307261645793915,0.60362309217453
Model-based Saliency for the Detection of Adversarial Examples | OpenReview,3,0.14815128362706118,0.15695067264573992,0.18133652005183523,0.20175438596491227,0.8446998198827108,0.864524245262146,0.8687144915262858,0.8930400609970093
Model-free Learning Control of Nonlinear Stochastic Systems with Stability Guarantee | OpenReview,3,0.11760017436309293,0.13618677042801555,0.14190159300005628,0.16326530612244897,0.6494741837183634,0.680158793926239,0.5744708180427551,0.6187341213226318
Modeling Fake News in Social Networks with Deep Multi-Agent Reinforcement Learning | OpenReview,3,0.12084522490458764,0.1291139240506329,0.19267528884774943,0.20186335403726707,0.6855515440305074,0.769658088684082,0.5493718187014262,0.6058873534202576
Modeling question asking using neural program generation | OpenReview,3,0.1501223861266805,0.15425531914893617,0.1307197693729828,0.14948453608247422,0.6310702462991079,0.8012001514434814,0.6188228925069174,0.6944091320037842
Modeling treatment events in disease progression | OpenReview,3,0.13386223526675176,0.1452513966480447,0.13441387839484145,0.16071428571428573,0.5587101578712463,0.5808355808258057,0.5079363187154134,0.5669450759887695
Modeling Winner-Take-All Competition in Sparse Binary Projections | OpenReview,3,0.13114253073001295,0.14673913043478262,0.12090629498756707,0.135,0.638710618019104,0.6974502205848694,0.4810370107491811,0.536695122718811
MODELLING BIOLOGICAL ASSAYS WITH ADAPTIVE DEEP KERNEL LEARNING | OpenReview,5,0.14822313488155753,0.168,0.14779230682567154,0.1888412017167382,0.7354054093360901,0.8433427810668945,0.5550589203834534,0.6654374599456787
Modelling the influence of data structure on learning in neural networks | OpenReview,3,0.11441871598667763,0.13225806451612904,0.15522467692875916,0.17123287671232876,0.614176611105601,0.726333737373352,0.6412690877914429,0.7396883964538574
MODiR: Multi-Objective Dimensionality Reduction for Joint Data Visualisation | OpenReview,2,0.1224510649893274,0.13917525773195877,0.14991708126036485,0.15555555555555556,0.6423890292644501,0.723469614982605,0.5502674877643585,0.5739238858222961
MoET: Interpretable and Verifiable Reinforcement Learning via Mixture of Expert Trees | OpenReview,3,0.13677352868187095,0.14736842105263157,0.15797927809735257,0.16666666666666666,0.6982531746228536,0.7568651437759399,0.5610902706782023,0.5821424722671509
Mogrifier LSTM | OpenReview,3,0.14702879082646245,0.17446808510638298,0.1685154347356863,0.19480519480519481,0.6298848390579224,0.6752341985702515,0.5934286117553711,0.6634305715560913
Molecular Graph Enhanced Transformer for Retrosynthesis Prediction | OpenReview,3,0.13313235397319237,0.14720812182741116,0.1401336264422099,0.15432098765432098,0.716549277305603,0.7874804735183716,0.7106485764185587,0.7573946118354797
MONET: Debiasing Graph Embeddings via the Metadata-Orthogonal Training Unit | OpenReview,3,0.11838152391343881,0.13846153846153847,0.1457238715698921,0.1687116564417178,0.662697434425354,0.7426887154579163,0.6526665290196737,0.6918991804122925
Moniqua: Modulo Quantized Communication in Decentralized SGD | OpenReview,4,0.1330676979122,0.1469387755102041,0.15338496172483712,0.20614035087719298,0.6602291762828827,0.7025425434112549,0.71863853931427,0.7955065965652466
Monotonic Multihead Attention | OpenReview,3,0.13915880620650034,0.14883720930232558,0.19975975353513328,0.20388349514563106,0.6352942784627279,0.7076504826545715,0.6898628274599711,0.7768609523773193
Monte Carlo Deep Neural Network Arithmetic | OpenReview,3,0.15141166908530482,0.17410714285714285,0.14892258882129747,0.16736401673640167,0.7205394705136617,0.8056483268737793,0.7549389004707336,0.8146387338638306
Multi-Agent Hierarchical Reinforcement Learning for Humanoid Navigation | OpenReview,3,0.11316063441851765,0.12130177514792899,0.1376602095211818,0.15434083601286175,0.4738331933816274,0.6045052409172058,0.672082523504893,0.8114402890205383
Multi-Agent Interactions Modeling with Correlated Policies | OpenReview,3,0.13813648299057005,0.1474820143884892,0.13432922576145082,0.14705882352941177,0.6627543568611145,0.7318518757820129,0.43324536085128784,0.4763956069946289
Multi-agent Reinforcement Learning for Networked System Control | OpenReview,3,0.1424205044788193,0.15343915343915343,0.15886465599109276,0.17435897435897435,0.6665825049082438,0.7081794142723083,0.607848048210144,0.6939732432365417
Multi-Dimensional Explanation of Reviews | OpenReview,3,0.12008563899868248,0.13090909090909092,0.14355379148260258,0.15677966101694915,0.6341281135876974,0.726448655128479,0.43384607632954914,0.4879251718521118
MULTI-LABEL METRIC LEARNING WITH BIDIRECTIONAL REPRESENTATION DEEP NEURAL NETWORKS | OpenReview,3,0.1204067495361932,0.13761467889908258,0.12062516744013203,0.1282051282051282,0.687913735707601,0.7503432631492615,0.4115456243356069,0.49778902530670166
Multi-objective Neural Architecture Search via Predictive Network Performance Optimization | OpenReview,3,0.12577491177890146,0.15699658703071673,0.14973546321125467,0.1564625850340136,0.6759481032689413,0.7169188857078552,0.6530320445696512,0.6851873397827148
Multi-Precision Policy Enforced Training (MuPPET) : A precision-switching strategy for quantised fixed-point training of CNNs | OpenReview,3,0.10762295384842774,0.11290322580645161,0.14344330601092897,0.152,0.5238540867964426,0.6962031126022339,0.5741182168324789,0.6568905711174011
Multi-Sample Dropout for Accelerated Training and Better Generalization | OpenReview,3,0.1531301030822617,0.16304347826086957,0.15272785129589395,0.1606425702811245,0.7299342751502991,0.8004194498062134,0.5278599063555399,0.6306881904602051
Multi-scale Attributed Node Embedding | OpenReview,3,0.1623838632919644,0.21674876847290642,0.13200747825615736,0.17365269461077845,0.6476075649261475,0.7345916628837585,0.5374644001324972,0.5795539617538452
Multi-Scale Representation Learning for Spatial Feature Distributions using Grid Cells | OpenReview,3,0.13920754579554973,0.14601769911504425,0.1428620679859881,0.14761904761904762,0.6374006867408752,0.7226839065551758,0.6076284050941467,0.6286067366600037
Multi-source Multi-view Transfer Learning in Neural Topic Modeling with Pretrained Topic and Word Embeddings | OpenReview,3,0.19356460532931122,0.20512820512820512,0.19041678882170018,0.1989247311827957,0.8108492294947306,0.8255623579025269,0.7807322144508362,0.7930921316146851
MULTI-STAGE INFLUENCE FUNCTION | OpenReview,3,0.11291792062460011,0.1317365269461078,0.14035520443109184,0.1590909090909091,0.5685897370179495,0.6337236166000366,0.49373425046602887,0.5306235551834106
Multi-Step Decentralized Domain Adaptation | OpenReview,4,0.15436979722827926,0.1978021978021978,0.17071911862764602,0.21428571428571427,0.7289616018533707,0.7847188711166382,0.6422872543334961,0.7355290651321411
Multi-step Greedy Policies in Model-Free Deep Reinforcement Learning | OpenReview,3,0.10487816150161781,0.12048192771084337,0.11031270103850749,0.1282051282051282,0.4714064598083496,0.5677123069763184,0.5447432200113932,0.629301130771637
Multi-Task Learning via Scale Aware Feature Pyramid Networks and Effective Joint Head | OpenReview,2,0.13442958008175399,0.14492753623188406,0.12754704104513992,0.14102564102564102,0.698651522397995,0.7313025593757629,0.4633089601993561,0.5991790890693665
Multiagent Reinforcement Learning in Games with an Iterated Dominance Solution | OpenReview,4,0.11094134445368345,0.1276595744680851,0.13355369590279545,0.15950920245398773,0.6744222491979599,0.6917252540588379,0.6512318104505539,0.6908522844314575
Multichannel Generative Language Models | OpenReview,3,0.1412659623340868,0.17886178861788618,0.16027629449076547,0.16736401673640167,0.6411917209625244,0.8194004893302917,0.61001056432724,0.703996479511261
Multigrid Neural Memory | OpenReview,3,0.12402682956042639,0.1487603305785124,0.14218936918599462,0.15510204081632653,0.6397462685902914,0.6631396412849426,0.5516730944315592,0.6306535005569458
Multilingual Alignment of Contextual Word Representations | OpenReview,3,0.11890457873603942,0.125,0.1737718605643134,0.20125786163522014,0.8047641317049662,0.8219336271286011,0.7511568069458008,0.7853460311889648
Multiplicative Interactions and Where to Find Them | OpenReview,3,0.14788379043695477,0.16371681415929204,0.14431043308451116,0.15639810426540285,0.6384396950403849,0.6954455971717834,0.6287890076637268,0.6993502378463745
MULTIPOLAR: Multi-Source Policy Aggregation for Transfer Reinforcement Learning between Diverse Environmental Dynamics | OpenReview,3,0.14422393577593567,0.16751269035532995,0.13322038155693003,0.1509433962264151,0.7621149818102518,0.8118723034858704,0.6120516856511434,0.6700774431228638
Multitask Soft Option Learning | OpenReview,2,0.10203127705003173,0.10232558139534884,0.17203602620087335,0.1825,0.6030465662479401,0.6606836915016174,0.6184399127960205,0.6470205783843994
Music Source Separation in the Waveform Domain | OpenReview,3,0.10117757075220662,0.11550151975683891,0.0934867684867685,0.1043956043956044,0.5209020475546519,0.6128640174865723,0.5091128349304199,0.601654052734375
Mutual Exclusivity as a Challenge for Deep Neural Networks | OpenReview,3,0.10947755827238775,0.12749003984063745,0.125826059401377,0.13157894736842105,0.5593831539154053,0.6095978021621704,0.5359184145927429,0.6070213913917542
Mutual Information Gradient Estimation for Representation Learning | OpenReview,4,0.15187035110026098,0.1585014409221902,0.1860291834680401,0.22742474916387959,0.7284010499715805,0.7478828430175781,0.6014352142810822,0.6521982550621033
Mutual Information Maximization for Robust Plannable Representations | OpenReview,3,0.1077909088446753,0.13793103448275862,0.14742675654653872,0.16165413533834586,0.5363381505012512,0.5512129068374634,0.454035351673762,0.5426926016807556
Mutual Mean-Teaching: Pseudo Label Refinery for Unsupervised Domain Adaptation on Person Re-identification | OpenReview,3,0.16760329840498614,0.17316017316017315,0.15245544363079547,0.15384615384615385,0.7316897114117941,0.8224866390228271,0.6863676309585571,0.7627694606781006
MxPool: Multiplex Pooling for Hierarchical Graph Representation Learning | OpenReview,3,0.1486710101170613,0.17714285714285713,0.1414772680335909,0.16279069767441862,0.6595084071159363,0.763721227645874,0.7132234772046407,0.7917591333389282
N-BEATS: Neural basis expansion analysis for interpretable time series forecasting | OpenReview,3,0.09672596895506456,0.10975609756097561,0.12132162215476656,0.15357142857142858,0.41878949602444965,0.4538452923297882,0.5635772446791331,0.6076638698577881
NADS: Neural Architecture Distribution Search for Uncertainty Awareness | OpenReview,3,0.13633163580362656,0.15161290322580645,0.142269502207905,0.16901408450704225,0.5771334767341614,0.5933762192726135,0.6567787329355875,0.7789450883865356
NAS evaluation is frustratingly hard | OpenReview,3,0.11404150765852894,0.12162162162162163,0.14956837316041574,0.15282392026578073,0.44779324531555176,0.7054930925369263,0.5065073867638906,0.6288398504257202
NAS-Bench-102: Extending the Scope of Reproducible Neural Architecture Search | OpenReview,3,0.1079044020220491,0.12418300653594772,0.11311110773968965,0.11604095563139932,0.6570620536804199,0.7359909415245056,0.6206243832906088,0.7005904912948608
NAS-BENCH-1SHOT1: BENCHMARKING AND DISSECTING ONE-SHOT NEURAL ARCHITECTURE SEARCH | OpenReview,3,0.14400956155987113,0.16042780748663102,0.1510143955673932,0.19801980198019803,0.686061163743337,0.7449548244476318,0.5885738035043081,0.6894746422767639
Natural Image Manipulation for Autoregressive Models Using Fisher Scores | OpenReview,3,0.11815535396721988,0.12446351931330472,0.15319834794639317,0.1592920353982301,0.5861098170280457,0.7289018034934998,0.6275537808736166,0.7023093700408936
Natural- to formal-language generation using Tensor Product Representations | OpenReview,3,0.10571612747785379,0.12569832402234637,0.11465857530007177,0.14102564102564102,0.5683822631835938,0.6748378276824951,0.5888766348361969,0.654857873916626
Near-Zero-Cost Differentially Private Deep Learning with Teacher Ensembles | OpenReview,3,0.1261532310460293,0.13903743315508021,0.14858674044699258,0.1524390243902439,0.5750745733579,0.6723765134811401,0.4725415954987208,0.6143297553062439
Needles in Haystacks: On Classifying Tiny Objects in Large Images | OpenReview,3,0.12239129722867424,0.13253012048192772,0.1475811448182028,0.1752988047808765,0.5960867802302042,0.6231306195259094,0.4445936977863312,0.46441444754600525
Negative Sampling in Variational Autoencoders | OpenReview,3,0.11586250820391536,0.11784511784511785,0.1400459607244718,0.1483050847457627,0.5586658914883932,0.5655031204223633,0.44616390268007916,0.5078874230384827
NESTED LEARNING FOR MULTI-GRANULAR TASKS | OpenReview,3,0.1274469305794607,0.1566265060240964,0.14663589169594593,0.15708812260536398,0.5758809248606364,0.6174070239067078,0.5183708369731903,0.5406945943832397
Nesterov Accelerated Gradient and Scale Invariance for Adversarial Attacks | OpenReview,3,0.16870366011809376,0.19313304721030042,0.14713001152355656,0.17647058823529413,0.774738629659017,0.8117861747741699,0.4942443271478017,0.5216838121414185
Network Deconvolution | OpenReview,3,0.12861333050265192,0.17010309278350516,0.15913710964781003,0.16731517509727625,0.7181775768597921,0.7666056156158447,0.6269777218500773,0.6492424011230469
Network Pruning for Low-Rank Binary Index | OpenReview,3,0.14420125987188195,0.16,0.13139029490938675,0.13756613756613756,0.6265830198923746,0.6855062246322632,0.5252058307329813,0.5938767194747925
Neural Approximation of an Auto-Regressive Process through Confidence Guided Sampling | OpenReview,3,0.13725424380571652,0.1615720524017467,0.11676388537601773,0.13903743315508021,0.5468400120735168,0.6236159801483154,0.38681111733118695,0.45255595445632935
Neural Architecture Search by Learning Action Space for Monte Carlo Tree Search | OpenReview,3,0.11274758368618165,0.12589928057553956,0.16440513216194452,0.17358490566037735,0.5282553235689799,0.649355411529541,0.4433448513348897,0.4739377498626709
Neural Architecture Search in Embedding Space | OpenReview,3,0.10179348902967371,0.10948905109489052,0.13401565067585988,0.14559386973180077,0.4732509156068166,0.5516456365585327,0.5270301103591919,0.6003212332725525
Neural Arithmetic Unit by reusing many small pre-trained networks | OpenReview,3,0.11644835390939472,0.12953367875647667,0.09204034151221119,0.10204081632653061,0.5957895517349243,0.750278651714325,0.48720553517341614,0.5410761833190918
Neural Arithmetic Units | OpenReview,4,0.12152968121343163,0.13537117903930132,0.16909967982433285,0.20175438596491227,0.7029328495264053,0.7515742778778076,0.7726691663265228,0.7807692289352417
Neural Clustering Processes | OpenReview,3,0.14845676047682518,0.16083916083916083,0.17128548761373255,0.18421052631578946,0.6974117358525594,0.8398450613021851,0.44103166460990906,0.5148048400878906
Neural Communication Systems with Bandwidth-limited Channel | OpenReview,3,0.1440435115028823,0.16374269005847952,0.14803796737788907,0.15668202764976957,0.4283234477043152,0.4802895486354828,0.5848774711290995,0.6285277605056763
Neural Design of Contests and All-Pay Auctions using Multi-Agent Simulation | OpenReview,3,0.14529366740955854,0.16289592760180996,0.14520969986086266,0.15384615384615385,0.5277082721392313,0.5343630313873291,0.6728283166885376,0.803209662437439
Neural Embeddings for Nearest Neighbor Search Under Edit Distance | OpenReview,3,0.1276134359467693,0.1447811447811448,0.16194429123319445,0.16932907348242812,0.5295827984809875,0.6471701860427856,0.5061415235201517,0.5780302286148071
Neural Epitome Search for Architecture-Agnostic Network Compression | OpenReview,3,0.1323176683007645,0.1781609195402299,0.1400287880515335,0.15306122448979592,0.6058013538519541,0.7623662948608398,0.5169894099235535,0.6413294076919556
NEURAL EXECUTION ENGINES | OpenReview,3,0.12057828411430586,0.1504424778761062,0.14292418445699598,0.1729957805907173,0.6069116195042928,0.6514077186584473,0.5500561197598776,0.5745035409927368
Neural Execution of Graph Algorithms | OpenReview,3,0.11454300478124735,0.1282051282051282,0.17093402476539346,0.1762114537444934,0.6715558767318726,0.7229995727539062,0.6273743708928426,0.6489731073379517
Neural Linear Bandits: Overcoming Catastrophic Forgetting through Likelihood Matching | OpenReview,3,0.12316060035290671,0.13025210084033614,0.20822993800575765,0.21991701244813278,0.7236040830612183,0.8149042725563049,0.6581451892852783,0.695042073726654
Neural Machine Translation with Universal Visual Representation | OpenReview,3,0.1415870042530384,0.1623931623931624,0.16141143341928763,0.19186046511627908,0.6425392230351766,0.7690839767456055,0.6149645249048868,0.7341920137405396
Neural Markov Logic Networks | OpenReview,3,0.12463635109453704,0.1450980392156863,0.11531090723751275,0.12,0.6054064035415649,0.748802900314331,0.5669134358565012,0.7276224493980408
Neural Maximum Common Subgraph Detection with Guided Subgraph Extraction | OpenReview,3,0.16963100237982812,0.19391634980988592,0.16398247702302762,0.19248826291079812,0.6744603713353475,0.7576359510421753,0.6506784756978353,0.6838786602020264
Neural Module Networks for Reasoning over Text | OpenReview,3,0.125908259346307,0.1407942238267148,0.17496631696867856,0.17783505154639176,0.717423677444458,0.7908862829208374,0.657207210858663,0.7666943669319153
Neural Network Branching for Neural Network Verification | OpenReview,3,0.1194468603169813,0.12802768166089964,0.13779693095036907,0.14498933901918976,0.7290331919987997,0.7659773230552673,0.532352884610494,0.574486255645752
Neural Network Out-of-Distribution Detection for Regression Tasks | OpenReview,4,0.12187771275117817,0.14163090128755365,0.1713578894845687,0.18461538461538463,0.44907132536172867,0.5241596698760986,0.5134679079055786,0.552882194519043
Neural networks are a priori biased towards Boolean functions with low entropy | OpenReview,3,0.15223352747358987,0.16379310344827586,0.178136793698508,0.18143459915611815,0.6130245129267374,0.6303934454917908,0.6519817312558492,0.7319114804267883
Neural Networks for Principal Component Analysis: A New Loss Function Provably Yields Ordered Exact Eigenvectors | OpenReview,3,0.10800462230446874,0.12871287128712872,0.13961858716089173,0.15196078431372548,0.5795857111612955,0.6553604602813721,0.6373200416564941,0.7216672301292419
Neural networks with motivation | OpenReview,3,0.11389775990904966,0.12536443148688048,0.15349551805857434,0.16473988439306358,0.7255956729253134,0.7549078464508057,0.6874847412109375,0.7069181203842163
Neural Non-additive Utility Aggregation | OpenReview,3,0.12154991303903524,0.13191489361702127,0.15354333643688373,0.20168067226890757,0.44859151045481366,0.47254782915115356,0.43527934948603314,0.47730985283851624
Neural Oblivious Decision Ensembles for Deep Learning on Tabular Data | OpenReview,3,0.13082036779969564,0.16071428571428573,0.18439981743496117,0.19428571428571428,0.6499530076980591,0.7661749124526978,0.5702404777208964,0.5997468829154968
Neural ODEs for Image Segmentation with Level Sets | OpenReview,3,0.0930080314109017,0.11610486891385768,0.1462610277326626,0.18631178707224336,0.6901232600212097,0.711133599281311,0.6089333097139994,0.6621062159538269
Neural Operator Search | OpenReview,3,0.1219664175828999,0.13541666666666666,0.1620595278823127,0.17297297297297298,0.5871574481328329,0.7228391170501709,0.4257500966389974,0.5247482061386108
Neural Outlier Rejection for Self-Supervised Keypoint Learning | OpenReview,3,0.11008542308183046,0.13617021276595745,0.1310631336109043,0.15151515151515152,0.6264936526616415,0.6402176022529602,0.4663751522699992,0.48584869503974915
Neural Phrase-to-Phrase Machine Translation | OpenReview,3,0.157097482608183,0.16731517509727625,0.15531469851136195,0.1803921568627451,0.6446922421455383,0.6498290300369263,0.4861580431461334,0.6345629096031189
Neural Policy Gradient Methods: Global Optimality and Rates of Convergence | OpenReview,3,0.16911748267382068,0.19285714285714287,0.14780032018837988,0.16818181818181818,0.7614906231562296,0.8080016374588013,0.7679325342178345,0.8183391094207764
Neural Program Synthesis By Self-Learning | OpenReview,3,0.09732714591847401,0.10324483775811209,0.1165156917465563,0.13013698630136986,0.6716470519701639,0.69883793592453,0.5771451989809672,0.6697977781295776
Neural Stored-program Memory | OpenReview,3,0.10778191048722807,0.1413427561837456,0.1151254228148263,0.14963503649635038,0.505077044169108,0.5997622013092041,0.5527772506078085,0.6167883276939392
Neural Subgraph Isomorphism Counting | OpenReview,4,0.14640315633077597,0.15789473684210525,0.15129589557536072,0.16312056737588654,0.7013535872101784,0.840834379196167,0.6966293901205063,0.7565708160400391
Neural Symbolic Reader: Scalable Integration of Distributed and Symbolic Representations for Reading Comprehension | OpenReview,3,0.10526465968598585,0.12389380530973451,0.1485319393150041,0.18095238095238095,0.4384580949942271,0.5972104668617249,0.3706922084093094,0.5279203057289124
"Neural tangent kernels, transportation mappings, and universal approximation | OpenReview",2,0.13243830378866875,0.1386861313868613,0.1525817032140261,0.16028708133971292,0.5886151194572449,0.6523720026016235,0.6699252128601074,0.7083044648170471
Neural Tangents: Fast and Easy Infinite Neural Networks in Python | OpenReview,3,0.11838298829900419,0.1299638989169675,0.13069956699087665,0.14587737843551796,0.5606505572795868,0.5995069742202759,0.5262928605079651,0.581296443939209
Neural Text Generation With Unlikelihood Training | OpenReview,3,0.12871905465264558,0.1346938775510204,0.12606389850265579,0.13526570048309178,0.7169531186421713,0.7343420386314392,0.682237962881724,0.7052950859069824
Neural Video Encoding | OpenReview,3,0.11384733874474495,0.13537117903930132,0.1466011355723657,0.16532258064516128,0.46900062759717304,0.499253511428833,0.43370630343755084,0.4873228073120117
Neural-Guided Symbolic Regression with Asymptotic Constraints | OpenReview,3,0.12355280391945088,0.1291866028708134,0.17172350859046648,0.18781725888324874,0.5112237334251404,0.5656344890594482,0.5954000552495321,0.6530157923698425
NeuralUCB: Contextual Bandits with Neural Network-Based Exploration | OpenReview,3,0.11103284459192497,0.143646408839779,0.16269202267219451,0.20224719101123595,0.666032632191976,0.6961048245429993,0.6751348773638407,0.695267915725708
NeuroFabric: Identifying Ideal Topologies for Training A Priori Sparse Networks | OpenReview,4,0.11518998130291735,0.13984168865435356,0.11731668805789408,0.12698412698412698,0.5933007299900055,0.6945115923881531,0.46995440125465393,0.524524986743927
NeurQuRI: Neural Question Requirement Inspector for Answerability Prediction in Machine Reading Comprehension | OpenReview,3,0.09553780550090513,0.1033210332103321,0.13754121033756292,0.17872340425531916,0.5972133874893188,0.7235966920852661,0.6365679105122884,0.6650705337524414
Never Give Up: Learning Directed Exploration Strategies | OpenReview,3,0.10870337334093842,0.13333333333333333,0.15755555329809437,0.17676767676767677,0.5576693415641785,0.6251481771469116,0.4352248013019562,0.4433048367500305
New Loss Functions for Fast Maximum Inner Product Search | OpenReview,3,0.10579507992574139,0.11678832116788321,0.1582583739199809,0.16115702479338842,0.6588012973467509,0.6758649349212646,0.4735315938790639,0.5701665878295898
NoiGAN: NOISE AWARE KNOWLEDGE GRAPH EMBEDDING WITH GAN | OpenReview,3,0.1295692779155321,0.15486725663716813,0.1174355744502178,0.1324200913242009,0.6633518735567728,0.7674370408058167,0.48828556140263873,0.5747758150100708
Noise Regularization for Conditional Density Estimation | OpenReview,3,0.13103494001558103,0.14285714285714285,0.16851911428977995,0.19060773480662985,0.6476495464642843,0.7430601119995117,0.6895530422528585,0.7771622538566589
Noisy Machines: Understanding noisy neural networks and enhancing robustness to analog hardware errors using distillation | OpenReview,4,0.13789990333759383,0.14720812182741116,0.16113067765737857,0.18235294117647058,0.6707733869552612,0.7878071069717407,0.6549151390790939,0.7390075325965881
Non-Autoregressive Dialog State Tracking | OpenReview,3,0.14022679471463975,0.1568627450980392,0.1526459922398833,0.16842105263157894,0.4942714075247447,0.6283345818519592,0.6499430735905966,0.674079418182373
Non-linear System Identification from Partial Observations via Iterative Smoothing and Learning | OpenReview,3,0.1577781246211987,0.17452830188679244,0.16487645129439865,0.19008264462809918,0.5471546550591787,0.6928411722183228,0.586200992266337,0.6065025329589844
Non-Sequential Melody Generation | OpenReview,3,0.12564895132764495,0.13583815028901733,0.08461197135717886,0.0963855421686747,0.7496511936187744,0.8180115222930908,0.6440443793932596,0.7128241062164307
Nonlinearities in activations substantially shape the loss surfaces of neural networks | OpenReview,3,0.11502813877929914,0.12903225806451613,0.15275794497384598,0.15730337078651685,0.72891237338384,0.7908812761306763,0.6471695701281229,0.6936884522438049
NORML: Nodal Optimization for Recurrent Meta-Learning | OpenReview,3,0.14036308233414674,0.16580310880829016,0.12083151974593655,0.13592233009708737,0.704667886098226,0.7688819169998169,0.6096465786298116,0.6561707854270935
NormLime: A New Feature Importance Metric for Explaining Deep Neural Networks | OpenReview,3,0.14039286498525627,0.16017316017316016,0.16382890000326564,0.18146718146718147,0.4703025321165721,0.5877706408500671,0.4349832634131114,0.5678406357765198
Not All Features Are Equal: Feature Leveling Deep Neural Networks for Better Interpretation | OpenReview,4,0.14232354753699525,0.16517857142857142,0.15392183881868832,0.16494845360824742,0.4859642758965492,0.5494848489761353,0.46829553693532944,0.5436840653419495
Novelty Detection Via Blurring | OpenReview,3,0.11655109338819974,0.15918367346938775,0.14146487595456467,0.18777292576419213,0.6959281762441,0.744533360004425,0.570427656173706,0.5990710258483887
Novelty Search in representational space for sample efficient exploration | OpenReview,3,0.1327360675932621,0.14666666666666667,0.13786581004886245,0.1977401129943503,0.7002996206283569,0.7522314786911011,0.6408947507540385,0.6874573230743408
NPTC-net: Narrow-Band Parallel Transport Convolutional Neural Network on Point Clouds | OpenReview,3,0.14805113784945645,0.1826086956521739,0.1247593442073545,0.15121951219512195,0.6420560876528422,0.6957433223724365,0.6489262580871582,0.6928125619888306
OBJECT-ORIENTED REPRESENTATION OF 3D SCENES | OpenReview,4,0.10252020087617732,0.12033195020746888,0.09589454122573104,0.12264150943396226,0.5808204263448715,0.7115278244018555,0.446793831884861,0.5464155673980713
Objective Mismatch in Model-based Reinforcement Learning | OpenReview,3,0.1311901613721634,0.1362126245847176,0.17150138452151875,0.19230769230769232,0.62718798716863,0.6544062495231628,0.6535245180130005,0.7197596430778503
Observational Overfitting in Reinforcement Learning | OpenReview,3,0.16137784232511396,0.1759656652360515,0.14021327005875664,0.16326530612244897,0.5704377094904581,0.6072551012039185,0.453576256831487,0.46249836683273315
Occlusion resistant learning of intuitive physics from videos | OpenReview,4,0.14819240012104043,0.15384615384615385,0.15718835070389672,0.20652173913043478,0.5789630562067032,0.7295737862586975,0.6258663907647133,0.7373183369636536
Octave Graph Convolutional Network | OpenReview,3,0.12610832446673761,0.15656565656565657,0.175012390826392,0.19337016574585636,0.5131941239039103,0.7313870191574097,0.5323109924793243,0.7097567319869995
ODE Analysis of Stochastic Gradient Methods with Optimism and Anchoring for Minimax Problems and GANs | OpenReview,3,0.1235114899040185,0.13865546218487396,0.1330379364902816,0.14349775784753363,0.5560812056064606,0.7127299308776855,0.44447969396909076,0.5295830965042114
Off-Policy Actor-Critic with Shared Experience Replay | OpenReview,3,0.18241033037152088,0.19230769230769232,0.1161815271246898,0.1329479768786127,0.7914120356241862,0.8511971235275269,0.5504606366157532,0.5629277229309082
Off-policy Bandits with Deficient Support | OpenReview,3,0.11967909971005947,0.12156862745098039,0.1394445488447067,0.14795918367346939,0.5407910744349161,0.665727972984314,0.6670024991035461,0.752208948135376
Off-policy Multi-step Q-learning | OpenReview,3,0.10365951214215874,0.12834224598930483,0.17532232157891356,0.1994750656167979,0.6109868685404459,0.6320180296897888,0.7230225602785746,0.7871512174606323
Omnibus Dropout for Improving The Probabilistic Classification Outputs of ConvNets | OpenReview,3,0.15160145506998016,0.1890547263681592,0.1348940661013687,0.16666666666666666,0.5551065603892008,0.6785786151885986,0.6215079029401144,0.6641300916671753
OmniNet: A unified architecture for multi-modal multi-task learning | OpenReview,3,0.13779561922256778,0.1703056768558952,0.13865618058784027,0.165,0.6871920824050903,0.7761986255645752,0.5925377209981283,0.6414279937744141
On Bonus Based Exploration Methods In The Arcade Learning Environment | OpenReview,2,0.14749139383285725,0.16585365853658537,0.18660714285714286,0.20952380952380953,0.7032889425754547,0.7798261642456055,0.6170473694801331,0.6436501145362854
ON COMPUTATION AND GENERALIZATION OF GENER- ATIVE ADVERSARIAL IMITATION LEARNING | OpenReview,3,0.10506444917414043,0.11920529801324503,0.1391207526018391,0.14730878186968838,0.601843019326528,0.7536114454269409,0.6488016049067179,0.6945253610610962
On Concept-Based Explanations in Deep Neural Networks | OpenReview,4,0.13771836907351773,0.14540816326530612,0.13584305613546455,0.15675675675675677,0.4864615723490715,0.6244782209396362,0.4687550514936447,0.5588611364364624
On Empirical Comparisons of Optimizers for Deep Learning | OpenReview,3,0.14445319028458456,0.16296296296296298,0.12631399973003563,0.13703703703703704,0.6928870876630148,0.8104760050773621,0.5946472386519114,0.6697787046432495
On Evaluating Explainability Algorithms | OpenReview,3,0.11744587662021277,0.12286689419795221,0.1179131913495704,0.1412639405204461,0.34309051434199017,0.3919847011566162,0.37705715497334796,0.4400670528411865
On Federated Learning of Deep Networks from Non-IID Data: Parameter Divergence and the Effects of Hyperparametric Methods | OpenReview,3,0.09802746999076639,0.12,0.16278348456601074,0.18699186991869918,0.6787384351094564,0.7299419045448303,0.7227818171183268,0.7965766787528992
On Generalization Error Bounds of Noisy Gradient Methods for Non-Convex Learning | OpenReview,3,0.1490013646025213,0.1618705035971223,0.15646475057476059,0.16113744075829384,0.6240861415863037,0.6394330263137817,0.6400646766026815,0.6640493869781494
On Identifiability in Transformers | OpenReview,3,0.12198220267174088,0.1519434628975265,0.11835272422915682,0.14112903225806453,0.5733465254306793,0.6497002840042114,0.5932182470957438,0.6638102531433105
On importance-weighted autoencoders | OpenReview,3,0.09749923448820269,0.09937888198757763,0.1441331577758059,0.17737003058103976,0.4517694314320882,0.5559484362602234,0.5915353496869405,0.611076831817627
On Incorporating Semantic Prior Knowlegde in Deep Learning Through Embedding-Space Constraints | OpenReview,3,0.12489000628535513,0.13953488372093023,0.17044834144039325,0.19333333333333333,0.514280786116918,0.5648370385169983,0.5912055373191833,0.6449000835418701
"On Iterative Neural Network Pruning, Reinitialization, and the Similarity of Masks | OpenReview",3,0.11935495042945081,0.14029850746268657,0.12236684896832795,0.12709030100334448,0.5873355468114217,0.7959232330322266,0.3615652322769165,0.48285844922065735
On Layer Normalization in the Transformer Architecture | OpenReview,3,0.13710762264612655,0.15521628498727735,0.09221297765115953,0.1092436974789916,0.6894503037134806,0.7165066599845886,0.6058665712674459,0.6476860046386719
On Mutual Information Maximization for Representation Learning | OpenReview,3,0.12666256598758432,0.13617021276595745,0.13824873445188604,0.14782608695652175,0.6521633267402649,0.7340631484985352,0.5732012391090393,0.668713390827179
On Need for Topology-Aware Generative Models for Manifold-Based Defenses | OpenReview,3,0.14066326404608534,0.18859649122807018,0.13647586615767252,0.16371681415929204,0.7092964053153992,0.7801453471183777,0.6180558005968729,0.7301154732704163
On PAC-Bayes Bounds for Deep Neural Networks using the Loss Curvature | OpenReview,3,0.1254237465090178,0.16,0.14994262544088086,0.16549295774647887,0.6241745948791504,0.7238062024116516,0.6954713463783264,0.733379602432251
On Predictive Information Sub-optimality of RNNs | OpenReview,3,0.10907531384780933,0.12264150943396226,0.12092267706302794,0.13157894736842105,0.5886873404184977,0.6273614168167114,0.4776969850063324,0.5305299758911133
On Robustness of Neural Ordinary Differential Equations | OpenReview,3,0.1328611381856818,0.17857142857142858,0.15742249024749977,0.19672131147540983,0.7289519111315409,0.7887265682220459,0.7745778958002726,0.8535340428352356
On Solving Minimax Optimization Locally: A Follow-the-Ridge Approach | OpenReview,3,0.12498765953518161,0.13738019169329074,0.14700890889237964,0.15201900237529692,0.638215164343516,0.718327522277832,0.6921573877334595,0.760800302028656
On Stochastic Sign Descent Methods | OpenReview,3,0.14411538461538462,0.15384615384615385,0.15281947425084416,0.15503875968992248,0.49975814421971637,0.6157352924346924,0.4288788437843323,0.48994699120521545
On summarized validation curves and generalization | OpenReview,3,0.11809310662501,0.1278538812785388,0.15229084913461438,0.17889908256880735,0.4493025044600169,0.5234651565551758,0.495386799176534,0.5485101938247681
On Symmetry and Initialization for Neural Networks | OpenReview,2,0.13603784684773018,0.1398176291793313,0.13651656314699792,0.1488095238095238,0.6673440337181091,0.7157686352729797,0.6473833918571472,0.6712512969970703
On the *steerability* of generative adversarial networks | OpenReview,3,0.1559340734501105,0.1680327868852459,0.1633858407697232,0.17898832684824903,0.7457084258397421,0.7989964485168457,0.7059640487035116,0.7165941596031189
On the Convergence of FedAvg on Non-IID Data | OpenReview,3,0.12476188371876473,0.13989637305699482,0.16521601262141494,0.18324607329842932,0.6246628959973654,0.7642619609832764,0.6557775636514028,0.7437823414802551
On the Decision Boundaries of Deep Neural Networks: A Tropical Geometry Perspective | OpenReview,3,0.13417120691817033,0.16065573770491803,0.12793208937334574,0.14634146341463414,0.7801437576611837,0.8563011288642883,0.7922616402308146,0.8845609426498413
On The Difficulty of Warm-Starting Neural Network Training | OpenReview,3,0.1315877375039093,0.1357615894039735,0.1703561990540735,0.17490494296577946,0.7016998926798502,0.8184854984283447,0.6338104406992594,0.6839220523834229
On the Dynamics and Convergence of Weight Normalization for Training Neural Networks | OpenReview,3,0.11648867968759531,0.13131313131313133,0.1317112006977935,0.1464968152866242,0.6542837818463644,0.7156623005867004,0.6444175044695536,0.6717791557312012
On the Equivalence between Node Embeddings and Structural Graph Representations | OpenReview,3,0.16199573373486417,0.18333333333333332,0.1428387892491906,0.19262295081967212,0.669635275999705,0.7909162044525146,0.6291743715604147,0.7035530805587769
On the Evaluation of Conditional GANs | OpenReview,3,0.1493760148508174,0.15425531914893617,0.15311536177325988,0.16117216117216118,0.749454398949941,0.7843044996261597,0.6237195531527201,0.6649604439735413
On the expected running time of nonconvex optimization with early stopping | OpenReview,3,0.13203706696837453,0.1608695652173913,0.1530845906834335,0.1598360655737705,0.6498216390609741,0.7420199513435364,0.6208612521489462,0.6812819242477417
On the geometry and learning low-dimensional embeddings for directed graphs | OpenReview,3,0.13064347855351946,0.15053763440860216,0.1431955624974969,0.15763546798029557,0.6583738525708517,0.7034511566162109,0.6948750813802084,0.7039496898651123
On the Global Convergence of Training Deep Linear ResNets | OpenReview,3,0.13932530684231365,0.19727891156462585,0.17819818684390124,0.19337016574585636,0.7087671955426534,0.7651304006576538,0.6900266806284586,0.754570484161377
On the implicit minimization of alternative loss functions when training deep networks | OpenReview,3,0.12857299464694155,0.14893617021276595,0.1691663782658276,0.18050541516245489,0.7065129478772482,0.747812032699585,0.5905348261197408,0.6133251786231995
On the interaction between supervision and self-play in emergent communication | OpenReview,3,0.1081113059865022,0.11061946902654868,0.101131443535799,0.11046511627906977,0.6126747330029806,0.6329562664031982,0.5923656423886617,0.6750662326812744
On the Invertibility of Invertible Neural Networks | OpenReview,3,0.12897801071453768,0.15384615384615385,0.1422579453067258,0.1676829268292683,0.6927765806516012,0.7455641627311707,0.6324888269106547,0.7043707370758057
On the Linguistic Capacity of Real-time Counter Automata | OpenReview,3,0.13019879796964304,0.1634980988593156,0.16387634113499558,0.19282511210762332,0.6699809034665426,0.6986820697784424,0.6651174624760946,0.7178372144699097
On the Parameterization of Gaussian Mean Field Posteriors in Bayesian Neural Networks | OpenReview,3,0.13360737990581914,0.14331210191082802,0.15802093289437977,0.16923076923076924,0.5205957492192587,0.6730055809020996,0.5299086372057596,0.6227957606315613
On the Pareto Efficiency of Quantized CNN | OpenReview,3,0.12422605554318385,0.1417624521072797,0.1260526315789474,0.15384615384615385,0.7008095383644104,0.7267765402793884,0.5719208916028341,0.6260860562324524
On the Reflection of Sensitivity in the Generalization Error | OpenReview,2,0.16594788273615635,0.1758957654723127,0.1343701051689416,0.14678899082568808,0.7333464026451111,0.8639088869094849,0.6809311807155609,0.7408892512321472
On the Relationship between Self-Attention and Convolutional Layers | OpenReview,3,0.12407411595078961,0.1461187214611872,0.0957371915219979,0.10050251256281408,0.6853506962458292,0.7024173140525818,0.610392431418101,0.6178778409957886
On the Tunability of Optimizers in Deep Learning | OpenReview,2,0.09719737626714371,0.10465116279069768,0.16878482294976285,0.1695906432748538,0.6760905086994171,0.6799761056900024,0.6530598700046539,0.7292693257331848
On the Unintended Social Bias of Training Language Generation Models with News Articles | OpenReview,3,0.11544074037590336,0.1213235294117647,0.1565048690837005,0.1672473867595819,0.6563907265663147,0.6735830307006836,0.6380448738733927,0.6771388053894043
On the Variance of the Adaptive Learning Rate and Beyond | OpenReview,3,0.12140692640692641,0.13636363636363635,0.15438708578243462,0.18076923076923077,0.7049009998639425,0.7503668069839478,0.5670291781425476,0.6523284316062927
On the Weaknesses of Reinforcement Learning for Neural Machine Translation | OpenReview,3,0.139556730683829,0.14814814814814814,0.1322551812747891,0.1503267973856209,0.7000651160875956,0.730124294757843,0.5797338287035624,0.6312084197998047
On Understanding Knowledge Graph Representation | OpenReview,3,0.1781595719095719,0.20089285714285715,0.17733185002816307,0.19083969465648856,0.6546711723009745,0.7286377549171448,0.5839683214823405,0.6190574169158936
On Universal Equivariant Set Networks | OpenReview,3,0.09591690018926334,0.10256410256410256,0.11150541252030503,0.11336032388663968,0.6274946928024292,0.6585526466369629,0.4423072139422099,0.48789554834365845
On unsupervised-supervised risk and one-class neural networks | OpenReview,3,0.1194588624523575,0.14213197969543148,0.11818132327091414,0.15606936416184972,0.44664399822552997,0.5349554419517517,0.49525684118270874,0.6013317108154297
On Variational Learning of Controllable Representations for Text without Supervision | OpenReview,3,0.09342981637099283,0.10793650793650794,0.14429659409416495,0.15088757396449703,0.6222450733184814,0.6724474430084229,0.6787871519724528,0.7043566703796387
On Weight-Sharing and Bilevel Optimization in Architecture Search | OpenReview,2,0.13727579982332833,0.1482889733840304,0.16688407580605463,0.17058823529411765,0.5879634618759155,0.6194816827774048,0.6375895738601685,0.7013546228408813
Once for All: Train One Network and Specialize it for Efficient Deployment | OpenReview,3,0.12498097194018047,0.15120274914089346,0.12558367892464706,0.13013698630136986,0.5237413148085276,0.5600776076316833,0.43890315294265747,0.46163856983184814
One-Shot Neural Architecture Search via Compressive Sensing | OpenReview,3,0.11702593166866687,0.1291390728476821,0.15318825628296617,0.15699658703071673,0.5551498333613077,0.6200791597366333,0.5976312557856241,0.7328005433082581
One-Shot Pruning of Recurrent Neural Networks by Jacobian Spectrum Evaluation | OpenReview,3,0.10716564513594218,0.11428571428571428,0.1345311776346259,0.14743589743589744,0.6048362652460734,0.6513277292251587,0.5490017731984457,0.6424328684806824
One-way prototypical networks | OpenReview,3,0.14414348745644406,0.15789473684210525,0.13542561044829418,0.15816326530612246,0.6518856684366862,0.7080996036529541,0.43460357189178467,0.4992159903049469
Online and stochastic optimization beyond Lipschitz continuity: A Riemannian approach | OpenReview,3,0.14625119540562306,0.1615720524017467,0.14799396531378908,0.15139442231075698,0.7135168711344401,0.73372483253479,0.6611252427101135,0.7328377366065979
Online Learned Continual Compression with Stacked Quantization Modules | OpenReview,5,0.12189060134812062,0.13454545454545455,0.1251978415276993,0.14516129032258066,0.587538093328476,0.714519739151001,0.6145057678222656,0.7548067569732666
Online Meta-Critic Learning for Off-Policy Actor-Critic Methods | OpenReview,3,0.13958658344392824,0.1672473867595819,0.11129666095604125,0.13229571984435798,0.6954065759976705,0.743991494178772,0.6940372784932455,0.7570585012435913
Optimal Attacks on Reinforcement Learning Policies | OpenReview,3,0.10522672204915196,0.12280701754385964,0.1263424255291886,0.17204301075268819,0.706312358379364,0.8008941411972046,0.624184787273407,0.7292646169662476
OPTIMAL BINARY QUANTIZATION FOR DEEP NEURAL NETWORKS | OpenReview,4,0.1304537542999386,0.17061611374407584,0.12853367002106794,0.15204678362573099,0.6197423562407494,0.7153273820877075,0.5972022116184235,0.6255044341087341
Optimal Strategies Against Generative Attacks | OpenReview,4,0.1274626240242045,0.1375,0.12970011586194763,0.1524822695035461,0.6304046511650085,0.665597140789032,0.5396058559417725,0.620039701461792
"OPTIMAL TRANSPORT, CYCLEGAN, AND PENALIZED LS FOR UNSUPERVISED LEARNING IN INVERSE PROBLEMS | OpenReview",3,0.12984151494542495,0.1556420233463035,0.1498672194429068,0.15335463258785942,0.5468730529149374,0.5952025651931763,0.6429475347201029,0.7020360827445984
Optimal Unsupervised Domain Translation | OpenReview,3,0.12536883244484195,0.1482889733840304,0.14284202580311942,0.17054263565891473,0.6243880788485209,0.6920677423477173,0.6658252278963724,0.7541329860687256
Optimising Neural Network Architectures for Provable Adversarial Robustness | OpenReview,3,0.10699676994941619,0.11711711711711711,0.1245518579234073,0.12968299711815562,0.6223538517951965,0.6774294376373291,0.6381906469662985,0.7085496783256531
Optimistic Adaptive Acceleration for Optimization | OpenReview,3,0.11033900218348869,0.13157894736842105,0.1185642690685174,0.13615023474178403,0.6123937765757242,0.6589875221252441,0.4544258614381154,0.4903111755847931
Optimistic Exploration even with a Pessimistic Initialisation | OpenReview,3,0.13885784064492177,0.152317880794702,0.1374595574750038,0.15730337078651685,0.6764941215515137,0.7641131281852722,0.4645921289920807,0.5298444032669067
Optimizing Data Usage via Differentiable Rewards | OpenReview,3,0.11297932025780127,0.125,0.14466444857951163,0.15384615384615385,0.4029163221518199,0.4610227942466736,0.5336930751800537,0.5762338638305664
Optimizing Loss Landscape Connectivity via Neuron Alignment | OpenReview,3,0.10983770764688228,0.1210762331838565,0.16912971894100015,0.17894736842105263,0.4873123864332835,0.5215531587600708,0.4674251079559326,0.5222216844558716
Option Discovery using Deep Skill Chaining | OpenReview,3,0.12516850934768245,0.14029850746268657,0.1286237622681612,0.13861386138613863,0.5798731644948324,0.6250931024551392,0.5704550941785177,0.5928661823272705
Order Learning and Its Application to Age Estimation | OpenReview,3,0.13576648873828737,0.14351851851851852,0.15443750504663165,0.1724137931034483,0.6774216691652933,0.7440264821052551,0.5607267419497172,0.6130187511444092
Ordinary differential equations on graph networks | OpenReview,3,0.12042073509565769,0.13157894736842105,0.16533478766231688,0.1833810888252149,0.5991534988085429,0.6548163294792175,0.7095317840576172,0.7333085536956787
Out-of-distribution Detection in Few-shot Classification | OpenReview,3,0.12467209617618495,0.14427860696517414,0.1455292733049168,0.1619047619047619,0.6594056487083435,0.6897021532058716,0.618851900100708,0.6441230773925781
Out-of-Distribution Detection Using Layerwise Uncertainty in Deep Neural Networks | OpenReview,3,0.10405376220019112,0.11444141689373297,0.12110925056447502,0.1404494382022472,0.4660210410753886,0.5261945724487305,0.5232358773549398,0.6057025790214539
Out-of-Distribution Image Detection Using the Normalized Compression Distance | OpenReview,3,0.12834373122218806,0.1461187214611872,0.1432392527052522,0.1643835616438356,0.3357042570908864,0.4770415425300598,0.4613403081893921,0.5700139403343201
OvA-INN: Continual Learning with Invertible Neural Networks | OpenReview,3,0.11290214819205886,0.1412639405204461,0.16192354956979885,0.1795774647887324,0.5243135889371237,0.754000186920166,0.560155987739563,0.7397826910018921
Overcoming Catastrophic Forgetting via Hessian-free Curvature Estimates | OpenReview,3,0.1368313880352939,0.1423611111111111,0.14975520195838435,0.16666666666666666,0.6819289326667786,0.7692267894744873,0.6772334178288778,0.7322870492935181
Overlearning Reveals Sensitive Attributes | OpenReview,3,0.10641538425741388,0.13225806451612904,0.13268747216115637,0.18243243243243243,0.6250554720560709,0.7148725986480713,0.5105664730072021,0.6137032508850098
Overparameterized Neural Networks Can Implement Associative Memory | OpenReview,3,0.12301335028607756,0.1487603305785124,0.1576765428047189,0.18146718146718147,0.658117671807607,0.6914306282997131,0.6914344827334086,0.7167166471481323
P-BN: Towards Effective Batch Normalization in the Path Space | OpenReview,3,0.11940487732120218,0.12648221343873517,0.12710783988165233,0.14285714285714285,0.661683201789856,0.7038557529449463,0.6806497971216837,0.7818871736526489
PAC Confidence Sets for Deep Neural Networks via Calibrated Prediction | OpenReview,3,0.1352456901409044,0.14492753623188406,0.15431255594901852,0.19111111111111112,0.5094758967558543,0.5374509692192078,0.6800429622332255,0.7341039776802063
PAC-Bayesian Neural Network Bounds | OpenReview,3,0.14412364938054723,0.15447154471544716,0.16004049912279947,0.1743119266055046,0.7023004492123922,0.7598239779472351,0.6707534988721212,0.7374273538589478
Padé Activation Units: End-to-end Learning of Flexible Activation Functions in Deep Networks | OpenReview,3,0.11955176623967882,0.13612565445026178,0.16436268451908412,0.18333333333333332,0.7106099128723145,0.7379024028778076,0.6743572552998861,0.7179406881332397
PairNorm: Tackling Oversmoothing in GNNs | OpenReview,2,0.12010486645911847,0.12256267409470752,0.13247506240614215,0.1349862258953168,0.6937222182750702,0.7286733388900757,0.596534013748169,0.603640079498291
Parallel Neural Text-to-Speech | OpenReview,3,0.12138510628481902,0.13074204946996468,0.12104851491734504,0.15352697095435686,0.6255558331807455,0.6700854301452637,0.6227341294288635,0.6479761600494385
Parallel Scheduled Sampling | OpenReview,3,0.1498187215611845,0.17669172932330826,0.1319793793879324,0.14606741573033707,0.781196117401123,0.8168177604675293,0.5950223406155905,0.646134614944458
Pareto Optimality in No-Harm Fairness | OpenReview,3,0.13442394964134094,0.14130434782608695,0.1576398126738833,0.17341040462427745,0.6670982241630554,0.7353203892707825,0.5531627635161082,0.6232178807258606
Partial Simulation for Imitation Learning | OpenReview,3,0.13608883350665482,0.14225941422594143,0.14330981423944034,0.1650943396226415,0.6875923275947571,0.7667616605758667,0.5589839915434519,0.6142310500144958
PassNet: Learning pass probability surfaces from single-location labels. An architecture for visually-interpretable soccer analytics | OpenReview,3,0.09953014039551088,0.12376237623762376,0.10435873737896197,0.12807881773399016,0.5299122432867686,0.657383382320404,0.4208139677842458,0.4958229064941406
PatchFormer: A neural architecture for self-supervised representation learning on images | OpenReview,3,0.12987394957983192,0.16176470588235295,0.16583694892979936,0.17452830188679244,0.5176416635513306,0.6526708602905273,0.5685360829035441,0.6853244304656982
Path Space for Recurrent Neural Networks with ReLU Activations | OpenReview,3,0.1402512014508065,0.15422885572139303,0.17731919432571105,0.19248826291079812,0.7916905085245768,0.7977509498596191,0.7081682085990906,0.7926726341247559
"Pay Attention to Features, Transfer Learn faster CNNs | OpenReview",3,0.15687053371497559,0.17647058823529413,0.13121327982920172,0.14507772020725387,0.7008563379446665,0.8526981472969055,0.4811164140701294,0.5892107486724854
PC-DARTS: Partial Channel Connections for Memory-Efficient Architecture Search | OpenReview,3,0.12262951696710737,0.15120274914089346,0.14054690093422487,0.15555555555555556,0.7164786060651144,0.8130724430084229,0.6223355730374655,0.6901307106018066
PCMC-Net: Feature-based Pairwise Choice Markov Chains | OpenReview,4,0.1374181127119253,0.15730337078651685,0.17645782642381652,0.20851063829787234,0.6903051882982254,0.8121770024299622,0.5062832236289978,0.5441385507583618
PDP: A General Neural Framework for Learning SAT Solvers | OpenReview,3,0.13952677644266429,0.15,0.1641421887587532,0.18181818181818182,0.6720204750696818,0.7660068273544312,0.5648267269134521,0.6003634929656982
Peer Loss Functions: Learning from Noisy Labels without Knowing Noise Rates | OpenReview,3,0.15508038330561494,0.16666666666666666,0.14578712279308295,0.15920398009950248,0.6831560333569845,0.7888805866241455,0.6731757124265035,0.7661944627761841
Perceptual Generative Autoencoders | OpenReview,3,0.12036865494034817,0.13580246913580246,0.19477348126393648,0.2037037037037037,0.5607496102650961,0.6082137823104858,0.5384531120459238,0.5833153128623962
Perceptual Regularization: Visualizing and Learning Generalizable Representations | OpenReview,3,0.14255134550833473,0.1712962962962963,0.1623071672564614,0.1752136752136752,0.48662421107292175,0.549905002117157,0.5615778565406799,0.6702163219451904
Permutation Equivariant Models for Compositional Generalization in Language | OpenReview,3,0.13759337296989912,0.15283842794759825,0.14394792247416474,0.17,0.6488897403081259,0.7128114700317383,0.6171857714653015,0.6549615859985352
Perturbations are not Enough: Generating Adversarial Examples with Spatial Distortions | OpenReview,3,0.12577431989457033,0.16292134831460675,0.12708104507773163,0.14068441064638784,0.7327858209609985,0.7934128046035767,0.49597423275311786,0.5069631934165955
Phase Transitions for the Information Bottleneck in Representation Learning | OpenReview,3,0.1399891774891775,0.15178571428571427,0.12699614653272082,0.14084507042253522,0.5994954109191895,0.6269930601119995,0.6174839536348978,0.7590166330337524
Physics-as-Inverse-Graphics: Unsupervised Physical Parameter Estimation from Video | OpenReview,3,0.1242377804132604,0.13032581453634084,0.1242974143706238,0.14171122994652408,0.6657285888989767,0.6784983277320862,0.6082578301429749,0.6212165355682373
Physics-aware Difference Graph Networks for Sparsely-Observed Dynamics | OpenReview,3,0.14597618206636717,0.1625,0.19290556879194518,0.21754385964912282,0.5927752653757731,0.6628972291946411,0.3810976843039195,0.41740280389785767
Physics-Aware Flow Data Completion Using Neural Inpainting | OpenReview,3,0.09711168973901323,0.10963455149501661,0.16438130648532512,0.17701863354037267,0.5991538961728414,0.6154364347457886,0.7069128751754761,0.7326204776763916
Picking Winning Tickets Before Training by Preserving Gradient Flow | OpenReview,3,0.09927334860696763,0.116991643454039,0.11758940741221523,0.12580645161290321,0.5871021151542664,0.665573239326477,0.572929581006368,0.6025101542472839
Pipelined Training with Stale Weights of Deep Convolutional Neural Networks | OpenReview,4,0.1386061790829481,0.1641025641025641,0.15885048101411015,0.17708333333333334,0.6736235916614532,0.7069538831710815,0.6691207438707352,0.7514661550521851
Pitfalls of In-Domain Uncertainty Estimation and Ensembling in Deep Learning | OpenReview,3,0.13415908324907314,0.16428571428571428,0.15235279922779923,0.18571428571428572,0.6717539628346761,0.8608336448669434,0.6723595062891642,0.8206942677497864
Pixel Co-Occurence Based Loss Metrics for Super Resolution Texture Recovery | OpenReview,3,0.14127227131534736,0.1552511415525114,0.1523765136692886,0.16580310880829016,0.5230215390523275,0.6780242323875427,0.5764175653457642,0.5940278768539429
Plan2Vec: Unsupervised Representation Learning by Latent Plans | OpenReview,3,0.09564096366126823,0.09956709956709957,0.1355542874479446,0.15289256198347106,0.5432236194610596,0.6662417650222778,0.6332090695699056,0.6894975900650024
Playing the lottery with rewards and multiple languages: lottery tickets in RL and NLP | OpenReview,3,0.16002394291867975,0.18055555555555555,0.1575838179873991,0.18446601941747573,0.7681112885475159,0.8339626789093018,0.6737929979960123,0.7018376588821411
Plug and Play Language Model: A simple baseline for controlled language generation | OpenReview,3,0.14716894142033027,0.18473895582329317,0.15303811974816903,0.17419354838709677,0.5837061703205109,0.6911020874977112,0.5171751876672109,0.5727651119232178
PNAT: Non-autoregressive Transformer by Position Learning | OpenReview,3,0.11810935166198323,0.1266233766233766,0.1174414203794123,0.12867647058823528,0.7447725137074789,0.7851201295852661,0.6053387324015299,0.6524096727371216
Poincaré Wasserstein Autoencoder | OpenReview,3,0.13390336410698403,0.16071428571428573,0.13705351962618553,0.16573033707865167,0.6153208017349243,0.7122169733047485,0.4343523482481639,0.47805100679397583
Point Process Flows | OpenReview,3,0.142866074179819,0.14760147601476015,0.13560226702969605,0.1619047619047619,0.5771201352278391,0.6679556369781494,0.4466264843940735,0.45906463265419006
Poisoning Attacks with Generative Adversarial Nets | OpenReview,3,0.14539321636913524,0.16730038022813687,0.15160816416912384,0.16062176165803108,0.7221594055493673,0.7860519289970398,0.5672190388043722,0.6482561826705933
Policy Message Passing: A New Algorithm for Probabilistic Graph Inference | OpenReview,3,0.1152914619301174,0.12355212355212356,0.10451689714318053,0.11176470588235295,0.5428718328475952,0.5781679153442383,0.43325403332710266,0.5162018537521362
Policy Optimization by Local Improvement through Search | OpenReview,3,0.09761613680393581,0.10732984293193717,0.12803467236555252,0.13924050632911392,0.5989837845166525,0.7591862678527832,0.5553579727808634,0.6063076257705688
Policy Optimization In the Face of Uncertainty | OpenReview,3,0.11719818458318555,0.1228813559322034,0.16393246073145026,0.18505338078291814,0.5806177854537964,0.6132224798202515,0.5962239106496176,0.6777041554450989
Policy Optimization with Stochastic Mirror Descent | OpenReview,3,0.13196895569515907,0.1553784860557769,0.14123531323126662,0.16176470588235295,0.6111621260643005,0.6772757172584534,0.7356308698654175,0.8198094367980957
Policy path programming | OpenReview,4,0.1053003139207234,0.11372549019607843,0.10811944225637572,0.12307692307692308,0.5535494834184647,0.6026878952980042,0.5550737380981445,0.6124426126480103
Policy Tree Network | OpenReview,3,0.10585590156332338,0.13178294573643412,0.0913871654991773,0.100418410041841,0.5159294505914053,0.63491290807724,0.3671263853708903,0.5125627517700195
Poly-encoders: Architectures and Pre-training Strategies for Fast and Accurate Multi-sentence Scoring | OpenReview,3,0.10744280058401544,0.11038961038961038,0.14255371509481055,0.1712538226299694,0.6200029055277506,0.7109509706497192,0.49047450224558514,0.6142807006835938
Polylogarithmic width suffices for gradient descent to achieve arbitrarily small test error with shallow ReLU networks | OpenReview,3,0.11993946415495571,0.13257575757575757,0.14534309985508084,0.16929133858267717,0.6758940617243449,0.7581431865692139,0.6151594320933024,0.6321578025817871
POP-Norm: A Theoretically Justified and More Accelerated Normalization Approach | OpenReview,3,0.1345959595959596,0.16145833333333334,0.17086872926530938,0.1989247311827957,0.6412001848220825,0.6686979532241821,0.7054634292920431,0.7236355543136597
PopSGD: Decentralized Stochastic Gradient Descent in the Population Model | OpenReview,2,0.0999820002828527,0.10669975186104218,0.1462917933130699,0.15428571428571428,0.41498079895973206,0.48494040966033936,0.5932931900024414,0.6755391955375671
Population-Guided Parallel Policy Search for Reinforcement Learning | OpenReview,3,0.1371878520712759,0.17582417582417584,0.15442711860580613,0.17708333333333334,0.572244664033254,0.6544983386993408,0.4339698354403178,0.4678965210914612
Posterior sampling for multi-agent reinforcement learning: solving extensive games with imperfect information | OpenReview,3,0.12304638957023144,0.13253012048192772,0.15357137942896457,0.18859649122807018,0.6816780169804891,0.8153180480003357,0.6895666321118673,0.7889060974121094
Potential Flow Generator with $L_2$ Optimal Transport Regularity for Generative Models | OpenReview,3,0.13186929026482566,0.15076923076923077,0.13788968782304165,0.1518624641833811,0.5900050600369772,0.6929845213890076,0.5152292847633362,0.5845750570297241
Power up! Robust Graph Convolutional Network based on Graph Powering | OpenReview,3,0.10695583810593677,0.12758620689655173,0.12124038559417576,0.12643678160919541,0.6209010283152262,0.7342045307159424,0.6078274647394816,0.6830645203590393
PowerSGD: Powered Stochastic Gradient Descent Methods for Accelerated Non-Convex Optimization | OpenReview,3,0.13777409535143512,0.15950920245398773,0.15604449665170728,0.18907563025210083,0.6833492716153463,0.7492579817771912,0.6646059354146322,0.7340316772460938
Pre-trained Contextual Embedding of Source Code | OpenReview,3,0.10419118304764523,0.12040133779264214,0.14509449091341015,0.16083916083916083,0.5903350512186686,0.7186736464500427,0.5219718515872955,0.5980898141860962
Pre-training as Batch Meta Reinforcement Learning with tiMe | OpenReview,3,0.12131368385474617,0.12698412698412698,0.15264513260200405,0.1581769436997319,0.6502798994382223,0.6892045140266418,0.6012971599896749,0.6628766059875488
Precision Gating: Improving Neural Network Efficiency with Dynamic Dual-Precision Activations | OpenReview,3,0.0941210000565445,0.09745762711864407,0.15543437494789727,0.16996047430830039,0.5830788413683573,0.7878177762031555,0.5640763441721598,0.6886591911315918
Prediction Poisoning: Towards Defenses Against DNN Model Stealing Attacks | OpenReview,3,0.1228987628416433,0.1434108527131783,0.11584597339063087,0.1592920353982301,0.6137430270512899,0.7075090408325195,0.595279316107432,0.6532071828842163
"Prediction, Consistency, Curvature: Representation Learning for Locally-Linear Control | OpenReview",3,0.11305059217814221,0.14432989690721648,0.17351710429736641,0.19148936170212766,0.43902478615442914,0.4801236093044281,0.46948076287905377,0.5066190361976624
Predictive Coding for Boosting Deep Reinforcement Learning with Sparse Rewards | OpenReview,3,0.10756020840011082,0.12251655629139073,0.11455178486692717,0.125,0.5707477231820425,0.6420140266418457,0.3626890778541565,0.3776785135269165
Prestopping: How Does Early Stopping Help Generalization Against Label Noise? | OpenReview,4,0.1377140821842675,0.167420814479638,0.12174802650748374,0.13942307692307693,0.6720985323190689,0.7189148664474487,0.5693411827087402,0.6800973415374756
Pretrained Encyclopedia: Weakly Supervised Knowledge-Pretrained Language Model | OpenReview,3,0.11156672215948711,0.11815561959654179,0.12034545175934262,0.12951807228915663,0.6073343753814697,0.6362410187721252,0.6389547983805338,0.6614486575126648
Pretraining boosts out-of-domain robustness for pose estimation | OpenReview,2,0.14370389884088514,0.15384615384615385,0.1420223504990474,0.16546762589928057,0.8010821044445038,0.8116319179534912,0.7723331451416016,0.7829053997993469
Preventing Imitation Learning with Adversarial Policy Ensembles | OpenReview,3,0.1063981291476953,0.11538461538461539,0.13705972739893593,0.16838487972508592,0.5969530542691549,0.670291543006897,0.674777110417684,0.7527570724487305
Principled Weight Initialization for Hypernetworks | OpenReview,3,0.11001779206434247,0.12101910828025478,0.157572617603804,0.16825396825396827,0.6720359524091085,0.6807107329368591,0.6630987922350565,0.7128428220748901
Privacy-preserving Representation Learning by Disentanglement | OpenReview,3,0.10601756477719666,0.11952191235059761,0.14314679643146797,0.14841849148418493,0.6256308555603027,0.7041706442832947,0.5282632807890574,0.5698146224021912
Proactive Sequence Generator via Knowledge Acquisition | OpenReview,3,0.10918272598563232,0.12075471698113208,0.09204263373662891,0.09565217391304348,0.5003174742062887,0.5817550420761108,0.44682685534159344,0.5305421352386475
Probabilistic Connection Importance Inference and Lossless Compression of Deep Neural Networks | OpenReview,3,0.1421163353950239,0.16333333333333333,0.17460242538570006,0.1941747572815534,0.617772618929545,0.6937873363494873,0.49639283617337543,0.5418139696121216
Probabilistic modeling the hidden layers of deep neural networks | OpenReview,3,0.11474518244209171,0.12301587301587301,0.15414246999612854,0.16260162601626016,0.5574209292729696,0.639502763748169,0.451734592517217,0.47826242446899414
Probabilistic View of Multi-agent Reinforcement Learning: A Unified Approach | OpenReview,3,0.1404581421800649,0.16243654822335024,0.15722557382425215,0.18122977346278318,0.6495177149772644,0.7543287873268127,0.5860552887121836,0.6606850028038025
Probability Calibration for Knowledge Graph Embedding Models | OpenReview,4,0.15165071389028714,0.16477272727272727,0.15807876224770356,0.1807909604519774,0.760229080915451,0.7840298414230347,0.5155339390039444,0.6404310464859009
Probing Emergent Semantics in Predictive Agents via Question Answering | OpenReview,3,0.1413131313131313,0.17857142857142858,0.16515476884758765,0.22093023255813954,0.5350486636161804,0.6607592701911926,0.4953705867131551,0.6081568002700806
Program Guided Agent | OpenReview,3,0.11813029478001393,0.13005780346820808,0.13486596405432022,0.1377245508982036,0.5799848039944967,0.5877243280410767,0.6804669896761576,0.7467321753501892
Programmable Neural Network Trojan for Pre-trained Feature Extractor | OpenReview,3,0.10060675231815346,0.1032258064516129,0.1744347007504902,0.1969111969111969,0.6455303231875101,0.7327364683151245,0.620339055856069,0.6853558421134949
Progressive Compressed Records: Taking a Byte Out of Deep Learning Data | OpenReview,4,0.13539221219582692,0.1488673139158576,0.1231055746648584,0.14634146341463414,0.6431317329406738,0.7930752635002136,0.6094742491841316,0.714813232421875
PROGRESSIVE LEARNING AND DISENTANGLEMENT OF HIERARCHICAL REPRESENTATIONS | OpenReview,3,0.1157821784508219,0.12406015037593984,0.16084786524684824,0.18241042345276873,0.6071996688842773,0.6532981991767883,0.38654106855392456,0.39962881803512573
Progressive Memory Banks for Incremental Domain Adaptation | OpenReview,3,0.14090375586854462,0.16666666666666666,0.17267712751509579,0.18686868686868688,0.7047634919484457,0.8055214285850525,0.6688087781270345,0.6839632987976074
Progressive Upsampling Audio Synthesis via Effective Adversarial Training | OpenReview,3,0.12441668293016932,0.13805970149253732,0.1110111224269588,0.11403508771929824,0.6169753472010294,0.6368721127510071,0.6446630160013834,0.6975597143173218
Project and Forget: Solving Large Scale Metric Constrained Problems | OpenReview,3,0.10560881975923618,0.12690355329949238,0.15110213782872647,0.17159763313609466,0.6554138859113058,0.6893981099128723,0.6802321076393127,0.7315838932991028
Projected Canonical Decomposition for Knowledge Base Completion | OpenReview,3,0.14662155890226067,0.16988416988416988,0.11563565014444725,0.12834224598930483,0.7109040021896362,0.7521988749504089,0.5624740521113077,0.6122026443481445
Projection Based Constrained Policy Optimization | OpenReview,3,0.1157337636154414,0.13494809688581316,0.13751171309310842,0.14285714285714285,0.573091189066569,0.6638632416725159,0.569553554058075,0.6462334394454956
Promoting Coordination through Policy Regularization in Multi-Agent Deep Reinforcement Learning | OpenReview,3,0.11603681212516924,0.11924119241192412,0.1546250966891702,0.1724137931034483,0.51577095190684,0.6065434217453003,0.5454171498616537,0.6203076839447021
ProtoAttend: Attention-Based Prototypical Learning | OpenReview,3,0.13014576034634995,0.14583333333333334,0.14527008588073267,0.15879828326180256,0.6518565813700358,0.7256677150726318,0.4936639467875163,0.5569223165512085
Prototype Recalls for Continual Learning | OpenReview,3,0.06496140692323538,0.08680555555555555,0.12443693478689756,0.15822784810126583,0.64824906984965,0.6915872097015381,0.6514073411623637,0.7154908180236816
PROTOTYPE-ASSISTED ADVERSARIAL LEARNING FOR UNSUPERVISED DOMAIN ADAPTATION | OpenReview,2,0.15311244979919678,0.17771084337349397,0.09338149809001826,0.09417040358744394,0.7127431333065033,0.7216857671737671,0.46100643277168274,0.47174105048179626
Provable Benefit of Orthogonal Initialization in Optimizing Deep Linear Networks | OpenReview,3,0.12274402584000106,0.14210526315789473,0.18187510016680042,0.19457013574660634,0.8083916902542114,0.8684438467025757,0.8452459573745728,0.8852736949920654
Provable Filter Pruning for Efficient Neural Networks | OpenReview,3,0.09070545467604292,0.10784313725490197,0.1311349291888991,0.15425531914893617,0.5263052185376486,0.56023770570755,0.5606973171234131,0.5814791917800903
Provable Representation Learning for Imitation Learning via Bi-level Optimization | OpenReview,3,0.12873487781297152,0.15859030837004406,0.17642891824608967,0.21818181818181817,0.7129526535669962,0.764387845993042,0.6928450266520182,0.720735490322113
Provable robustness against all adversarial $l_p$-perturbations for $pgeq 1$ | OpenReview,3,0.12284448786842533,0.15217391304347827,0.1389968460871471,0.1608695652173913,0.6099898815155029,0.6659890413284302,0.5327203869819641,0.5827975869178772
PROVABLY BENEFITS OF DEEP HIERARCHICAL RL | OpenReview,3,0.10483212723060141,0.1220472440944882,0.1637960512703235,0.20175438596491227,0.5369734068711599,0.5789167881011963,0.5127303500970205,0.6172376871109009
Provably Communication-efficient Data-parallel SGD via Nonuniform Quantization | OpenReview,3,0.16169103254220699,0.1885245901639344,0.15389979573006504,0.17670682730923695,0.7140638629595438,0.7578859329223633,0.48089538017908734,0.5182380676269531
Provenance detection through learning transformation-resilient watermarking | OpenReview,3,0.1445371314150421,0.15879828326180256,0.15364395818169285,0.1673469387755102,0.7329036394755045,0.797575831413269,0.4728071093559265,0.5611454248428345
Prune or quantize? Strategy for Pareto-optimally low-cost and accurate CNN | OpenReview,3,0.12731448251834174,0.14678899082568808,0.14747910135841172,0.1625,0.6819815238316854,0.717032253742218,0.625491201877594,0.7010589838027954
Pruned Graph Scattering Transforms | OpenReview,3,0.12020055920329238,0.152,0.17035971327571234,0.19455252918287938,0.6993999481201172,0.7588738203048706,0.6378047664960226,0.6837779879570007
Pseudo-Labeling and Confirmation Bias in Deep Semi-Supervised Learning | OpenReview,3,0.16223108105835057,0.18947368421052632,0.13986683481888493,0.156794425087108,0.6611635486284891,0.7975855469703674,0.6668877998987833,0.7743841409683228
Pseudo-LiDAR++: Accurate Depth for 3D Object Detection in Autonomous Driving | OpenReview,3,0.10776920313095843,0.11428571428571428,0.11703708325030132,0.12464589235127478,0.7322729825973511,0.7792201042175293,0.7212367256482443,0.7910341024398804
Pure and Spurious Critical Points: a Geometric Study of Linear Networks | OpenReview,3,0.13816211625636998,0.1553784860557769,0.1827360131771325,0.19678714859437751,0.6679857770601908,0.7672633528709412,0.7038547794024149,0.7629033327102661
Pushing the bounds of dropout | OpenReview,3,0.11279000019349471,0.12142857142857143,0.14034371072015375,0.16546762589928057,0.6389849980672201,0.7313320636749268,0.6310252547264099,0.6684331893920898
Putting Machine Translation in Context with the Noisy Channel Model | OpenReview,3,0.16190723858066658,0.17733990147783252,0.1626250722960909,0.1676300578034682,0.7575414379437765,0.793185293674469,0.6248089472452799,0.6751129031181335
Q-learning with UCB Exploration is Sample Efficient for Infinite-Horizon MDP | OpenReview,4,0.13049893605878687,0.1409090909090909,0.15879512582112454,0.18181818181818182,0.6894416362047195,0.7827529311180115,0.6535220742225647,0.7541550397872925
QGAN: Quantize Generative Adversarial Networks to Extreme low-bits | OpenReview,3,0.1169148265430554,0.12692307692307692,0.13523177557430383,0.14344262295081966,0.7928454677263895,0.8071209788322449,0.6682145198186239,0.7154655456542969
Qgraph-bounded Q-learning: Stabilizing Model-Free Off-Policy Deep Reinforcement Learning | OpenReview,3,0.17606346406918072,0.18867924528301888,0.16369081591948204,0.18309859154929578,0.6756009260813395,0.7451831102371216,0.642885684967041,0.6794228553771973
Quantifying Point-Prediction Uncertainty in Neural Networks via Residual Estimation with an I/O Kernel | OpenReview,4,0.1651393390557067,0.18828451882845187,0.1697157685901641,0.1921182266009852,0.6344189941883087,0.748883068561554,0.6844098418951035,0.7399407625198364
Quantifying the Cost of Reliable Photo Authentication via High-Performance Learned Lossy Representations | OpenReview,3,0.12447244445290366,0.13768115942028986,0.1377803483066641,0.15018315018315018,0.4848242501417796,0.6001323461532593,0.5772945483525594,0.648483395576477
Quantifying uncertainty with GAN-based priors | OpenReview,3,0.12917691033328027,0.14634146341463414,0.16237734000118562,0.19029850746268656,0.637323002020518,0.7171021699905396,0.6270425717035929,0.6661012172698975
Quantized Reinforcement Learning (QuaRL) | OpenReview,3,0.14601668080086744,0.18584070796460178,0.12400918180736059,0.13636363636363635,0.7521202762921652,0.8043973445892334,0.6478161811828613,0.6775883436203003
Quantum algorithm for finding the negative curvature direction | OpenReview,3,0.11370364629316367,0.12340425531914893,0.12059240495069008,0.14859437751004015,0.5715221365292867,0.6106563806533813,0.33120842774709064,0.39719057083129883
Quantum Algorithms for Deep Convolutional Neural Networks | OpenReview,4,0.13870095375153363,0.1744186046511628,0.13291669788401328,0.1791044776119403,0.7276821434497833,0.8089991211891174,0.6967784464359283,0.7315541505813599
Quantum Expectation-Maximization for Gaussian Mixture Models | OpenReview,3,0.12123518977015091,0.15384615384615385,0.1259704861736489,0.1411764705882353,0.6343978842099508,0.7265464067459106,0.6170080304145813,0.7352895140647888
Quantum Optical Experiments Modeled by Long Short-Term Memory | OpenReview,3,0.11581284768971152,0.16111111111111112,0.13534735446110327,0.14691943127962084,0.6805563569068909,0.8194138407707214,0.620352029800415,0.6533300876617432
Quantum Semi-Supervised Kernel Learning | OpenReview,3,0.1517407152371928,0.19576719576719576,0.12148626341233344,0.125,0.8074285785357157,0.8858223557472229,0.4267531931400299,0.46676257252693176
Quaternion Equivariant Capsule Networks for 3D Point Clouds | OpenReview,3,0.10840103802514933,0.12033195020746888,0.16918583329873652,0.22983870967741934,0.669749915599823,0.6886401772499084,0.7565091649691263,0.815198540687561
Query-efficient Meta Attack to Deep Neural Networks | OpenReview,3,0.12679721647112951,0.16908212560386474,0.16211957344761105,0.1902439024390244,0.7119515339533488,0.8449069857597351,0.54360963900884,0.599726676940918
Query2box: Reasoning over Knowledge Graphs in Vector Space Using Box Embeddings | OpenReview,3,0.1339144236422551,0.13725490196078433,0.13030161907867624,0.17511520737327188,0.6383639772733053,0.7714536190032959,0.6343543330828348,0.7855337858200073
QXplore: Q-Learning Exploration by Maximizing Temporal Difference Error | OpenReview,3,0.12249657822896586,0.13926940639269406,0.11140347447781816,0.119533527696793,0.6712611317634583,0.749652624130249,0.6045830051104227,0.6186597943305969
R-TRANSFORMER: RECURRENT NEURAL NETWORK ENHANCED TRANSFORMER | OpenReview,3,0.1265482889341337,0.1534090909090909,0.12149099063928724,0.17532467532467533,0.6818225979804993,0.7609622478485107,0.6731183727582296,0.7319632172584534
R2D2: Reuse & Reduce via Dynamic Weight Diffusion for Training Efficient NLP Models | OpenReview,3,0.1260570894076032,0.13595166163141995,0.15419363125029753,0.19330855018587362,0.5013231237729391,0.5718572735786438,0.4972180525461833,0.5719965100288391
Random Bias Initialization Improving Binary Neural Network Training | OpenReview,3,0.1273319060787287,0.15168539325842698,0.1534633475536387,0.18,0.6845682064692179,0.7314708232879639,0.5572739839553833,0.5939170122146606
Random Matrix Theory Proves that Deep Learning Representations of GAN-data Behave as Gaussian Mixtures | OpenReview,3,0.18959075346614554,0.21818181818181817,0.18227058309379296,0.1950207468879668,0.7117181221644083,0.8085958957672119,0.6405346393585205,0.6604831218719482
Ranking Policy Gradient | OpenReview,3,0.14972323818855313,0.16170212765957448,0.14754256530765095,0.1652892561983471,0.7183241049448649,0.7890002727508545,0.44499428073565167,0.45455145835876465
Rapid Learning or Feature Reuse? Towards Understanding the Effectiveness of MAML | OpenReview,3,0.13026068298465068,0.15422885572139303,0.17952404415819054,0.2048780487804878,0.6299851139386495,0.7104476690292358,0.66605277856191,0.6954507231712341
RaPP: Novelty Detection with Reconstruction along Projection Pathway | OpenReview,3,0.1467234551728581,0.16993464052287582,0.13976890318353732,0.16483516483516483,0.6089808742205302,0.7555158734321594,0.6384828289349874,0.7271110415458679
RATE-DISTORTION OPTIMIZATION GUIDED AUTOENCODER FOR GENERATIVE APPROACH | OpenReview,3,0.12258672699849171,0.125,0.11307962542887,0.14225941422594143,0.5000545581181844,0.6320573687553406,0.5554924507935842,0.6536455750465393
Re-Examining Linear Embeddings for High-dimensional Bayesian Optimization | OpenReview,3,0.13105536082733035,0.14338235294117646,0.12723229708651126,0.1383399209486166,0.5751071373621622,0.6317480802536011,0.4185636341571808,0.5363184213638306
"Real or Not Real, that is the Question | OpenReview",3,0.1404642969818067,0.1828793774319066,0.1435707205399437,0.16153846153846155,0.7147083878517151,0.7400264739990234,0.7561165491739908,0.7878361940383911
Realism Index: Interpolation in Generative Models With Arbitrary Prior | OpenReview,2,0.15249247847287062,0.1722689075630252,0.15148170321035695,0.15838509316770186,0.5524448305368423,0.7143408060073853,0.5198264420032501,0.5235744714736938
Reanalysis of Variance Reduced Temporal Difference Learning | OpenReview,5,0.12611976075294234,0.17647058823529413,0.15200498850402822,0.16939890710382513,0.6478796064853668,0.707427978515625,0.6086184740066528,0.7169959545135498
ReClor: A Reading Comprehension Dataset Requiring Logical Reasoning | OpenReview,3,0.1419062367096075,0.17228464419475656,0.13423494325908972,0.14193548387096774,0.7337591250737509,0.8007614612579346,0.6081946889559428,0.6261042952537537
Reconstructing continuous distributions of 3D protein structure from cryo-EM images | OpenReview,3,0.09548762090691276,0.1,0.1351396843950906,0.152,0.49467718601226807,0.5286288261413574,0.5498462716738383,0.650689423084259
Recurrent Event Network : Global Structure Inference Over Temporal Knowledge Graph | OpenReview,3,0.13131668237574035,0.14534883720930233,0.14282847901068596,0.152,0.6707445383071899,0.7088690996170044,0.6712768276532491,0.7406963109970093
Recurrent Hierarchical Topic-Guided Neural Language Models | OpenReview,5,0.12350023621031428,0.1645021645021645,0.11554876224083306,0.1527777777777778,0.6556602716445923,0.731176495552063,0.6258601069450378,0.70768141746521
Recurrent Independent Mechanisms | OpenReview,3,0.13242183663006205,0.13712374581939799,0.1455366124351705,0.16161616161616163,0.5306375026702881,0.591755211353302,0.5551770925521851,0.589421272277832
Recurrent Neural Networks are Universal Filters | OpenReview,3,0.14645119244590243,0.15920398009950248,0.15157502615201432,0.15736040609137056,0.6616111199061075,0.6668233275413513,0.6040323376655579,0.6515713334083557
Reducing Computation in Recurrent Networks by Selectively Updating State Neurons | OpenReview,3,0.15819701793681476,0.17511520737327188,0.16028728554706118,0.16929133858267717,0.7315938274065653,0.8103034496307373,0.6435943643252054,0.6802207827568054
Reducing Transformer Depth on Demand with Structured Dropout | OpenReview,3,0.16063507585326434,0.17695473251028807,0.15905145256571554,0.18099547511312217,0.7700638373692831,0.8016443848609924,0.6984385848045349,0.7047744393348694
Redundancy-Free Computation Graphs for Graph Neural Networks | OpenReview,3,0.11137374974484589,0.13615023474178403,0.1506125638909993,0.1746031746031746,0.6588851014773051,0.7300752401351929,0.6045957207679749,0.6414166688919067
REFINING MONTE CARLO TREE SEARCH AGENTS BY MONTE CARLO TREE SEARCH | OpenReview,3,0.11983322064457969,0.13793103448275862,0.1433112586887909,0.1574074074074074,0.45426444212595624,0.565712571144104,0.47254443168640137,0.5698659420013428
Refining the variational posterior through iterative optimization | OpenReview,4,0.13604210558037977,0.18309859154929578,0.11457923185374451,0.11979166666666667,0.5822483971714973,0.6409307718276978,0.5637808591127396,0.6168283820152283
Reflection-based Word Attribute Transfer | OpenReview,3,0.10981359247934752,0.12875536480686695,0.1504339860009963,0.17525773195876287,0.5176874796549479,0.6026842594146729,0.6420009732246399,0.6963345408439636
Reformer: The Efficient Transformer | OpenReview,3,0.10996908056598549,0.11180124223602485,0.13958640779683945,0.15384615384615385,0.4560775061448415,0.5019594430923462,0.5517017145951589,0.676383912563324
Regional based query in graph active learning | OpenReview,2,0.12905187835420395,0.15348837209302327,0.16450886574725582,0.1711229946524064,0.7428936660289764,0.756741464138031,0.606802761554718,0.6158934831619263
Regularization Matters in Policy Optimization | OpenReview,3,0.12927775899258093,0.148014440433213,0.1636404697380307,0.175,0.7671600778897604,0.7991511821746826,0.7200793027877808,0.798724889755249
Regularizing activations in neural networks via distribution matching with the Wassertein metric | OpenReview,3,0.15762444434330103,0.17716535433070865,0.12986206052627136,0.14583333333333334,0.6303178270657858,0.6643433570861816,0.5953887601693472,0.6554805040359497
Regularizing Black-box Models for Improved Interpretability | OpenReview,3,0.14880924673551402,0.15151515151515152,0.17623825405247537,0.18213058419243985,0.6155080596605936,0.6974891424179077,0.5707253913084666,0.6594829559326172
Regularizing Deep Multi-Task Networks using Orthogonal Gradients | OpenReview,3,0.09409083716526774,0.11046511627906977,0.13910833800136665,0.1466275659824047,0.4913842777411143,0.5094981789588928,0.6372819741566976,0.6875991821289062
Regularizing Trajectories to Mitigate Catastrophic Forgetting | OpenReview,3,0.151574079515256,0.16923076923076924,0.16108337076079013,0.20270270270270271,0.7344160477320353,0.754521369934082,0.7269358038902283,0.7704487442970276
Regularly varying representation for sentence embedding | OpenReview,3,0.08914564240328897,0.10985915492957747,0.13083347658174901,0.15517241379310345,0.519738773504893,0.5915161371231079,0.5378815134366354,0.5945247411727905
Regulatory Focus: Promotion and Prevention Inclinations in Policy Search | OpenReview,3,0.12307441669606044,0.13432835820895522,0.15680961809994068,0.16433566433566432,0.5440910259882609,0.5858200192451477,0.5959228873252869,0.6558080911636353
Reinforced active learning for image segmentation | OpenReview,2,0.15533710621871832,0.19480519480519481,0.1605704579234199,0.18592964824120603,0.7920103371143341,0.8147292733192444,0.7264692485332489,0.7357679605484009
Reinforced Genetic Algorithm Learning for Optimizing Computation Graphs | OpenReview,3,0.1449004147201446,0.14893617021276595,0.17676088646722574,0.19672131147540983,0.6036966244379679,0.6655510663986206,0.551161507765452,0.6309672594070435
Reinforcement Learning Based Graph-to-Sequence Model for Natural Question Generation | OpenReview,3,0.14335406967073913,0.1543026706231454,0.19425954373828203,0.23756906077348067,0.7296687364578247,0.8027341365814209,0.70900559425354,0.7889741659164429
Reinforcement Learning with Chromatic Networks | OpenReview,3,0.13721599751011518,0.14285714285714285,0.15247511356097745,0.16778523489932887,0.5906970103581747,0.7093520164489746,0.38977834582328796,0.4508817195892334
Reinforcement Learning with Competitive Ensembles of Information-Constrained Primitives | OpenReview,3,0.11638997056765434,0.13636363636363635,0.14090806873042366,0.1459227467811159,0.5065656701723734,0.5460861921310425,0.4966217478116353,0.5343736410140991
Reinforcement Learning with Probabilistically Complete Exploration | OpenReview,3,0.11112060456613089,0.11960132890365449,0.15763009484455207,0.1644295302013423,0.6914182901382446,0.7337753772735596,0.6838851968447367,0.7161439061164856
Reinforcement Learning with Structured Hierarchical Grammar Representations of Actions | OpenReview,3,0.10560485399713694,0.1274131274131274,0.11606496705560167,0.1390728476821192,0.6511651476224264,0.699515700340271,0.6668310364087423,0.7469382286071777
Reinforcement Learning without Ground-Truth State | OpenReview,3,0.11382912665512235,0.11764705882352941,0.17178375097733334,0.19463087248322147,0.6294934352238973,0.6675131916999817,0.655948797861735,0.7218645811080933
Reject Illegal Inputs: Scaling Generative Classifiers with Supervised Deep Infomax | OpenReview,3,0.14364067653732865,0.16593886462882096,0.10841737567773513,0.1296928327645051,0.5641836524009705,0.6095107793807983,0.5657059550285339,0.6174684762954712
Relation-based Generalized Zero-shot Classification with the Domain Discriminator on the shared representation | OpenReview,3,0.13721866096866098,0.13846153846153847,0.15020451331873744,0.1688888888888889,0.6388634443283081,0.6540510654449463,0.4444625973701477,0.4945228397846222
Relational State-Space Model for Stochastic Multi-Object Systems | OpenReview,3,0.13560061770588086,0.1590909090909091,0.1477932088933945,0.1678832116788321,0.6723123590151469,0.6900317668914795,0.5056679844856262,0.534170389175415
Relative Pixel Prediction For Autoregressive Image Generation | OpenReview,3,0.11122086308132229,0.11552346570397112,0.14851368424798916,0.16517857142857142,0.5174963672955831,0.5676716566085815,0.5994577407836914,0.6649206876754761
ReMixMatch: Semi-Supervised Learning with Distribution Matching and Augmentation Anchoring | OpenReview,3,0.14093023455720688,0.15126050420168066,0.18108975474908717,0.18723404255319148,0.6182020902633667,0.7219697833061218,0.555632472038269,0.5744520425796509
Removing input features via a generative model to explain their attributions to classifier*s decisions | OpenReview,3,0.12595628415300544,0.12786885245901639,0.15384233523329083,0.1565217391304348,0.41757267713546753,0.5344403982162476,0.4435284932454427,0.5328377485275269
Removing the Representation Error of GAN Image Priors Using the Deep Decoder | OpenReview,3,0.1436763484394533,0.16796875,0.1977347348766347,0.21794871794871795,0.7084325750668844,0.7289944887161255,0.7643611828486124,0.812321662902832
Reparameterized Variational Divergence Minimization for Stable Imitation | OpenReview,3,0.12451273214793894,0.13043478260869565,0.13620619811176315,0.14457831325301204,0.6619575222333273,0.7731209993362427,0.6564603845278422,0.7298994660377502
Representation Learning for Remote Sensing: An Unsupervised Sensor Fusion Approach | OpenReview,3,0.10534039524252155,0.13119533527696792,0.14557858425517942,0.16363636363636364,0.6018224755922953,0.7166700959205627,0.66640571753184,0.7539342641830444
Representation Learning Through Latent Canonicalizations | OpenReview,3,0.10912773116876329,0.12062256809338522,0.15227464682080966,0.16556291390728478,0.5873419841130575,0.6632989645004272,0.5614333053429922,0.6967902183532715
Representation Learning with Multisets | OpenReview,3,0.1453668366697892,0.17560975609756097,0.14044176407644693,0.15357142857142858,0.696139375368754,0.7798980474472046,0.6008503238360087,0.7231180667877197
Representation Quality Explain Adversarial Attacks | OpenReview,3,0.11851175955872016,0.1458966565349544,0.112091878616625,0.11981566820276497,0.5461654663085938,0.5785033702850342,0.5616076787312826,0.6215472221374512
Representing Model Uncertainty of Neural Networks in Sparse Information Form | OpenReview,4,0.09826473509936084,0.11224489795918367,0.1300858639568317,0.15770609318996415,0.5029317140579224,0.5931926965713501,0.4939320608973503,0.6664618253707886
Representing Unordered Data Using Multiset Automata and Complex Numbers | OpenReview,3,0.13016430989194042,0.14746543778801843,0.104118992797674,0.14450867052023122,0.6994199355443319,0.754141092300415,0.585115114847819,0.6274130940437317
Residual Energy-Based Models for Text Generation | OpenReview,3,0.15479343572762239,0.1793103448275862,0.1408759525566041,0.174496644295302,0.5970901151498159,0.8429173231124878,0.5367749482393265,0.7397209405899048
Resizable Neural Networks | OpenReview,3,0.11590187596958941,0.13395638629283488,0.09545046110476163,0.099644128113879,0.5619348088900248,0.6223970651626587,0.43282490968704224,0.5062739253044128
Restricting the Flow: Information Bottlenecks for Attribution | OpenReview,3,0.11234540833483896,0.1201923076923077,0.12330687647666787,0.14184397163120568,0.631759762763977,0.6735525727272034,0.4834920068581899,0.5553156137466431
Rethinking Curriculum Learning With Incremental Labels And Adaptive Compensation | OpenReview,3,0.09125011890497697,0.10022779043280182,0.15516744022567783,0.1670428893905192,0.6656613747278849,0.678160548210144,0.7381058931350708,0.7784265279769897
Rethinking deep active learning: Using unlabeled data at model training | OpenReview,3,0.14810374892008313,0.16243654822335024,0.1416423127918446,0.15073529411764705,0.7159266471862793,0.7459622621536255,0.60195392370224,0.6124079823493958
Rethinking Neural Network Quantization | OpenReview,3,0.11387154679323354,0.12083333333333333,0.17427283511269276,0.188,0.6309018135070801,0.6949667930603027,0.64357457558314,0.7335782647132874
Rethinking Softmax Cross-Entropy Loss for Adversarial Robustness | OpenReview,4,0.10348713353321988,0.11262798634812286,0.13074880049742654,0.14354066985645933,0.6670355349779129,0.6926431655883789,0.5117886886000633,0.603914737701416
Rethinking the Hyperparameters for Fine-tuning | OpenReview,3,0.14031686399099494,0.15547703180212014,0.15752337508696615,0.16608996539792387,0.7057201663653055,0.7843363881111145,0.6124137043952942,0.676903486251831
Rethinking the Security of Skip Connections in ResNet-like Neural Networks | OpenReview,3,0.13350160959906351,0.1411764705882353,0.13220618214573554,0.14240506329113925,0.6850592494010925,0.7605154514312744,0.6268528699874878,0.6667875051498413
Retrieving Signals in the Frequency Domain with Deep Complex Extractors | OpenReview,3,0.13046157820622942,0.13861386138613863,0.11070047328013795,0.13191489361702127,0.7325976093610128,0.8026655912399292,0.4997864564259847,0.5566139817237854
Retrospection: Leveraging the Past for Efficient Training of Deep Neural Networks | OpenReview,2,0.13216743852826038,0.14049586776859505,0.19015731292517007,0.19727891156462585,0.6046178936958313,0.6457580327987671,0.5639991164207458,0.6071344017982483
Revisiting Gradient Episodic Memory for Continual Learning | OpenReview,3,0.11146409146409146,0.11538461538461539,0.1561833787880813,0.18085106382978725,0.5246028105417887,0.6522696614265442,0.6791982054710388,0.7224778532981873
Revisiting Self-Training for Neural Sequence Generation | OpenReview,3,0.11630454554744825,0.138328530259366,0.11465098378794437,0.12195121951219512,0.7159698804219564,0.7244778871536255,0.6329353054364523,0.6527969837188721
Revisiting the Generalization of Adaptive Gradient Methods | OpenReview,3,0.1213126253614284,0.12757201646090535,0.14373977363040044,0.15352697095435686,0.6078249216079712,0.7506763935089111,0.6297914981842041,0.744844913482666
Reweighted Proximal Pruning for Large-Scale Language Representation | OpenReview,3,0.15164478557980363,0.15555555555555556,0.1465449702433618,0.16279069767441862,0.6522343953450521,0.6836709976196289,0.4690869351228078,0.5670980215072632
RGBD-GAN: Unsupervised 3D Representation Learning From Natural Image Datasets via RGBD Image Synthesis | OpenReview,3,0.13432850772707838,0.156,0.13217994837713146,0.1619047619047619,0.5096219976743063,0.5670437812805176,0.45605119069417316,0.4768624007701874
RGTI:Response generation via templates integration for End to End dialog | OpenReview,4,0.12150930316346159,0.14349775784753363,0.1321987454187057,0.14054054054054055,0.5981827676296234,0.6454421281814575,0.5901189893484116,0.6254808902740479
RIDE: Rewarding Impact-Driven Exploration for Procedurally-Generated Environments | OpenReview,3,0.15293709087024684,0.16828478964401294,0.13700486462391223,0.16326530612244897,0.6919670701026917,0.7132732272148132,0.5285368959108988,0.5601192116737366
"Ridge Regression: Structure, Cross-Validation, and Sketching | OpenReview",2,0.13567153145418992,0.15352697095435686,0.156045395024007,0.18565400843881857,0.6841758489608765,0.7012959122657776,0.6552864015102386,0.726527214050293
Rigging the Lottery: Making All Tickets Winners | OpenReview,3,0.16493669971386363,0.17472118959107807,0.18370028087342574,0.2049469964664311,0.6894001364707947,0.724974513053894,0.5414880911509196,0.5646518468856812
RISE and DISE: Two Frameworks for Learning from Time Series with Missing Data | OpenReview,3,0.1343384341983063,0.16751269035532995,0.16947983986893356,0.1947565543071161,0.6493536035219828,0.7881913185119629,0.6077721118927002,0.7942806482315063
Risk Averse Value Expansion for Sample Efficient and Robust Policy Learning | OpenReview,4,0.12404213147187718,0.15555555555555556,0.15185330608898506,0.16342412451361868,0.7104751020669937,0.7568345069885254,0.5180580839514732,0.5417706966400146
RL-LIM: Reinforcement Learning-based Locally Interpretable Modeling | OpenReview,2,0.12748937122398746,0.13302752293577982,0.18815553365178053,0.19724770642201836,0.5910910964012146,0.6428637504577637,0.5664298236370087,0.5885725021362305
RNA Secondary Structure Prediction By Learning Unrolled Algorithms | OpenReview,4,0.13731682782879664,0.152317880794702,0.13694326668967166,0.15172413793103448,0.7455592155456543,0.7976612448692322,0.7543599456548691,0.8100346326828003
RoBERTa: A Robustly Optimized BERT Pretraining Approach | OpenReview,3,0.15274827606893512,0.15925925925925927,0.1528433029161035,0.20434782608695654,0.6826596856117249,0.7503839135169983,0.7246863643328348,0.7540149688720703
Robust And Interpretable Blind Image Denoising Via Bias-Free Convolutional Neural Networks | OpenReview,3,0.16297527300763545,0.1837837837837838,0.14205071180933695,0.1518324607329843,0.49882755676905316,0.571038007736206,0.5644544959068298,0.6142754554748535
Robust anomaly detection and backdoor attack detection via differential privacy | OpenReview,3,0.12020619406985855,0.12773722627737227,0.1441243697822645,0.16538461538461538,0.7839570244153341,0.8228201866149902,0.6002158919970194,0.6388404369354248
Robust Cross-lingual Embeddings from Parallel Sentences | OpenReview,3,0.1531456043956044,0.16857142857142857,0.11709830130882763,0.13909774436090225,0.6108414530754089,0.7211061716079712,0.6186744372049967,0.7143922448158264
ROBUST DISCRIMINATIVE REPRESENTATION LEARNING VIA GRADIENT RESCALING: AN EMPHASIS REGULARISATION PERSPECTIVE | OpenReview,3,0.11394226997249168,0.11855670103092783,0.13546088166962386,0.15037593984962405,0.6027506391207377,0.6381714344024658,0.5593688686688741,0.6153570413589478
Robust Domain Randomization for Reinforcement Learning | OpenReview,3,0.07823015249566702,0.09950248756218906,0.12483888398515298,0.1482889733840304,0.5337645212809244,0.5657966136932373,0.5073881447315216,0.5589386224746704
Robust Federated Learning Through Representation Matching and Adaptive Hyper-parameters | OpenReview,3,0.16747058281360414,0.18181818181818182,0.16267632261456166,0.19786096256684493,0.6309227148691813,0.7505607008934021,0.6044642925262451,0.7591167092323303
ROBUST GENERATIVE ADVERSARIAL NETWORK | OpenReview,3,0.12874356457409877,0.145,0.15148664290778932,0.15668202764976957,0.7477307518323263,0.7742679119110107,0.6363949775695801,0.6532177925109863
Robust Graph Representation Learning via Neural Sparsification | OpenReview,3,0.10936972858412591,0.11552346570397112,0.1483011391625931,0.16304347826086957,0.6744032899538676,0.7010717391967773,0.6485347549120585,0.7160608768463135
Robust Instruction-Following in a Situated Agent via Transfer-Learning from Text | OpenReview,3,0.13871913685578283,0.15510204081632653,0.10658758565547914,0.12745098039215685,0.7361962199211121,0.7569111585617065,0.5948163668314616,0.6549979448318481
Robust Learning with Jacobian Regularization | OpenReview,3,0.14988727625226073,0.1652892561983471,0.1438023904649656,0.15422885572139303,0.7302036285400391,0.7672001123428345,0.7273441354433695,0.7824784517288208
Robust Local Features for Improving the Generalization of Adversarial Training | OpenReview,3,0.11328831932387119,0.11666666666666667,0.15880654773902067,0.1774193548387097,0.6513954599698385,0.7143993377685547,0.5078029235204061,0.5577359199523926
Robust Natural Language Representation Learning for Natural Language Inference by Projecting Superficial Words out | OpenReview,3,0.09555536180498037,0.11494252873563218,0.13592784442021086,0.14885496183206107,0.38093045353889465,0.4294094145298004,0.522198885679245,0.5933303833007812
Robust Reinforcement Learning for Continuous Control with Model Misspecification | OpenReview,3,0.11182707155358827,0.11951219512195121,0.13636398331767866,0.16182572614107885,0.4351385235786438,0.46530649065971375,0.3829752604166667,0.4903738498687744
Robust Reinforcement Learning via Adversarial Training with Langevin Dynamics | OpenReview,4,0.14026486522344656,0.1623931623931624,0.1593573230028273,0.19834710743801653,0.5653097033500671,0.6270501613616943,0.6588096022605896,0.7435546517372131
Robust Reinforcement Learning with Wasserstein Constraint | OpenReview,3,0.12252814054023813,0.15789473684210525,0.16301222792352052,0.1791044776119403,0.5623219311237335,0.6665988564491272,0.643708328406016,0.6669405102729797
Robust saliency maps with distribution-preserving decoys | OpenReview,3,0.10605804412133468,0.14215686274509803,0.15534755831317668,0.18181818181818182,0.7246695160865784,0.7699833512306213,0.7609529693921407,0.7961404919624329
Robust Subspace Recovery Layer for Unsupervised Anomaly Detection | OpenReview,3,0.14714018482536198,0.15463917525773196,0.14623522230582656,0.16766467065868262,0.7689182559649149,0.832836925983429,0.5690672198931376,0.5949564576148987
Robust training with ensemble consensus | OpenReview,3,0.15655035913656604,0.16666666666666666,0.16169263880406015,0.17465753424657535,0.6087183157602946,0.6946786642074585,0.6768598357836405,0.6844264268875122
Robustness Verification for Transformers | OpenReview,3,0.15334698239141867,0.16226415094339622,0.15195226847154308,0.16923076923076924,0.6207416653633118,0.7028902769088745,0.6791409850120544,0.7113735675811768
Role of two learning rates in convergence of model-agnostic meta-learning | OpenReview,3,0.12324452845344654,0.13120567375886524,0.1512317110625603,0.15985130111524162,0.6605974833170573,0.7745378017425537,0.6941415667533875,0.7735618948936462
Role-Wise Data Augmentation for Knowledge Distillation | OpenReview,3,0.12164244346526985,0.14601769911504425,0.15149035317574644,0.1565934065934066,0.6502102216084799,0.690796971321106,0.5104653139909109,0.598138689994812
ROS-HPL: Robotic Object Search with Hierarchical Policy Learning and Intrinsic-Extrinsic Modeling | OpenReview,3,0.1283721523003023,0.14106583072100312,0.12496609187658493,0.15246636771300448,0.7063584526379904,0.81544429063797,0.6685339411099752,0.7831639647483826
Rotation-invariant clustering of functional cell types in primary visual cortex | OpenReview,3,0.1555816135084428,0.1641025641025641,0.1670429742110527,0.2,0.693269411722819,0.7822705507278442,0.701133131980896,0.740976095199585
RotationOut as a Regularization Method for Neural Network | OpenReview,3,0.1487065749980305,0.1956521739130435,0.16339673818504852,0.17955801104972377,0.6937469641367594,0.7219867706298828,0.6277576088905334,0.6765727996826172
RPGAN: random paths as a latent space for GAN interpretability | OpenReview,3,0.1335978835978836,0.1388888888888889,0.1434042470013693,0.1746031746031746,0.7356302738189697,0.78802889585495,0.6157499154408773,0.7046964764595032
RTC-VAE: HARNESSING THE PECULIARITY OF TOTAL CORRELATION IN LEARNING DISENTANGLED REPRESENTATIONS | OpenReview,3,0.10754039905722268,0.12796208530805686,0.16052523525465048,0.17757009345794392,0.5487240354220072,0.6214332580566406,0.5719942053159078,0.6770210266113281
RTFM: Generalising to New Environment Dynamics via Reading | OpenReview,3,0.10619342851207032,0.11858974358974358,0.1558059354161303,0.16614420062695925,0.5521802306175232,0.6203757524490356,0.5655428568522135,0.6111190319061279
Rényi Fair Inference | OpenReview,3,0.14878452658118968,0.17180616740088106,0.1344240076534351,0.14559386973180077,0.6108181476593018,0.7039448022842407,0.5138684511184692,0.6408487558364868
S-Flow GAN | OpenReview,3,0.13079492701603254,0.144,0.16489652293194967,0.20164609053497942,0.6046542326609293,0.6243573427200317,0.5804650982220968,0.5829077959060669
S2VG: Soft Stochastic Value Gradient method | OpenReview,3,0.1420349280776075,0.15283842794759825,0.17158653450457725,0.18859649122807018,0.5395982762177786,0.6578192114830017,0.35884297887484234,0.4492316246032715
SAdam: A Variant of Adam for Strongly Convex Functions | OpenReview,3,0.16285074651988754,0.19047619047619047,0.16625540634974598,0.19166666666666668,0.6610075831413269,0.7233990430831909,0.7350883483886719,0.7819960117340088
Safe Policy Learning for Continuous Control | OpenReview,3,0.11009365801472738,0.12834224598930483,0.1169143203061609,0.12418300653594772,0.618509829044342,0.6699195504188538,0.5567086736361185,0.6063550710678101
SAFE-DNN: A Deep Neural Network with Spike Assisted Feature Extraction for Noise Robust Inference | OpenReview,3,0.17379105561992306,0.20081967213114754,0.1683428302013875,0.19306930693069307,0.6407576004664103,0.6442561149597168,0.6800865332285563,0.6966884136199951
Salient Explanation for Fine-grained Classification | OpenReview,3,0.1257093720533268,0.1652892561983471,0.10327318261883928,0.12562814070351758,0.45201117793718976,0.5002578496932983,0.4714248478412628,0.49967440962791443
Sample Efficient Policy Gradient Methods with Recursive Variance Reduction | OpenReview,3,0.14831868614911234,0.16417910447761194,0.1462870498835506,0.15319148936170213,0.6820552945137024,0.7833999991416931,0.6318490306536356,0.696164608001709
Sample-Based Point Cloud Decoder Networks | OpenReview,3,0.11201502588134664,0.1390728476821192,0.11784605381730562,0.12903225806451613,0.5785889426867167,0.5864500403404236,0.7144577503204346,0.735109806060791
Samples Are Useful? Not Always: denoising policy gradient updates using variance explained | OpenReview,3,0.10186264826305348,0.124,0.10928613036085111,0.11846689895470383,0.5714839299519857,0.6245132684707642,0.5509596069653829,0.6107916235923767
Sampling-Free Learning of Bayesian Quantized Neural Networks | OpenReview,3,0.14112604082663963,0.1497005988023952,0.17092131335682456,0.18214285714285713,0.7152631481488546,0.7405989766120911,0.5880784392356873,0.6451603174209595
Scalable and Order-robust Continual Learning with Additive Parameter Decomposition | OpenReview,3,0.1316513525974831,0.16796875,0.11402589939649478,0.1511111111111111,0.7364835540453593,0.7874671220779419,0.7472607692082723,0.8113305568695068
Scalable Deep Neural Networks via Low-Rank Matrix Factorization | OpenReview,3,0.09610308539303408,0.10843373493975904,0.1595645113053472,0.17008797653958943,0.5878422558307648,0.6490089893341064,0.5350527962048849,0.5890555381774902
Scalable Differentially Private Data Generation via Private Aggregation of Teacher Ensembles | OpenReview,3,0.12244428563214142,0.12987012987012986,0.11772992657493038,0.13705583756345177,0.6377552648385366,0.7603838443756104,0.22489722073078156,0.2610614001750946
Scalable Generative Models for Graphs with Graph Attention Mechanism | OpenReview,3,0.1071880643543492,0.12951807228915663,0.14723860734420346,0.15342465753424658,0.6352768341700236,0.7740117311477661,0.528553823630015,0.700914740562439
Scalable Model Compression by Entropy Penalized Reparameterization | OpenReview,3,0.13188541350327634,0.1589958158995816,0.1578897315771076,0.1700404858299595,0.6170333623886108,0.6840095520019531,0.6778949697812399,0.7059956789016724
Scalable Neural Learning for Verifiable Consistency with Temporal Specifications | OpenReview,4,0.12359488464751622,0.14285714285714285,0.12005300216384586,0.140625,0.6644400209188461,0.7995307445526123,0.5365654528141022,0.6220374703407288
Scalable Neural Methods for Reasoning With a Symbolic Knowledge Base | OpenReview,3,0.13902060190362583,0.17490494296577946,0.1375675260043264,0.14953271028037382,0.5933951735496521,0.7002301216125488,0.45931554834047955,0.4947105944156647
SCALABLE OBJECT-ORIENTED SEQUENTIAL GENERATIVE MODELS | OpenReview,3,0.13236353346709884,0.1774193548387097,0.1373498694516971,0.18,0.5801230072975159,0.6196920871734619,0.4667195975780487,0.5197689533233643
Scale-Equivariant Neural Networks with Decomposed Convolutional Filters | OpenReview,3,0.11512250538775637,0.14814814814814814,0.15437826009908392,0.16600790513833993,0.6992985208829244,0.7517773509025574,0.690459668636322,0.7357322573661804
Scale-Equivariant Steerable Networks | OpenReview,3,0.13298173227672938,0.137546468401487,0.13597792406754672,0.14339622641509434,0.7304803331693014,0.8094550371170044,0.6655578215916952,0.7055515050888062
Scaleable input gradient regularization for adversarial robustness | OpenReview,3,0.13936292342643264,0.16226415094339622,0.12371189938283893,0.12941176470588237,0.7090755105018616,0.8185665011405945,0.604235053062439,0.6991640329360962
Scaling Autoregressive Video Models | OpenReview,3,0.12613409375175014,0.145985401459854,0.10308741524186894,0.10909090909090909,0.6930076082547506,0.7458071112632751,0.5651593009630839,0.6098951697349548
"Scaling Laws for the Principled Design, Initialization, and Preconditioning of ReLU Networks | OpenReview",3,0.10391451233035391,0.11538461538461539,0.12816241230034334,0.14285714285714285,0.3765583237012227,0.4503823518753052,0.5636197328567505,0.680464506149292
Scaling Up Neural Architecture Search with Big Single-Stage Models | OpenReview,3,0.13859070539340243,0.1509433962264151,0.17266925848830414,0.18846153846153846,0.6283880273501078,0.680858314037323,0.5745522578557333,0.6522707343101501
SCELMo: Source Code Embeddings from Language Models | OpenReview,3,0.1487026809639836,0.17050691244239632,0.17455762792922047,0.17647058823529413,0.6329130331675211,0.6972383856773376,0.5470589299996694,0.6443217396736145
Scheduled Intrinsic Drive: A Hierarchical Take on Intrinsically Motivated Exploration | OpenReview,4,0.12541161968051032,0.16470588235294117,0.12895239218324822,0.1597444089456869,0.7886581718921661,0.8716681003570557,0.7099784910678864,0.742804765701294
Scheduling the Learning Rate Via Hypergradients: New Insights and a New Algorithm | OpenReview,2,0.10661851764148708,0.11974110032362459,0.1555765039609783,0.16423357664233576,0.577978104352951,0.6475862264633179,0.5277309566736221,0.6171923875808716
Score and Lyrics-Free Singing Voice Generation | OpenReview,4,0.12675287863655008,0.16826923076923078,0.11985007711167353,0.140625,0.6890362948179245,0.7737143635749817,0.722002774477005,0.7434475421905518
Scoring-Aggregating-Planning: Learning task-agnostic priors from interactions and sparse rewards for zero-shot generalization | OpenReview,3,0.1333812054191201,0.15165876777251186,0.16027605244996548,0.16908212560386474,0.671351432800293,0.7674777507781982,0.5533024072647095,0.5842602252960205
SDGM: Sparse Bayesian Classifier Based on a Discriminative Gaussian Mixture Model | OpenReview,3,0.1283802368329323,0.15492957746478872,0.1320869685639108,0.1686746987951807,0.5704894860585531,0.6033289432525635,0.43751973907152814,0.5125890970230103
Searching for Stage-wise Neural Graphs In the Limit | OpenReview,2,0.1492807966560118,0.15060240963855423,0.1762135269597956,0.1981981981981982,0.624103307723999,0.6695948839187622,0.6117401123046875,0.6435977816581726
Searching to Exploit Memorization Effect in Learning from Corrupted Labels | OpenReview,3,0.12879151162349203,0.14067278287461774,0.15658446870103312,0.18831168831168832,0.5306078195571899,0.5939239263534546,0.5324345827102661,0.7411810755729675
SEED RL: Scalable and Efficient Deep-RL with Accelerated Central Inference | OpenReview,3,0.08985522570867148,0.10497237569060773,0.09191857383802415,0.09803921568627451,0.5245058933893839,0.5871813297271729,0.4106343785921733,0.48151451349258423
Selection via Proxy: Efficient Data Selection for Deep Learning | OpenReview,3,0.11763761209529884,0.1285140562248996,0.16055350756221506,0.18006430868167203,0.6240659356117249,0.7057356834411621,0.5603970587253571,0.675268828868866
Selective Brain Damage: Measuring the Disparate Impact of Model Pruning | OpenReview,3,0.11968426930208254,0.12941176470588237,0.1731335159650479,0.18466898954703834,0.6719676454861959,0.682908833026886,0.7052213748296102,0.7203985452651978
Selective sampling for accelerating training of deep neural networks | OpenReview,3,0.15290780759741193,0.1807909604519774,0.18182242772406706,0.2222222222222222,0.6052735050519308,0.6650023460388184,0.5756078958511353,0.6175915002822876
Self-Adversarial Learning with Comparative Discrimination for Text Generation | OpenReview,3,0.14521003214719197,0.1511627906976744,0.14842261573840745,0.16236162361623616,0.7405015826225281,0.7827683687210083,0.6386465827624003,0.6637465953826904
Self-Attentional Credit Assignment for Transfer in Reinforcement Learning | OpenReview,3,0.14934207395130003,0.16216216216216217,0.16367854526174605,0.16607773851590105,0.7184361418088278,0.8036285042762756,0.608830471833547,0.6554155349731445
Self-Educated Language Agent with Hindsight Experience Replay for Instruction Following | OpenReview,3,0.14357535082367298,0.16727272727272727,0.14587168454561147,0.17562724014336917,0.663797914981842,0.7296201586723328,0.5368597010771433,0.5895808935165405
Self-Imitation Learning via Trajectory-Conditioned Policy for Hard-Exploration Tasks | OpenReview,3,0.15619711550288978,0.16595744680851063,0.13875214992686905,0.14982578397212543,0.8011913100878397,0.8161131143569946,0.6239435871442159,0.6344541311264038
Self-Induced Curriculum Learning in Neural Machine Translation | OpenReview,3,0.13562770562770562,0.15,0.13106935387879728,0.16145833333333334,0.5168832341829935,0.6507622003555298,0.5958741505940756,0.6953963041305542
SELF-KNOWLEDGE DISTILLATION ADVERSARIAL ATTACK | OpenReview,3,0.16507764301521952,0.16744186046511628,0.14971590909090907,0.15416666666666667,0.7139864762624105,0.794474184513092,0.5427510738372803,0.6307234168052673
Self-labelling via simultaneous clustering and representation learning | OpenReview,3,0.12961484129537248,0.16203703703703703,0.1295925894074417,0.14356435643564355,0.661413848400116,0.6674397587776184,0.5429265896479288,0.5699635744094849
Self-Supervised GAN Compression | OpenReview,3,0.13743274639276107,0.15416666666666667,0.16589587933514677,0.17933130699088146,0.7302888830502828,0.8365687131881714,0.7448680996894836,0.802772045135498
Self-Supervised Learning of Appliance Usage | OpenReview,3,0.08587871619321823,0.10695187165775401,0.15041091474981727,0.1810344827586207,0.699407696723938,0.7344455718994141,0.6486500898996989,0.7517092227935791
Self-Supervised Policy Adaptation | OpenReview,3,0.15934779840153515,0.16595744680851063,0.18018830117848084,0.19665271966527198,0.46273259321848553,0.5744925737380981,0.5321001211802164,0.647766649723053
Self-Supervised Speech Recognition via Local Prior Matching | OpenReview,3,0.15030929996007666,0.1836734693877551,0.1536690604293765,0.17412935323383086,0.6345320443312327,0.7932120561599731,0.5177901685237885,0.6005212068557739
Self-Supervised State-Control through Intrinsic Mutual Information Rewards | OpenReview,3,0.11254428883069689,0.11952191235059761,0.14851699972818103,0.17670682730923695,0.6324302951494852,0.8065152168273926,0.433509240547816,0.5361995697021484
Self-supervised Training of Proposal-based Segmentation via Background Prediction | OpenReview,3,0.13997846550000967,0.15695067264573992,0.17870778121968098,0.18055555555555555,0.6540455023447672,0.7106389999389648,0.680173397064209,0.7039936780929565
SELF: Learning to Filter Noisy Labels with Self-Ensembling | OpenReview,3,0.0943968674566309,0.10382513661202186,0.1507561492732894,0.15950920245398773,0.587813546260198,0.6938017010688782,0.5744130412737528,0.5998939275741577
Selfish Emergent Communication | OpenReview,3,0.12243963719097672,0.13978494623655913,0.13793825224277176,0.15633423180592992,0.7097155054410299,0.7849775552749634,0.6054706573486328,0.6778008341789246
Semantic Hierarchy Emerges in the Deep Generative Representations for Scene Synthesis | OpenReview,3,0.10836611994888734,0.13253012048192772,0.10671785870551116,0.12373737373737374,0.575371503829956,0.6694595813751221,0.5898329416910807,0.6712732315063477
Semantic Pruning for Single Class Interpretability | OpenReview,3,0.10809770666598861,0.14646464646464646,0.15368558247914044,0.18090452261306533,0.7452099323272705,0.7969555258750916,0.7166465918223063,0.7659499049186707
SemanticAdv: Generating Adversarial Examples via Attribute-Conditional Image Editing | OpenReview,3,0.1312555928837493,0.1382488479262673,0.18475527478792916,0.21610169491525424,0.6318949063618978,0.7128742933273315,0.7201735575993856,0.744457483291626
Semantically-Guided Representation Learning for Self-Supervised Monocular Depth | OpenReview,3,0.14470202263979243,0.15021459227467812,0.1801518798403623,0.19607843137254902,0.7035865982373556,0.8352377414703369,0.6825942397117615,0.7816352844238281
Semantics Preserving Adversarial Attacks | OpenReview,3,0.13035372007916832,0.138328530259366,0.16138074774411235,0.16913946587537093,0.6364374955495199,0.8226982951164246,0.6063933173815409,0.696576714515686
Semi-Implicit Back Propagation | OpenReview,3,0.15094681147312727,0.17857142857142858,0.16059095851593133,0.1760299625468165,0.6481597224871317,0.6668282747268677,0.6428570747375488,0.6772181987762451
Semi-supervised 3D Face Reconstruction with Nonlinear Disentangled Representations | OpenReview,3,0.14013897924941787,0.1610738255033557,0.13976165687513945,0.16071428571428573,0.6766257683436075,0.6939847469329834,0.6869375308354696,0.707869291305542
Semi-Supervised Boosting via Self Labelling | OpenReview,3,0.10886169737628847,0.13106796116504854,0.1688220230386225,0.17757009345794392,0.7061680555343628,0.7513432502746582,0.6667760213216146,0.6876569986343384
Semi-Supervised Few-Shot Learning with a Controlled Degree of Task-Adaptive Conditioning | OpenReview,3,0.11146697208577833,0.12468827930174564,0.1564250700280112,0.17254901960784313,0.6234850486119589,0.7146965861320496,0.5984497865041097,0.6299111247062683
Semi-Supervised Few-Shot Learning with Prototypical Random Walks | OpenReview,3,0.12033405136853413,0.1330049261083744,0.15135176633247782,0.1643192488262911,0.7291977008183798,0.8058961629867554,0.7025134762128195,0.7555791139602661
Semi-Supervised Generative Modeling for Controllable Speech Synthesis | OpenReview,3,0.1397457150135679,0.15702479338842976,0.13113502793590556,0.1568627450980392,0.6702202757199606,0.7650829553604126,0.48270461956659955,0.5614567399024963
Semi-supervised Learning by Coaching | OpenReview,3,0.1128902424066709,0.13191489361702127,0.1778783630581431,0.1991701244813278,0.43771596749623615,0.4629489779472351,0.6353529294331869,0.693789005279541
Semi-Supervised Learning with Normalizing Flows | OpenReview,3,0.1513227513227513,0.16666666666666666,0.14119261630794855,0.16319444444444445,0.6806960503260294,0.7271186113357544,0.6143466631571451,0.6671916246414185
Semi-supervised Pose Estimation with Geometric Latent Representations | OpenReview,3,0.12851718264318088,0.1414141414141414,0.17388532957395234,0.1993006993006993,0.44728317856788635,0.5793590545654297,0.6262289683024088,0.7420304417610168
"Semi-supervised semantic segmentation needs strong, high-dimensional perturbations | OpenReview",3,0.12303451262974968,0.12871287128712872,0.16574817289285074,0.1659919028340081,0.6399198472499847,0.7449294328689575,0.693702220916748,0.8219498991966248
Semi-supervised Semantic Segmentation using Auxiliary Network | OpenReview,3,0.1288705941109588,0.16447368421052633,0.15878400058015962,0.17407407407407408,0.6486469904581705,0.6690995693206787,0.6864497264226278,0.6924712657928467
Sensible adversarial learning | OpenReview,3,0.12893367634208183,0.14655172413793102,0.18134917794163266,0.1965065502183406,0.551716685295105,0.5775113105773926,0.7380462288856506,0.774855375289917
Sentence embedding with contrastive multi-views learning | OpenReview,3,0.1436435116444683,0.16334661354581673,0.12838103053857206,0.15289256198347106,0.6795220176378886,0.7532249093055725,0.6235996087392172,0.6481572389602661
Sequence-level Intrinsic Exploration Model for Partially Observable Domains | OpenReview,3,0.15088265835929388,0.15714285714285714,0.17378123046450686,0.19141914191419143,0.660375694433848,0.7286045551300049,0.45278674364089966,0.5250742435455322
Sequential Latent Knowledge Selection for Knowledge-Grounded Dialogue | OpenReview,3,0.13953137258222004,0.15384615384615385,0.1371715405806315,0.1590909090909091,0.7417608300844828,0.7475059628486633,0.7172964612642924,0.7588775157928467
SesameBERT: Attention for Anywhere | OpenReview,3,0.15794471998011822,0.19,0.1988651678510169,0.22727272727272727,0.5642184118429819,0.6161502599716187,0.7431347966194153,0.7774091958999634
Set Functions for Time Series | OpenReview,3,0.12151897661665996,0.1400560224089636,0.15329521842753357,0.16966580976863754,0.568241129318873,0.7263014316558838,0.4828512668609619,0.5740717649459839
SGD Learns One-Layer Networks in WGANs | OpenReview,3,0.14036540239050568,0.14963503649635038,0.1419560723514212,0.15833333333333333,0.5327774186929067,0.649273157119751,0.5500649611155192,0.6467340588569641
SGD with Hardness Weighted Sampling for Distributionally Robust Deep Learning | OpenReview,3,0.10996145063149348,0.12251655629139073,0.1337501394434523,0.13903743315508021,0.6745637853940328,0.7512689232826233,0.5829019943873087,0.6464951634407043
Shallow VAEs with RealNVP Prior Can Perform as Well as Deep Hierarchical VAEs | OpenReview,3,0.15023306121452748,0.16731517509727625,0.20488389843574842,0.2554112554112554,0.6994098623593649,0.7710607051849365,0.6700380643208822,0.7321639060974121
ShardNet: One Filter Set to Rule Them All | OpenReview,3,0.1516514448837449,0.1590909090909091,0.10125824837897895,0.10676156583629894,0.6445865432421366,0.7152082324028015,0.6217135787010193,0.6433144211769104
Sharing Knowledge in Multi-Task Deep Reinforcement Learning | OpenReview,3,0.11793214973826464,0.13738019169329074,0.13477798548057748,0.13812154696132597,0.5922478437423706,0.6867266893386841,0.652501622835795,0.7167044281959534
Shifted and Squeezed 8-bit Floating Point format for Low-Precision Training of Deep Neural Networks | OpenReview,4,0.13075426334445261,0.16262975778546712,0.12639065592309867,0.15648854961832062,0.5723064318299294,0.709991455078125,0.3596948590129614,0.501558780670166
Shifted Randomized Singular Value Decomposition | OpenReview,3,0.16102016688265922,0.1728395061728395,0.16689709226826174,0.18548387096774194,0.5963704784711202,0.7330566644668579,0.6999902129173279,0.8010082244873047
Short and Sparse Deconvolution --- A Geometric Approach | OpenReview,2,0.11598496483711906,0.13309352517985612,0.16760802352763743,0.1707865168539326,0.6239741444587708,0.6680790185928345,0.45394426584243774,0.46117353439331055
Siamese Attention Networks | OpenReview,3,0.1498254513718431,0.15979381443298968,0.15792675561150368,0.16393442622950818,0.6705234050750732,0.7130956649780273,0.5188488761583964,0.5495023727416992
Sign Bits Are All You Need for Black-Box Attacks | OpenReview,3,0.12965066515791154,0.16908212560386474,0.16814373271937846,0.1881918819188192,0.7049307028452555,0.7995591163635254,0.5879899263381958,0.6619570255279541
Sign-OPT: A Query-Efficient Hard-label Adversarial Attack | OpenReview,2,0.152030373060416,0.15384615384615385,0.13536922713625477,0.15040650406504066,0.6540441513061523,0.6850107312202454,0.6823969781398773,0.69890958070755
Simple and Effective Regularization Methods for Training on Noisily Labeled Data with Generalization Guarantee | OpenReview,3,0.1420167712115272,0.15270935960591134,0.13682855941875297,0.14695340501792115,0.6658409833908081,0.7917062044143677,0.644586443901062,0.6840419769287109
Simple and Effective Stochastic Neural Networks | OpenReview,3,0.14556550553377404,0.15916955017301038,0.17834118458789927,0.18771331058020477,0.6747575004895529,0.7390080094337463,0.573848714431127,0.6279313564300537
Simple is Better: Training an End-to-end Contract Bridge Bidding Agent without Human Knowledge | OpenReview,3,0.16990087799098888,0.183206106870229,0.14604531909487273,0.17796610169491525,0.806783397992452,0.8451806306838989,0.7293790380160013,0.8098748326301575
Simplicial Complex Networks | OpenReview,2,0.12332046050714077,0.13191489361702127,0.12266906902704405,0.15346534653465346,0.692049503326416,0.697420597076416,0.6876386106014252,0.711478590965271
Simplified Action Decoder for Deep Multi-Agent Reinforcement Learning | OpenReview,3,0.1292893718541794,0.15298507462686567,0.10976994875764716,0.12844036697247707,0.6476240356763204,0.716153621673584,0.6245740453402201,0.6587913036346436
Simultaneous Classification and Out-of-Distribution Detection Using Deep Neural Networks | OpenReview,3,0.13764632076912217,0.14527027027027026,0.152104875653391,0.16376306620209058,0.6308202942212423,0.6701266765594482,0.5430857042471567,0.6085253953933716
Single episode transfer for differing environmental dynamics in reinforcement learning | OpenReview,3,0.1340395926535726,0.14596949891067537,0.16895505253130563,0.1839080459770115,0.6204097469647726,0.6309378743171692,0.43409664432207745,0.459833562374115
SINGLE PATH ONE-SHOT NEURAL ARCHITECTURE SEARCH WITH UNIFORM SAMPLING | OpenReview,3,0.13237092377019,0.14052287581699346,0.13030031835221706,0.14106583072100312,0.6834930777549744,0.736285924911499,0.5517200032869974,0.5839575529098511
Situating Sentence Embedders with Nearest Neighbor Overlap | OpenReview,3,0.13835857043469243,0.15873015873015872,0.07964191638967567,0.08585858585858586,0.758534828821818,0.7760372161865234,0.5755874315897623,0.6167029738426208
Size-free generalization bounds for convolutional neural networks | OpenReview,3,0.12368148752170882,0.1390728476821192,0.14958430468169018,0.15467625899280577,0.6827789147694906,0.794029951095581,0.6293253302574158,0.6577143669128418
Skew-Explore: Learn faster in continuous spaces with sparse rewards | OpenReview,3,0.12691520782535612,0.15350877192982457,0.15386435174253882,0.18811881188118812,0.5954686403274536,0.6614643335342407,0.6363134781519572,0.6740408539772034
Skew-Fit: State-Covering Self-Supervised Reinforcement Learning | OpenReview,3,0.14939467340518606,0.1732283464566929,0.16009344314222362,0.17045454545454544,0.5750963687896729,0.707097589969635,0.5367529491583506,0.6204872131347656
Sliced Cramer Synaptic Consolidation for Preserving Deeply Learned Representations | OpenReview,2,0.1315361871021017,0.14746543778801843,0.13182174516070674,0.14563106796116504,0.5200327187776566,0.7495201230049133,0.41059093177318573,0.636500358581543
SLM Lab: A Comprehensive Benchmark and Modular Software Framework for Reproducible Deep Reinforcement Learning | OpenReview,3,0.14896669282634192,0.19047619047619047,0.15505373919184925,0.16790123456790124,0.6495378414789835,0.7485536336898804,0.6672202348709106,0.698255717754364
SloMo: Improving Communication-Efficient Distributed SGD with Slow Momentum | OpenReview,3,0.1337390272153777,0.1415525114155251,0.12764366956164008,0.15705128205128205,0.48703546325365704,0.5540204048156738,0.501409669717153,0.6578499674797058
Small-GAN: Speeding up GAN Training using Core-Sets | OpenReview,3,0.14356296388346004,0.1732283464566929,0.16245517228059606,0.17921146953405018,0.7728895545005798,0.8365026712417603,0.7572584748268127,0.7640342712402344
Smart Ternary Quantization | OpenReview,4,0.12798892213443913,0.14619883040935672,0.1792893349577921,0.19455252918287938,0.6494696736335754,0.683880090713501,0.6436526775360107,0.6718229055404663
SMiRL: Surprise Minimizing RL in Entropic Environments | OpenReview,3,0.13007247714149697,0.1497005988023952,0.12424591162661153,0.13377926421404682,0.5613693396250407,0.5811958909034729,0.46306177973747253,0.5054054260253906
Smooth Kernels Improve Adversarial Robustness and Perceptually-Aligned Gradients | OpenReview,3,0.10763175208426268,0.109717868338558,0.003452830188679245,0.008,0.633297989765803,0.764872670173645,0.10017457604408264,0.17983952164649963
Smooth markets: A basic mechanism for organizing gradient-based learners | OpenReview,2,0.11252568569641741,0.11355311355311355,0.16300366300366298,0.19047619047619047,0.5070301294326782,0.5769312381744385,0.5316422879695892,0.5630382299423218
Smoothness and Stability in GANs | OpenReview,3,0.1198590273970384,0.12874251497005987,0.15319488592215866,0.16942148760330578,0.6419498721758524,0.741852343082428,0.6269917686780294,0.6866750121116638
SNODE: Spectral Discretization of Neural ODEs for System Identification | OpenReview,3,0.11797258297258299,0.14772727272727273,0.13561760860075045,0.1758957654723127,0.6171974937121073,0.7302746772766113,0.5403948525587717,0.5999524593353271
SNOW: Subscribing to Knowledge via Channel Pooling for Transfer & Lifelong Learning | OpenReview,3,0.14700816764134647,0.1541095890410959,0.17182193182818237,0.19924812030075187,0.5201075871785482,0.6036643385887146,0.48836930592854816,0.5451792478561401
Soft Token Matching for Interpretable Low-Resource Classification | OpenReview,3,0.13951558884423335,0.14596273291925466,0.14143757965869128,0.143646408839779,0.5218342343966166,0.5801416635513306,0.4832770625750224,0.5591424703598022
SoftAdam: Unifying SGD and Adam for better stochastic gradient descent | OpenReview,3,0.14470778918623775,0.1606425702811245,0.13178990226451326,0.15261044176706828,0.6733032067616781,0.7306069135665894,0.5990119775136312,0.6544473171234131
SoftLoc: Robust Temporal Localization under Label Misalignment | OpenReview,3,0.12962697593845135,0.15384615384615385,0.15880278503359962,0.17064846416382254,0.6668713092803955,0.7459381818771362,0.5492205619812012,0.5903754234313965
Solving Packing Problems by Conditional Query Learning | OpenReview,3,0.13165159734779988,0.15,0.13674416517950608,0.15527950310559005,0.6325883269309998,0.6768553256988525,0.552891472975413,0.5640760660171509
Solving single-objective tasks by preference multi-objective reinforcement learning | OpenReview,2,0.16567917489576475,0.17006802721088435,0.1819352817281415,0.18719211822660098,0.7531235218048096,0.7606284618377686,0.5376924574375153,0.5587329268455505
Span Recovery for Deep Neural Networks with Applications to Input Obfuscation | OpenReview,4,0.1004089028331256,0.11641791044776119,0.1410560455933405,0.16715542521994134,0.6145039051771164,0.7215561866760254,0.609989657998085,0.6867465376853943
Sparse and Structured Visual Attention | OpenReview,3,0.13761655076344567,0.14832535885167464,0.17101876312402628,0.19548872180451127,0.8131630222002665,0.845807671546936,0.6267128189404806,0.6623965501785278
Sparse Coding with Gated Learned ISTA | OpenReview,3,0.1386538025204461,0.16140350877192983,0.12158865352825864,0.1693121693121693,0.3993221124013265,0.4770740866661072,0.4609525501728058,0.6179735660552979
Sparse Networks from Scratch: Faster Training without Losing Performance | OpenReview,3,0.12645994273211053,0.13780918727915195,0.16606514586275797,0.1948529411764706,0.7374368111292521,0.8166563510894775,0.5734338164329529,0.6106902360916138
Sparse Skill Coding: Learning Behavioral Hierarchies with Sparse Codes | OpenReview,3,0.11738499152210292,0.13259668508287292,0.14051075344044414,0.1497326203208556,0.5075122018655142,0.5743048787117004,0.4619898200035095,0.5254360437393188
Sparse Transformer: Concentrated Attention Through Explicit Selection | OpenReview,3,0.11954866230119238,0.12974683544303797,0.1412677173158886,0.15,0.7133539517720541,0.7458904981613159,0.6730173230171204,0.6978042721748352
Sparse Weight Activation Training | OpenReview,3,0.14297235587438253,0.15736040609137056,0.18252219244587733,0.19736842105263158,0.660348117351532,0.7469161152839661,0.7137323419253031,0.7643078565597534
Sparsity Meets Robustness: Channel Pruning for the Feynman-Kac Formalism Principled Robust Deep Neural Nets | OpenReview,3,0.161189952248862,0.18025751072961374,0.13965297610717234,0.15695067264573992,0.5655356645584106,0.6661301851272583,0.5632068713506063,0.5709248781204224
Spatially Parallel Attention and Component Extraction for Scene Decomposition | OpenReview,4,0.1126529940947773,0.1306122448979592,0.16981121329369522,0.19488817891373802,0.5849451050162315,0.6710467338562012,0.4906425401568413,0.561297595500946
SPECTRA: Sparse Entity-centric Transitions | OpenReview,3,0.12695677458464028,0.1568627450980392,0.09314574371338165,0.11743772241992882,0.5685192942619324,0.6705206036567688,0.39266087611516315,0.47478437423706055
Spectral Embedding of Regularized Block Models | OpenReview,2,0.10354540833615723,0.10576923076923077,0.15138506163886872,0.1657142857142857,0.5447900295257568,0.6112438440322876,0.5326347947120667,0.5442993640899658
Spectral Nonlocal Block for Neural Network | OpenReview,4,0.08825794993059333,0.10526315789473684,0.12962303379231602,0.15841584158415842,0.48796454817056656,0.6383940577507019,0.49173709750175476,0.5684908628463745
SpectroBank: A filter-bank convolutional layer for CNN-based audio applications | OpenReview,3,0.11675508558447527,0.14432989690721648,0.16431867069575581,0.18181818181818182,0.48755233486493427,0.5565912127494812,0.5144191185633341,0.5880403518676758
Spike-based causal inference for weight alignment | OpenReview,3,0.15965044555060728,0.2094240837696335,0.15632911299840732,0.17525773195876287,0.70671413342158,0.7685932517051697,0.6660917599995931,0.7246811389923096
SpikeGrad: An ANN-equivalent Computation Model for Implementing Backpropagation with Spikes | OpenReview,3,0.14194371528385413,0.16333333333333333,0.15777535005922186,0.17061611374407584,0.6604050000508627,0.7191683053970337,0.7273034453392029,0.7897263169288635
Split LBI for Deep Learning: Structural Sparsity via Differential Inclusion Paths | OpenReview,3,0.12358268053686794,0.17721518987341772,0.1191893979504599,0.1752136752136752,0.5915631751219431,0.6881855726242065,0.6153281033039093,0.7232357263565063
SPREAD DIVERGENCE | OpenReview,3,0.1283159392993365,0.1440329218106996,0.16386981942560944,0.22477064220183487,0.602334996064504,0.6943501234054565,0.6220197876294454,0.6242953538894653
SPROUT: Self-Progressing Robust Training | OpenReview,3,0.12846302029583764,0.1568627450980392,0.13487642215412393,0.13953488372093023,0.7032064000765482,0.8194913864135742,0.6195881764094034,0.6910402178764343
SQIL: Imitation Learning via Reinforcement Learning with Sparse Rewards | OpenReview,3,0.12891747906511686,0.14285714285714285,0.18361471928895534,0.20689655172413793,0.7668261130650839,0.7923887968063354,0.7600376407305399,0.783249020576477
SRDGAN: learning the noise prior for Super Resolution with Dual Generative Adversarial Networks | OpenReview,3,0.157893016051504,0.1643835616438356,0.15915526360492668,0.19617224880382775,0.6583372354507446,0.6924405097961426,0.6257309516270956,0.6406300663948059
SSE-PT: Sequential Recommendation Via Personalized Transformer | OpenReview,3,0.14615032008105652,0.15625,0.11671409672796795,0.12682926829268293,0.6289169987042745,0.723985493183136,0.6837946772575378,0.7417643070220947
STABILITY AND CONVERGENCE THEORY FOR LEARNING RESNET: A FULL CHARACTERIZATION | OpenReview,3,0.13133621830295295,0.16740088105726872,0.14480988967691097,0.16595744680851063,0.7018891374270121,0.7641589641571045,0.6043302218119303,0.634529709815979
Stabilizing DARTS with Amended Gradient Estimation on Architectural Parameters | OpenReview,4,0.10991551784006222,0.12091503267973856,0.11191031717513819,0.11787072243346007,0.5413838624954224,0.7346709966659546,0.48188090324401855,0.648643970489502
Stabilizing Off-Policy Reinforcement Learning with Conservative Policy Gradients | OpenReview,3,0.12307256439506216,0.14106583072100312,0.1521565856845496,0.16,0.583120326201121,0.6751501560211182,0.5975337028503418,0.7194094657897949
Stabilizing Transformers for Reinforcement Learning | OpenReview,3,0.11675347793924644,0.152,0.15388689173855416,0.16666666666666666,0.6437410314877828,0.7343124151229858,0.4446560541788737,0.494257390499115
Stable Rank Normalization for Improved Generalization in Neural Networks and GANs | OpenReview,3,0.1069320975955201,0.11635220125786164,0.14643902294860958,0.15234375,0.6174295544624329,0.6792377829551697,0.4268449942270915,0.4497652053833008
Stablizing Adversarial Invariance Induction by Discriminator Matching | OpenReview,3,0.10613081901916854,0.12307692307692308,0.11840936266639908,0.1291390728476821,0.5136786997318268,0.6271380186080933,0.48653848965962726,0.5798896551132202
Stagnant zone segmentation with U-net | OpenReview,3,0.07227547846081017,0.10416666666666667,0.09495211868423765,0.1390728476821192,0.34763041511178017,0.5176399946212769,0.4328598479429881,0.6162482500076294
Star-Convexity in Non-Negative Matrix Factorization | OpenReview,3,0.12599726685256493,0.13541666666666666,0.12913591727822468,0.1461038961038961,0.6020527084668478,0.7259107232093811,0.4793940782546997,0.5105966925621033
Starfire: Regularization-Free Adversarially-Robust Structured Sparse Training | OpenReview,3,0.1092980209966748,0.13058419243986255,0.15997087173557764,0.17567567567567569,0.6355264584223429,0.6713749170303345,0.5989421010017395,0.7330576777458191
State Alignment-based Imitation Learning | OpenReview,3,0.11285764151320281,0.12158054711246201,0.13085200669107597,0.13740458015267176,0.6758431593577067,0.7458411455154419,0.6892356872558594,0.7618699073791504
State-only Imitation with Transition Dynamics Mismatch | OpenReview,3,0.12229713357612049,0.14056224899598393,0.14055783535386046,0.16317991631799164,0.712674617767334,0.7962571978569031,0.6152414381504059,0.706382155418396
Statistical Adaptive Stochastic Optimization | OpenReview,3,0.1228275138607242,0.13813813813813813,0.1372954444935869,0.15789473684210525,0.5911070505777994,0.7979705333709717,0.34776410460472107,0.37853559851646423
Statistical Verification of General Perturbations by Gaussian Smoothing | OpenReview,3,0.1211258407433879,0.13043478260869565,0.1590540075054058,0.16990291262135923,0.5636679331461588,0.62545245885849,0.5599915981292725,0.6039241552352905
Statistically Consistent Saliency Estimation | OpenReview,5,0.13356679245920342,0.15591397849462366,0.13962970306098516,0.16037735849056603,0.5585785806179047,0.6850484609603882,0.6006696462631226,0.7404483556747437
Stein Bridging: Enabling Mutual Reinforcement between Explicit and Implicit Generative Models | OpenReview,3,0.1194894137022519,0.12831858407079647,0.16510608540305802,0.18604651162790697,0.5296074549357096,0.5933635234832764,0.6599216858545939,0.711571216583252
Stein Self-Repulsive Dynamics: Benefits from Past Samples | OpenReview,3,0.1250459516588549,0.1452991452991453,0.1694177041885937,0.2,0.629889597495397,0.740835428237915,0.6488463977972666,0.7747607231140137
Step Size Optimization | OpenReview,2,0.14375800571484876,0.1568627450980392,0.15615188383045525,0.16326530612244897,0.6642289459705353,0.6818892359733582,0.5281069576740265,0.5583036541938782
Sticking to the Facts: Confident Decoding for Faithful Data-to-Text Generation | OpenReview,4,0.12945187332284108,0.13963963963963963,0.15300206302208982,0.1680327868852459,0.6880327463150024,0.711928129196167,0.661950021982193,0.7510141134262085
Stiffness: A New Perspective on Generalization in Neural Networks | OpenReview,3,0.14566329450673668,0.16964285714285715,0.15121217461294922,0.16597510373443983,0.6573912700017294,0.7527776956558228,0.6743919650713602,0.7831934094429016
Stochastic AUC Maximization with Deep Neural Networks | OpenReview,3,0.11768484273747432,0.1554054054054054,0.12159003360380295,0.13142857142857142,0.7252260049184164,0.84708172082901,0.47158458828926086,0.5006827712059021
Stochastic Conditional Generative Networks with Basis Decomposition | OpenReview,3,0.12218947718947719,0.13257575757575757,0.1727522825704945,0.1862348178137652,0.6869403918584188,0.7210696935653687,0.6755522688229879,0.7649058103561401
Stochastic Gradient Descent with Biased but Consistent Gradient Estimators | OpenReview,4,0.14826079972321077,0.15625,0.15677964416420478,0.17785234899328858,0.7034720629453659,0.8073379397392273,0.6186537444591522,0.6792244911193848
Stochastic Latent Actor-Critic: Deep Reinforcement Learning with a Latent Variable Model | OpenReview,3,0.15081388456111086,0.1671309192200557,0.15656331980310553,0.16379310344827586,0.6387510697046915,0.76249760389328,0.46644991636276245,0.5146085023880005
Stochastic Latent Residual Video Prediction | OpenReview,3,0.1374799533206203,0.15315315315315314,0.15676972152385454,0.1691542288557214,0.6585025389989217,0.6984734535217285,0.6068797906239828,0.6600081920623779
Stochastic Mirror Descent on Overparameterized Nonlinear Models | OpenReview,3,0.12714537027064307,0.1471861471861472,0.1390918413009786,0.16049382716049382,0.644771138827006,0.6679608225822449,0.6703467965126038,0.7070560455322266
Stochastic Neural Physics Predictor | OpenReview,3,0.15331213809778546,0.21524663677130046,0.14012230504463832,0.14537444933920704,0.6424844861030579,0.7945981621742249,0.5456412633260092,0.6048623323440552
Stochastic Prototype Embeddings | OpenReview,3,0.14609522579891518,0.17142857142857143,0.1513796670114444,0.17054263565891473,0.642266571521759,0.7183117270469666,0.5531882445017496,0.5779314041137695
Stochastic Weight Averaging in Parallel: Large-Batch Training That Generalizes Well | OpenReview,3,0.14991905431277155,0.15748031496062992,0.15476415626876927,0.18834080717488788,0.5308476090431213,0.6044291853904724,0.47859792908032733,0.571005642414093
Stochastically Controlled Compositional Gradient for the Composition problem | OpenReview,3,0.12018802818649615,0.14912280701754385,0.12320923017258097,0.1388888888888889,0.6307219862937927,0.6813921332359314,0.6133440732955933,0.6766742467880249
Storage Efficient and Dynamic Flexible Runtime Channel Pruning via Deep Reinforcement Learning | OpenReview,3,0.1238504347212478,0.14084507042253522,0.17822921063739972,0.2,0.6818670630455017,0.7451221346855164,0.6704085866610209,0.7202277779579163
Strategies for Pre-training Graph Neural Networks | OpenReview,3,0.14388327721661057,0.15656565656565657,0.14938450231959946,0.16666666666666666,0.757951041062673,0.7899367809295654,0.6939839522043864,0.7448936700820923
Striving for Simplicity in Off-Policy Deep Reinforcement Learning | OpenReview,3,0.16447778029844726,0.17586206896551723,0.14782692727291513,0.15827338129496402,0.6864262819290161,0.7361705303192139,0.5623364945252737,0.6064414381980896
StructBERT: Incorporating Language Structures into Pre-training for Deep Language Understanding | OpenReview,3,0.11691653777652793,0.14285714285714285,0.13876383177875282,0.1461187214611872,0.7299997011820475,0.7623672485351562,0.5756245652834574,0.6156425476074219
StructPool: Structured Graph Pooling via Conditional Random Fields | OpenReview,3,0.14233025855605386,0.15352697095435686,0.15887469905696916,0.1830065359477124,0.6121648152669271,0.6417617797851562,0.6190807620684305,0.656975507736206
Structural Language Models for Any-Code Generation | OpenReview,3,0.1195261790110493,0.12814070351758794,0.11466917769732794,0.1319796954314721,0.5958402156829834,0.6641945838928223,0.5346944530804952,0.5770517587661743
Structured consistency loss for semi-supervised semantic segmentation | OpenReview,2,0.1447848101265823,0.14556962025316456,0.17345647608239084,0.20462046204620463,0.7567087411880493,0.7629839181900024,0.715916246175766,0.7870596647262573
Structured Object-Aware Physics Prediction for Video Modeling and Planning | OpenReview,3,0.12431341285371295,0.1366906474820144,0.11053147708763127,0.12598425196850394,0.5841215054194132,0.6538848876953125,0.6197552879651388,0.6385633945465088
Style-based Encoder Pre-training for Multi-modal Image Synthesis | OpenReview,3,0.15776250082718415,0.16733067729083664,0.14459623648685657,0.16030534351145037,0.6771443088849386,0.8081607818603516,0.6590995788574219,0.7663416862487793
Sub-policy Adaptation for Hierarchical Reinforcement Learning | OpenReview,2,0.1404015401540154,0.1419141914191419,0.1470258653772354,0.14883720930232558,0.4675911068916321,0.6588907837867737,0.49500872194767,0.6076638698577881
Subgraph Attention for Node Classification and Hierarchical Graph Pooling | OpenReview,3,0.15921604137499948,0.168141592920354,0.18264186197811413,0.18497109826589594,0.753282388051351,0.8016582727432251,0.7055861751238505,0.7331063747406006
Subjective Reinforcement Learning for Open Complex Environments | OpenReview,3,0.14075702651687702,0.16544117647058823,0.13861983015969626,0.15633423180592992,0.7142248153686523,0.722111701965332,0.4797629117965698,0.5505506992340088
SUMO: Unbiased Estimation of Log Marginal Probability for Latent Variable Models | OpenReview,3,0.11113484658645452,0.13432835820895522,0.17131709976832146,0.2037914691943128,0.5411578317483267,0.6146577596664429,0.6497331460316976,0.6960214376449585
Superbloom: Bloom filter meets Transformer | OpenReview,3,0.11968379726105405,0.16417910447761194,0.15740500034432203,0.17180616740088106,0.5464056531588236,0.6710624694824219,0.5637608965237936,0.5895082950592041
Superseding Model Scaling by Penalizing Dead Units and Points with Separation Constraints | OpenReview,3,0.10445116270988453,0.12195121951219512,0.13526608943561583,0.1488833746898263,0.5956753691037496,0.640069842338562,0.5649136702219645,0.6024496555328369
Supervised learning with incomplete data via sparse representations | OpenReview,3,0.12904259951968974,0.13813813813813813,0.1598385988379061,0.18575851393188855,0.683983325958252,0.7538249492645264,0.48975743850072223,0.5191342234611511
Support-guided Adversarial Imitation Learning | OpenReview,3,0.13072809893215206,0.13991769547325103,0.16788720429143247,0.18548387096774194,0.6345747709274292,0.7099219560623169,0.5796625216801962,0.6498199105262756
Surrogate-Based Constrained Langevin Sampling With Applications to Optimal Material Configuration Design | OpenReview,3,0.109902053947965,0.12987012987012986,0.13767315060418508,0.16346153846153846,0.45236140489578247,0.4650038480758667,0.5462761720021566,0.650021493434906
SVQN: Sequential Variational Soft Q-Learning Networks | OpenReview,2,0.16247372845733501,0.1762295081967213,0.15380434782608696,0.15760869565217392,0.7503683865070343,0.7587792277336121,0.581697553396225,0.5871059894561768
Switched linear projections and inactive state sensitivity for deep neural network interpretability | OpenReview,4,0.1319027838118209,0.14772727272727273,0.161467640490293,0.17627118644067796,0.596978947520256,0.6631518006324768,0.5756810456514359,0.6185259222984314
Swoosh! Rattle! Thump! - Actions that Sound | OpenReview,3,0.08621299001045836,0.09282700421940929,0.14696692732134997,0.1511627906976744,0.6275516748428345,0.6645342111587524,0.6756901343663534,0.7328652143478394
Symmetric-APL Activations: Training Insights and Robustness to Adversarial Attacks | OpenReview,3,0.11239849475143593,0.12254901960784313,0.13481375522345163,0.15816326530612246,0.7547344366709391,0.8037168979644775,0.7201052705446879,0.7550583481788635
Symmetry and Systematicity | OpenReview,3,0.10475330483070422,0.11011904761904762,0.10124559152450867,0.12452830188679245,0.5115140974521637,0.7371453046798706,0.4393818974494934,0.5242459177970886
Symplectic ODE-Net: Learning Hamiltonian Dynamics with Control | OpenReview,3,0.12504988868772773,0.14767932489451477,0.11090217233017392,0.13043478260869565,0.6388115882873535,0.6739760041236877,0.6350778937339783,0.654503583908081
Symplectic Recurrent Neural Networks | OpenReview,3,0.12642036306818483,0.14285714285714285,0.10897356804182412,0.11808118081180811,0.6915465195973715,0.7431964874267578,0.6206711729367574,0.6523918509483337
Synthesizing Programmatic Policies that Inductively Generalize | OpenReview,3,0.11278119685680055,0.11935483870967742,0.12342204712631544,0.134375,0.510521799325943,0.5433660745620728,0.43609734376271564,0.4979187250137329
Synthetic vs Real: Deep Learning on Controlled Noise | OpenReview,3,0.12792044775308373,0.13389121338912133,0.1189610814660675,0.14678899082568808,0.6068257788817087,0.7735474109649658,0.5437430342038473,0.6356358528137207
TabFact: A Large-scale Dataset for Table-based Fact Verification | OpenReview,3,0.129735609103079,0.14583333333333334,0.13900311262080614,0.150997150997151,0.7143615285555521,0.7618412375450134,0.4923039674758911,0.5440281629562378
TabNet: Attentive Interpretable Tabular Learning | OpenReview,3,0.14001536876593876,0.15348837209302327,0.11656568242589749,0.14285714285714285,0.6741670767466227,0.7045093774795532,0.6430441737174988,0.6856952905654907
Target-Embedding Autoencoders for Supervised Representation Learning | OpenReview,4,0.12308308983393318,0.1413427561837456,0.1573398260926292,0.18339100346020762,0.49994543194770813,0.6146901249885559,0.5205838829278946,0.635972261428833
Targeted sampling of enlarged neighborhood via Monte Carlo tree search for TSP | OpenReview,3,0.1592772533468632,0.18548387096774194,0.1330209388720027,0.14285714285714285,0.679720143477122,0.7195322513580322,0.6282888054847717,0.6855949759483337
Task-Based Top-Down Modulation Network for Multi-Task-Learning Applications | OpenReview,3,0.10946972692973217,0.11890243902439024,0.14520435243026605,0.1511627906976744,0.45065757632255554,0.5290880799293518,0.5648735562960306,0.6177036166191101
Task-Relevant Adversarial Imitation Learning | OpenReview,3,0.10845116055387644,0.12460063897763578,0.13773796307995642,0.16091954022988506,0.6400373776753744,0.7276169061660767,0.5851452350616455,0.6322166919708252
Teacher-Student Compression with Generative Adversarial Networks | OpenReview,3,0.1282014022377679,0.1583710407239819,0.16849502277152517,0.1951219512195122,0.5933995544910431,0.6848599314689636,0.46441731850306195,0.5503478050231934
TechKG: A Large-Scale Chinese Technology-Oriented Knowledge Graph | OpenReview,3,0.1472567418549363,0.15454545454545454,0.1561346023820669,0.19540229885057472,0.6461964249610901,0.7100826501846313,0.5554066797097524,0.6723132133483887
TED: A Pretrained Unsupervised Summarization Model with Theme Modeling and Denoising | OpenReview,3,0.10280406661046297,0.1488095238095238,0.14350228703704257,0.15737051792828685,0.6989431381225586,0.813208281993866,0.6659773588180542,0.7425947189331055
Temporal Difference Weighted Ensemble For Reinforcement Learning | OpenReview,3,0.10652122723260743,0.11811023622047244,0.14866983818217408,0.15261044176706828,0.5405155221621195,0.7731621861457825,0.5546075900395712,0.7249374389648438
Temporal Probabilistic Asymmetric Multi-task Learning | OpenReview,3,0.12573109360139575,0.14358974358974358,0.19502954928652214,0.2041522491349481,0.5981833537419637,0.6231603622436523,0.4748421609401703,0.5373698472976685
Temporal-difference learning for nonlinear value function approximation in the lazy training regime | OpenReview,4,0.14773147395644093,0.17435897435897435,0.1710180626862695,0.18518518518518517,0.553012415766716,0.5957664847373962,0.5750625133514404,0.6464727520942688
Tensor Decompositions for Temporal Knowledge Base Completion | OpenReview,3,0.14711602786315428,0.16748768472906403,0.16555183946488294,0.1794871794871795,0.741243580977122,0.7740902304649353,0.7035001715024313,0.7597544193267822
Tensor Graph Convolutional Networks for Prediction on Dynamic Graphs | OpenReview,3,0.14844598499517359,0.15846994535519127,0.16986662919831505,0.18502202643171806,0.6826045711835226,0.7690973281860352,0.3685763676961263,0.4133741855621338
Tensorized Embedding Layers for Efficient Model Compression | OpenReview,3,0.11870579471797854,0.13245033112582782,0.16877906904248288,0.1870967741935484,0.6447394490242004,0.7343518733978271,0.6604162057240804,0.708357036113739
Ternary MobileNets via Per-Layer Hybrid Filter Banks | OpenReview,3,0.14092473382885629,0.15121951219512195,0.15134324756317882,0.16494845360824742,0.7618977030118307,0.8557603359222412,0.6117172638575236,0.6768081188201904
Test-Time Training for Out-of-Distribution Generalization | OpenReview,3,0.10485465782119996,0.11692307692307692,0.132048156303981,0.1510791366906475,0.5905709266662598,0.6983009576797485,0.4944386879603068,0.5075743198394775
Testing For Typicality with Respect to an Ensemble of Learned Distributions | OpenReview,3,0.11130809175141475,0.13019390581717452,0.13330929152387228,0.15492957746478872,0.48667890826861065,0.53614342212677,0.5343393584092458,0.7148228883743286
The advantage of using Student*s t-priors in variational autoencoders | OpenReview,3,0.14004090435027536,0.15017064846416384,0.150403457381017,0.16433566433566432,0.6431493163108826,0.7330617904663086,0.5283452669779459,0.5384796857833862
The asymptotic spectrum of the Hessian of DNN throughout training | OpenReview,3,0.1252698983157204,0.15555555555555556,0.12292417421852538,0.12831858407079647,0.6975340445836385,0.7329710125923157,0.7079014778137207,0.7842583656311035
The Benefits of Over-parameterization at Initialization in Deep ReLU Networks | OpenReview,4,0.14074842465566986,0.18376068376068377,0.14910057075401578,0.16279069767441862,0.6779975444078445,0.7667760848999023,0.6372626423835754,0.7305029630661011
The Break-Even Point on the Optimization Trajectories of Deep Neural Networks | OpenReview,3,0.15439284293166705,0.18376068376068377,0.16095990468493285,0.16666666666666666,0.651039739449819,0.758997917175293,0.6967183152834574,0.8134620189666748
The Curious Case of Neural Text Degeneration | OpenReview,3,0.15609249267471356,0.1891891891891892,0.15137562066276516,0.17154811715481172,0.735019862651825,0.8066009283065796,0.7515789270401001,0.8226735591888428
The Detection of Distributional Discrepancy for Text Generation | OpenReview,3,0.12242372163165831,0.12313432835820895,0.1644350481559784,0.17209302325581396,0.6097902854283651,0.6669051051139832,0.7000564932823181,0.7981544733047485
The Differentiable Cross-Entropy Method | OpenReview,3,0.12451979124364776,0.1267605633802817,0.13428198809117323,0.14726027397260275,0.6424967249234518,0.6766785383224487,0.47618021567662555,0.5394811034202576
The Discriminative Jackknife: Quantifying Uncertainty in Deep Learning via Higher-Order Influence Functions | OpenReview,4,0.105642466777624,0.1291866028708134,0.14981443662307767,0.16822429906542055,0.4888147935271263,0.6882031559944153,0.36126063019037247,0.43849313259124756
The divergences minimized by non-saturating GAN training | OpenReview,3,0.12429490742989553,0.15028901734104047,0.17072920389068724,0.2129032258064516,0.7412274281183878,0.8325634598731995,0.6881516973177592,0.7204674482345581
The Dual Information Bottleneck | OpenReview,3,0.10252783530328859,0.11297071129707113,0.12304964539007092,0.1323529411764706,0.5499591032663981,0.5790424942970276,0.5978341698646545,0.6382582187652588
The Dynamics of Signal Propagation in Gated Recurrent Neural Networks | OpenReview,3,0.10166573696623997,0.12083333333333333,0.07924753817610962,0.08391608391608392,0.5983783404032389,0.637292742729187,0.46683914462725323,0.5808051824569702
The Early Phase of Neural Network Training | OpenReview,3,0.14088017979503886,0.14982578397212543,0.15009441259580805,0.1593625498007968,0.6537066698074341,0.7071961164474487,0.5748240749041239,0.6159769296646118
THE EFFECT OF ADVERSARIAL TRAINING: A THEORETICAL CHARACTERIZATION | OpenReview,3,0.14374296681242685,0.16279069767441862,0.13039419580015263,0.13917525773195877,0.7364024122556051,0.8023074865341187,0.5983553131421407,0.6538792848587036
The Effect of Neural Net Architecture on Gradient Confusion & Training Performance | OpenReview,3,0.1022142859646767,0.1095890410958904,0.12472987657454075,0.13651877133105803,0.7239661812782288,0.7982549071311951,0.5754565199216207,0.6556018590927124
The Effect of Residual Architecture on the Per-Layer Gradient of Deep Networks | OpenReview,3,0.11717324247026735,0.13617021276595745,0.15806151995948264,0.1990521327014218,0.7231789628664652,0.7457266449928284,0.7515023350715637,0.7764564156532288
The fairness-accuracy landscape of neural classifiers | OpenReview,3,0.13085887876277272,0.15492957746478872,0.16150562295761275,0.18892508143322476,0.6933750907580057,0.7456023097038269,0.5828918218612671,0.6265475153923035
The Frechet Distance of training and test distribution predicts the generalization gap | OpenReview,3,0.10516438329013748,0.11162790697674418,0.14627401837928153,0.16,0.6191005110740662,0.66115802526474,0.4763825535774231,0.48012179136276245
The function of contextual illusions | OpenReview,3,0.11522810699276746,0.14487632508833923,0.11527378272596155,0.12460063897763578,0.7163679003715515,0.7842318415641785,0.6178455750147501,0.683438241481781
The Gambler*s Problem and Beyond | OpenReview,3,0.1395893128191528,0.15510204081632653,0.163028516472581,0.19662921348314608,0.685889482498169,0.7014367580413818,0.5783896446228027,0.6453237533569336
The Generalization-Stability Tradeoff in Neural Network Pruning | OpenReview,3,0.12244894217148222,0.13533834586466165,0.17359593953437055,0.19622641509433963,0.6744154890378317,0.7226845026016235,0.6354509989420573,0.6544146537780762
The Geometry of Sign Gradient Descent | OpenReview,3,0.14222823304169727,0.17857142857142858,0.15348796793611993,0.16613418530351437,0.7131445606549581,0.7625830173492432,0.607097844282786,0.6613796949386597
The Implicit Bias of Depth: How Incremental Learning Drives Generalization | OpenReview,3,0.12258182674191376,0.12830188679245283,0.12628756962090296,0.14222222222222222,0.7353188196818033,0.7744476795196533,0.7165733575820923,0.7913336753845215
The Ingredients of Real World Robotic Reinforcement Learning | OpenReview,3,0.16517693992503577,0.18796992481203006,0.14388418232504252,0.16532258064516128,0.5427177349726359,0.5934209823608398,0.6235633492469788,0.699533224105835
The Intriguing Effects of Focal Loss on the Calibration of Deep Neural Networks | OpenReview,3,0.09254915792973152,0.09844559585492228,0.11945178636814092,0.13580246913580246,0.5734750032424927,0.6135033369064331,0.5898957451184591,0.6346833109855652
The intriguing role of module criticality in the generalization of deep networks | OpenReview,3,0.1423762226377011,0.14873417721518986,0.1542468712280033,0.16981132075471697,0.7317709922790527,0.7705334424972534,0.6352408528327942,0.691490650177002
The Local Elasticity of Neural Networks | OpenReview,3,0.13993278993278993,0.14682539682539683,0.15060266530854766,0.16176470588235295,0.7504339615503947,0.7851810455322266,0.4902814229329427,0.5592697858810425
The Logical Expressiveness of Graph Neural Networks | OpenReview,3,0.1443356711474771,0.15948275862068967,0.14118732376539544,0.16853932584269662,0.6652501026789347,0.7093953490257263,0.5028299391269684,0.5897674560546875
The Probabilistic Fault Tolerance of Neural Networks in the Continuous Limit | OpenReview,3,0.11489600162945608,0.13058419243986255,0.12065237587692013,0.14864864864864866,0.6256575981775919,0.6905539631843567,0.5686593850453695,0.637732982635498
The problem with DDPG: understanding failures in deterministic environments with sparse rewards | OpenReview,3,0.1283616366798136,0.1391304347826087,0.12376337616208505,0.1444043321299639,0.7133828401565552,0.7753022909164429,0.6647403240203857,0.7141447067260742
The Role of Embedding Complexity in Domain-invariant Representations | OpenReview,3,0.11396153427045876,0.12030075187969924,0.15486127671628921,0.17786561264822134,0.6777828534444174,0.7177207469940186,0.6324951847394308,0.6904708743095398
The Shape of Data: Intrinsic Distance for Data Distributions | OpenReview,3,0.11457061598224194,0.12867647058823528,0.14831548874102066,0.15315315315315314,0.40160273512204486,0.4637914299964905,0.48049386342366535,0.5351517200469971
The Sooner The Better: Investigating Structure of Early Winning Lottery Tickets | OpenReview,3,0.12724945305590465,0.13196480938416422,0.14053996498036062,0.16176470588235295,0.6351483861605326,0.6661858558654785,0.4909844398498535,0.5738615989685059
The Surprising Behavior Of Graph Neural Networks | OpenReview,3,0.11487645974805931,0.1415929203539823,0.1677595508054992,0.18085106382978725,0.6481014092763265,0.7087033987045288,0.6670458316802979,0.7258007526397705
The Usual Suspects? Reassessing Blame for VAE Posterior Collapse | OpenReview,3,0.11825680547653643,0.12454212454212454,0.1579810376156757,0.171875,0.6492182413736979,0.7485653162002563,0.7192817330360413,0.7446618676185608
The Variational Bandwidth Bottleneck: Stochastic Evaluation on an Information Budget | OpenReview,2,0.09795309168443497,0.1044776119402985,0.1303733013117056,0.1318267419962335,0.53184574842453,0.6621968746185303,0.4433136135339737,0.4834865629673004
The Variational InfoMax AutoEncoder | OpenReview,3,0.11406554076579266,0.12727272727272726,0.11597022551323627,0.14112903225806453,0.6422527035077413,0.7293240427970886,0.6256518165270487,0.6598778367042542
The Visual Task Adaptation Benchmark | OpenReview,3,0.1570933336459958,0.18620689655172415,0.14136028323903183,0.15476190476190477,0.7190222342809042,0.7854053378105164,0.6532465815544128,0.6833086013793945
Theory and Evaluation Metrics for Learning Disentangled Representations | OpenReview,3,0.1158884913405382,0.13452914798206278,0.17314267968296404,0.20444444444444446,0.6953097780545553,0.765661358833313,0.6505294839541117,0.72117680311203
Thieves on Sesame Street! Model Extraction of BERT-based APIs | OpenReview,3,0.11046493331972511,0.13615023474178403,0.17001006954277983,0.21962616822429906,0.5330489873886108,0.6542013883590698,0.6764775117238363,0.8167415857315063
Thinking While Moving: Deep Reinforcement Learning with Concurrent Control | OpenReview,3,0.1535689128281721,0.17117117117117117,0.11447281712072654,0.13291139240506328,0.7251995801925659,0.8393096923828125,0.5502241651217142,0.5938363075256348
Three-Head Neural Network Architecture for AlphaZero Learning | OpenReview,3,0.11436090952897675,0.14527027027027026,0.14708144470214343,0.1501597444089457,0.5627481043338776,0.6674556732177734,0.5932486057281494,0.6306568384170532
Thwarting finite difference adversarial attacks with output randomization | OpenReview,4,0.13744738968002435,0.1469387755102041,0.15783001737343055,0.18376068376068377,0.6792546659708023,0.7692559361457825,0.639596238732338,0.7223454117774963
Time2Vec: Learning a Vector Representation of Time | OpenReview,4,0.14788142051125708,0.18497109826589594,0.13603501945237437,0.17857142857142858,0.5234554037451744,0.5791729688644409,0.6425856053829193,0.7564669847488403
TinyBERT: Distilling BERT for Natural Language Understanding | OpenReview,3,0.145798430099529,0.17194570135746606,0.15637882205987863,0.1760299625468165,0.7010912895202637,0.790381669998169,0.7204907735188802,0.7916930317878723
"To Relieve Your Headache of Training an MRF, Take AdVIL | OpenReview",3,0.1104042379933252,0.12030075187969924,0.12019936020328048,0.1276595744680851,0.5290900270144144,0.601142168045044,0.5803902844587961,0.6620192527770996
Top-down training for neural networks | OpenReview,3,0.15065139263252472,0.16981132075471697,0.15140521756001693,0.15636363636363637,0.574674646059672,0.6169429421424866,0.4472431739171346,0.5088173151016235
Topic Models with Survival Supervision: Archetypal Analysis and Neural Approaches | OpenReview,3,0.15110273447358244,0.17424242424242425,0.16133426388003047,0.16996047430830039,0.7545241316159567,0.7724807262420654,0.621279776096344,0.6419825553894043
Topological Autoencoders | OpenReview,3,0.1332845149217288,0.15966386554621848,0.1215291794373427,0.14903846153846154,0.7418429652849833,0.753892183303833,0.6541562477747599,0.730032205581665
Topology-Aware Pooling via Graph Attention | OpenReview,3,0.1503974269848316,0.2011173184357542,0.16907615316646352,0.18134715025906736,0.6965985099474589,0.7748459577560425,0.6534258524576823,0.7468264102935791
Toward Amortized Ranking-Critical Training For Collaborative Filtering | OpenReview,3,0.11116615271809265,0.1657754010695187,0.13040908633009377,0.17177914110429449,0.7344983418782552,0.8099418878555298,0.6907181342442831,0.7519950866699219
Toward Evaluating Robustness of Deep Reinforcement Learning with Continuous Control | OpenReview,3,0.1118859261327501,0.11494252873563218,0.14716964825857748,0.1625615763546798,0.6174540917078654,0.6423490047454834,0.7339286804199219,0.7484009265899658
Toward Understanding Generalization of Over-parameterized Deep ReLU network trained with SGD in Student-teacher Setting | OpenReview,3,0.11465618392447662,0.12087912087912088,0.15829188185195253,0.17314487632508835,0.6570610205332438,0.7783839702606201,0.5925443172454834,0.646899938583374
Toward Understanding The Effect of Loss Function on The Performance of Knowledge Graph Embedding | OpenReview,4,0.14280825050216212,0.15873015873015872,0.1470094848907936,0.17427385892116182,0.4916141629219055,0.7419283986091614,0.44580909237265587,0.6363160610198975
Towards a Deep Network Architecture for Structured Smoothness | OpenReview,2,0.14602197628770394,0.15846994535519127,0.1106886354034643,0.1111111111111111,0.624195784330368,0.7430732250213623,0.6090998351573944,0.6832616329193115
Towards A Unified Min-Max Framework for Adversarial Exploration and Robustness | OpenReview,3,0.12099390846772051,0.1357615894039735,0.1400468227424749,0.16521739130434782,0.71312149365743,0.7588428258895874,0.6148430705070496,0.6552528738975525
Towards an Adversarially Robust Normalization Approach | OpenReview,3,0.14066554259109504,0.1638418079096045,0.16487003131289876,0.18316831683168316,0.779804547627767,0.8076828122138977,0.6891915798187256,0.747421383857727
Towards Better Understanding of Adaptive Gradient Algorithms in Generative Adversarial Nets | OpenReview,3,0.12127237079746146,0.13011152416356878,0.14639346740000442,0.1496437054631829,0.6231883764266968,0.7173347473144531,0.5191694895426432,0.6465233564376831
Towards Certified Defense for Unrestricted Adversarial Attacks | OpenReview,3,0.1605838043454901,0.1814516129032258,0.14772630268763967,0.16113744075829384,0.5876467923323313,0.6466107368469238,0.5734370847543081,0.6217967867851257
Towards Controllable and Interpretable Face Completion via Structure-Aware and Frequency-Oriented Attentive GANs | OpenReview,3,0.14337362086845107,0.16766467065868262,0.19204810781200043,0.20657276995305165,0.7577482461929321,0.7940235137939453,0.7904729843139648,0.823286771774292
Towards Disentangling Non-Robust and Robust Components in Performance Metric | OpenReview,3,0.10194166851246238,0.12323943661971831,0.1390075249135652,0.15656565656565657,0.47596556941668194,0.522351861000061,0.48303358753522235,0.5125778913497925
Towards Effective 2-bit Quantization: Pareto-optimal Bit Allocation for Deep CNNs Compression | OpenReview,3,0.1443038882196932,0.1828793774319066,0.11596225965599578,0.13537117903930132,0.6333948373794556,0.7055805921554565,0.3811708291371663,0.49727895855903625
Towards Fast Adaptation of Neural Architectures with Meta Learning | OpenReview,3,0.15316420867268324,0.1864406779661017,0.15366053049325282,0.15916955017301038,0.7794174154599508,0.7922561168670654,0.456045538187027,0.49467864632606506
TOWARDS FEATURE SPACE ADVERSARIAL ATTACK | OpenReview,3,0.14333065694933397,0.15873015873015872,0.1490447033459316,0.16532258064516128,0.6966742078463236,0.7424153685569763,0.6715657313664755,0.768007755279541
Towards Finding Longer Proofs | OpenReview,3,0.13351125947470474,0.13934426229508196,0.20055724849419343,0.21686746987951808,0.6004466513792673,0.7800763845443726,0.49325719475746155,0.6355909109115601
Towards Hierarchical Importance Attribution: Explaining Compositional Semantics for Neural Sequence Models | OpenReview,3,0.15065058001744128,0.17297297297297298,0.14174005296720701,0.1618798955613577,0.7233297228813171,0.7707787156105042,0.5842425425847372,0.6585942506790161
Towards Interpretable Evaluations: A Case Study of Named Entity Recognition | OpenReview,3,0.12640724177860327,0.1306122448979592,0.16240239552450875,0.20784313725490197,0.4733985463778178,0.5091214776039124,0.5728174448013306,0.5937932729721069
Towards Interpretable Molecular Graph Representation Learning | OpenReview,3,0.11053161495016454,0.11377245508982035,0.15083011867311916,0.15335463258785942,0.5858395298322042,0.7368087768554688,0.5799771944681803,0.7877582311630249
Towards Interpreting Deep Neural Networks via Understanding Layer Behaviors | OpenReview,3,0.12541813100732524,0.1415929203539823,0.1691824878099388,0.1715686274509804,0.5513405203819275,0.664670467376709,0.4854648510615031,0.5753880739212036
Towards Modular Algorithm Induction | OpenReview,3,0.13468401959005985,0.14429530201342283,0.17145767888801944,0.1902834008097166,0.5726185242335001,0.6091787815093994,0.6579433679580688,0.6836397647857666
Towards More Realistic Neural Network Uncertainties | OpenReview,3,0.14571899346054706,0.17421602787456447,0.16362513295149003,0.17985611510791366,0.5673018197218577,0.8199023604393005,0.545799603064855,0.6581383943557739
Towards neural networks that provably know when they don*t know | OpenReview,3,0.14403756177717567,0.16181229773462782,0.15028857759266354,0.19078947368421054,0.558293491601944,0.7045212984085083,0.5078013638655344,0.6110743284225464
Towards Physics-informed Deep Learning for Turbulent Flow Prediction | OpenReview,3,0.11951349310957234,0.13636363636363635,0.13978586929331696,0.15151515151515152,0.606354703505834,0.7172713279724121,0.5519464810689291,0.586220383644104
Towards Principled Objectives for Contrastive Disentanglement | OpenReview,3,0.1344968784964051,0.16019417475728157,0.15437266676212588,0.16040955631399317,0.4463149110476176,0.5462354421615601,0.5107989509900411,0.5520504713058472
Towards Scalable Imitation Learning for Multi-Agent Systems with Graph Neural Networks | OpenReview,3,0.11585481585481584,0.12222222222222222,0.1483316432468975,0.15555555555555556,0.5974113444487253,0.7131516933441162,0.6405930916468302,0.7689573764801025
Towards Simplicity in Deep Reinforcement Learning: Streamlined Off-Policy Learning | OpenReview,3,0.12141569142432891,0.12544802867383512,0.10068357049297451,0.10931174089068826,0.5776455998420715,0.6194651126861572,0.5943535963694254,0.6577941179275513
TOWARDS STABILIZING BATCH STATISTICS IN BACKWARD PROPAGATION OF BATCH NORMALIZATION | OpenReview,3,0.13229309269705203,0.15294117647058825,0.170185016358695,0.18972332015810275,0.6106783151626587,0.691239058971405,0.6104326446851095,0.6411886215209961
Towards Stable and comprehensive Domain Alignment: Max-Margin Domain-Adversarial Training | OpenReview,3,0.11712218134013097,0.13654618473895583,0.15995139008084783,0.17228464419475656,0.7442120313644409,0.8368281126022339,0.6892749071121216,0.6938660144805908
Towards Stable and Efficient Training of Verifiably Robust Neural Networks | OpenReview,3,0.1532149932092838,0.1717171717171717,0.1252981960052667,0.14285714285714285,0.631581723690033,0.7099187970161438,0.44574817021687824,0.47318047285079956
Towards trustworthy predictions from deep neural networks with fast adversarial calibration | OpenReview,3,0.128880637045173,0.1423076923076923,0.164034308211036,0.17704918032786884,0.5557262003421783,0.6961618661880493,0.5549218952655792,0.6271417140960693
Towards Understanding the Regularization of Adversarial Robustness on Neural Networks | OpenReview,3,0.13504819273864443,0.1674641148325359,0.15763201246351063,0.18604651162790697,0.7311505873998007,0.8115280270576477,0.6737967928250631,0.7479193210601807
Towards Understanding the Spectral Bias of Deep Learning | OpenReview,3,0.10545602207335997,0.11646586345381527,0.15245461468867094,0.16730038022813687,0.588783472776413,0.6828123331069946,0.635277529557546,0.69718337059021
Towards Understanding the Transferability of Deep Representations | OpenReview,3,0.1253927859998477,0.16822429906542055,0.1344116836594103,0.14659685863874344,0.5812561710675558,0.7371326088905334,0.6078361868858337,0.7561914920806885
Towards understanding the true loss surface of deep neural networks using random matrix theory and iterative spectral methods | OpenReview,3,0.11658893820257432,0.15018315018315018,0.14224235387676024,0.18382352941176472,0.6606340110301971,0.7753457427024841,0.6907637119293213,0.780540943145752
Towards Verified Robustness under Text Deletion Interventions | OpenReview,4,0.14500238653217656,0.17916666666666667,0.15851179893324713,0.17100371747211895,0.6503444164991379,0.710031270980835,0.570671871304512,0.6304824948310852
TPO: TREE SEARCH POLICY OPTIMIZATION FOR CONTINUOUS ACTION SPACES | OpenReview,3,0.12777525696595088,0.1450381679389313,0.17236941740583658,0.1843137254901961,0.7044207453727722,0.83871990442276,0.5063352982203165,0.5443634986877441
Training a Constrained Natural Media Painting Agent using Reinforcement Learning | OpenReview,3,0.11239237115912827,0.12386706948640483,0.14174717175798648,0.1506849315068493,0.6914358536402384,0.8103561401367188,0.6800688107808431,0.7166388034820557
Training binary neural networks with real-to-binary convolutions | OpenReview,4,0.15419923058403887,0.20761245674740483,0.1456055690324885,0.17586206896551723,0.5640647858381271,0.6539470553398132,0.5220079272985458,0.558708667755127
Training Data Distribution Search with Ensemble Active Learning | OpenReview,3,0.10914558692336469,0.13636363636363635,0.15815703195901026,0.16853932584269662,0.6723580161730448,0.7154540419578552,0.6261497139930725,0.6775645613670349
Training Deep Networks with Stochastic Gradient Normalized by Layerwise Adaptive Second Moments | OpenReview,3,0.13502334407573988,0.15073529411764705,0.1380464126563465,0.14832535885167464,0.5497795144716898,0.6121286153793335,0.5803279976050059,0.6454527378082275
Training Deep Neural Networks by optimizing over nonlocal paths in hyperparameter space | OpenReview,3,0.15475043221755821,0.19704433497536947,0.1366155823183236,0.15384615384615385,0.6325129667917887,0.737138032913208,0.6358744899431864,0.6654647588729858
Training Deep Neural Networks with Partially Adaptive Momentum | OpenReview,3,0.13654725500414022,0.15755627009646303,0.14447117671968077,0.16451612903225807,0.6699263652165731,0.7702332735061646,0.5100961526234945,0.5454416275024414
Training Generative Adversarial Networks from Incomplete Observations using Factorised Discriminators | OpenReview,3,0.1317954289444284,0.14553990610328638,0.14060834238180883,0.15963855421686746,0.6364073355992635,0.6810003519058228,0.5775973796844482,0.6187423467636108
Training individually fair ML models with sensitive subspace robustness | OpenReview,3,0.1348925218084097,0.15384615384615385,0.15913170072383512,0.16574585635359115,0.6319047609965006,0.6559947729110718,0.48761895298957825,0.570539653301239
Training Interpretable Convolutional Neural Networks towards Class-specific Filters | OpenReview,3,0.13193247985961554,0.135678391959799,0.13390929679168764,0.14220183486238533,0.6336361567179362,0.7078693509101868,0.42330652475357056,0.5411362648010254
Training Neural Networks for and by Interpolation | OpenReview,4,0.13941399207655428,0.16037735849056603,0.1677415218729801,0.19642857142857142,0.4382755532860756,0.5827298164367676,0.6415117979049683,0.6826826333999634
Training Provably Robust Models by Polyhedral Envelope Regularization | OpenReview,3,0.12743298330736577,0.13857677902621723,0.11697590953785646,0.1375,0.6069845159848531,0.6959347724914551,0.4680918554464976,0.5252480506896973
Training Recurrent Neural Networks Online by Learning Explicit State Variables | OpenReview,3,0.13803545644152093,0.15867158671586715,0.17083187645687645,0.178125,0.6368897557258606,0.6998853087425232,0.5612399776776632,0.6135284900665283
Trajectory growth through random deep ReLU networks | OpenReview,3,0.16330026340720258,0.19270833333333334,0.14742733294880536,0.1794871794871795,0.6251937945683798,0.6733351945877075,0.5245399276415507,0.6316872239112854
Trajectory representation learning for Multi-Task NMRDPs planning | OpenReview,3,0.13205104774844997,0.16292134831460675,0.1667322902285108,0.1774193548387097,0.702031155427297,0.7691285610198975,0.6624491810798645,0.6781067252159119
Tranquil Clouds: Neural Networks for Learning Temporally Coherent Features in Point Clouds | OpenReview,3,0.1571815373762864,0.17040358744394618,0.13072076209741926,0.14746543778801843,0.6685370405515035,0.7227678894996643,0.5018593271573385,0.5575062036514282
Transfer Active Learning For Graph Neural Networks | OpenReview,3,0.1405605890564695,0.15546218487394958,0.14140009505863163,0.15121951219512195,0.6786282261212667,0.6985939145088196,0.5346969962120056,0.537534773349762
Transfer Alignment Network for Double Blind Unsupervised Domain Adaptation | OpenReview,3,0.13866341167750879,0.1529051987767584,0.1591833373665672,0.18012422360248448,0.6359082063039144,0.722688615322113,0.6649776697158813,0.695144534111023
Transferable Perturbations of Deep Feature Distributions | OpenReview,3,0.13460692085242265,0.14982578397212543,0.15902257563662683,0.1708185053380783,0.542133092880249,0.6263706684112549,0.5142892003059387,0.6439969539642334
Transferable Recognition-Aware Image Processing | OpenReview,3,0.12087057730902684,0.13333333333333333,0.15427789647748388,0.16666666666666666,0.6115063826243082,0.6464768052101135,0.6510109901428223,0.6587115526199341
Transferring Optimality Across Data Distributions via Homotopy Methods | OpenReview,3,0.10729589598245022,0.10894941634241245,0.12309135486621896,0.16,0.6004324356714884,0.6826895475387573,0.5098991096019745,0.5959382057189941
Transformer-XH: Multi-hop question answering with eXtra Hop attention | OpenReview,3,0.1094511910417098,0.12280701754385964,0.13133796146932128,0.13836477987421383,0.4808137019475301,0.536353349685669,0.5277775526046753,0.5993551015853882
Transition Based Dependency Parser for Amharic Language Using Deep Learning | OpenReview,3,0.13668570521739087,0.1588785046728972,0.1989439909520063,0.2634146341463415,0.7360623478889465,0.7844008207321167,0.7724865873654684,0.8113617300987244
"Translation Between Waves, wave2wave | OpenReview",3,0.13670745825197375,0.16355140186915887,0.14792566171068217,0.18497109826589594,0.4745578467845917,0.5231581926345825,0.5787801047166189,0.6614574193954468
Tree-Structured Attention with Hierarchical Accumulation | OpenReview,3,0.12899132035274233,0.14345991561181434,0.1331890331890332,0.15789473684210525,0.5650515556335449,0.7004517912864685,0.6282923817634583,0.727886438369751
TreeCaps: Tree-Structured Capsule Networks for Program Source Code Processing | OpenReview,3,0.11709349795877726,0.12,0.1438285570638512,0.16289592760180996,0.611616055170695,0.6884371042251587,0.5917640725771586,0.671984076499939
TriMap: Large-scale Dimensionality Reduction Using Triplets | OpenReview,3,0.16656565887877095,0.1822429906542056,0.1642791758035341,0.19578313253012047,0.5819591085116068,0.6210242509841919,0.48145467042922974,0.6110926270484924
"Triple Wins: Boosting Accuracy, Robustness and Efficiency Together by Enabling Input-Adaptive Inference | OpenReview",3,0.1785943419455517,0.1943127962085308,0.1482633517950786,0.16605166051660517,0.710799515247345,0.7132089138031006,0.571277379989624,0.6268670558929443
TrojanNet: Exposing the Danger of Trojan Horse Attack on Neural Networks | OpenReview,3,0.12830379608357947,0.14772727272727273,0.11249757515005228,0.12449799196787148,0.5866092046101888,0.6845024824142456,0.526859720547994,0.5915225148200989
Truth or backpropaganda? An empirical investigation of deep learning theory | OpenReview,3,0.1640951700317508,0.16932907348242812,0.18389732130308908,0.20398009950248755,0.6235781311988831,0.6476658582687378,0.6589569449424744,0.7454289793968201
TSInsight: A local-global attribution framework for interpretability in time-series data | OpenReview,3,0.1649140889491096,0.16822429906542055,0.12691425686035704,0.1392857142857143,0.6672574877738953,0.7613706588745117,0.5553386509418488,0.6495055556297302
TWIN GRAPH CONVOLUTIONAL NETWORKS: GCN WITH DUAL GRAPH SUPPORT FOR SEMI-SUPERVISED LEARNING | OpenReview,3,0.14709157766795614,0.18478260869565216,0.18475744728271057,0.21568627450980393,0.7179702321688334,0.7535504102706909,0.5599316755930582,0.6250573396682739
TWO-STEP UNCERTAINTY NETWORK FOR TASKDRIVEN SENSOR PLACEMENT | OpenReview,2,0.09965524671407025,0.10407239819004525,0.15247088092276379,0.1589958158995816,0.479788675904274,0.5445520877838135,0.6811361312866211,0.7537568807601929
U-GAT-IT: Unsupervised Generative Attentional Networks with Adaptive Layer-Instance Normalization for Image-to-Image Translation | OpenReview,3,0.11081553913227175,0.1457286432160804,0.14404814986309045,0.16374269005847952,0.6998960773150126,0.7599626183509827,0.7123346924781799,0.7883461713790894
Unaligned Image-to-Sequence Transformation with Loop Consistency | OpenReview,3,0.1417757885763001,0.17058823529411765,0.15241945315859698,0.17277486910994763,0.554144024848938,0.5591986179351807,0.6266730626424154,0.6367573738098145
Unbiased Contrastive Divergence Algorithm for Training Energy-Based Latent Variable Models | OpenReview,3,0.14130983376820175,0.16170212765957448,0.15458687736375207,0.17266187050359713,0.6655186812082926,0.7373232841491699,0.6654508511225382,0.7344828844070435
Uncertainty - sensitive learning and planning with ensembles | OpenReview,3,0.13705730130489002,0.14285714285714285,0.11661286314527179,0.13043478260869565,0.558525542418162,0.6901628971099854,0.5434869527816772,0.6473817825317383
Uncertainty-Aware Prediction for Graph Neural Networks | OpenReview,3,0.12364662246164126,0.1507537688442211,0.12662457388094916,0.148014440433213,0.7471369703610738,0.8086627721786499,0.7011369864145914,0.7610121965408325
Uncertainty-guided Continual Learning with Bayesian Neural Networks | OpenReview,3,0.1425749445835529,0.1657754010695187,0.17260296972502723,0.18972332015810275,0.6938606301943461,0.7510205507278442,0.41216713190078735,0.43810442090034485
Under what circumstances do local codes emerge in feed-forward neural networks | OpenReview,4,0.1206801333308545,0.14903846153846154,0.1320792690791595,0.1595744680851064,0.6150016039609909,0.7050487399101257,0.5719715133309364,0.737865686416626
Undersensitivity in Neural Reading Comprehension | OpenReview,3,0.09935592862422131,0.10975609756097561,0.1267823593674987,0.13815789473684212,0.6248180965582529,0.744377851486206,0.5938758154710134,0.679978609085083
Understanding and Improving Information Transfer in Multi-Task Learning | OpenReview,3,0.1258102485684083,0.13089005235602094,0.12154757135960721,0.13975155279503104,0.6330007314682007,0.6942881345748901,0.3913481930891673,0.4931134879589081
Understanding and Improving Transformer From a Multi-Particle Dynamic System Point of View | OpenReview,3,0.09978592183289596,0.10097719869706841,0.1404492126173559,0.1601423487544484,0.5861002206802368,0.6382034420967102,0.4412343700726827,0.48025158047676086
Understanding and Robustifying Differentiable Architecture Search | OpenReview,3,0.11875292298658784,0.12807881773399016,0.12374792220514108,0.15436241610738255,0.6168203155199686,0.7175160646438599,0.5589264035224915,0.7006182670593262
Understanding and Stabilizing GANs* Training Dynamics with Control Theory | OpenReview,3,0.14970608663664475,0.17587939698492464,0.17609165483376002,0.19631901840490798,0.7614189585049947,0.7945732474327087,0.6978718439737955,0.7182945013046265
Understanding Architectures Learnt by Cell-based Neural Architecture Search | OpenReview,3,0.11803092743791749,0.13074204946996468,0.15631004395986156,0.16501650165016502,0.6452264388402303,0.6627413034439087,0.5055799384911855,0.5958753824234009
Understanding Generalization in Recurrent Neural Networks | OpenReview,3,0.13643720328010359,0.15625,0.13882457713558471,0.15841584158415842,0.6036447783311208,0.7640119791030884,0.597095807393392,0.63551926612854
Understanding Isomorphism Bias in Graph Data Sets | OpenReview,4,0.1261439582962039,0.16022099447513813,0.12749307408386906,0.15060240963855423,0.7088147103786469,0.8092513084411621,0.6893210262060165,0.7420501708984375
Understanding Knowledge Distillation in Non-autoregressive Machine Translation | OpenReview,3,0.12755001219720744,0.14009661835748793,0.14923233797079563,0.15303430079155672,0.7596140503883362,0.7797884941101074,0.6835838158925375,0.7318682670593262
"Understanding l4-based Dictionary Learning: Interpretation, Stability, and Robustness | OpenReview",2,0.1289456609894566,0.14233576642335766,0.15370077355836848,0.1597222222222222,0.6288772225379944,0.6675684452056885,0.3411453068256378,0.3954946994781494
Understanding the functional and structural differences across excitatory and inhibitory neurons | OpenReview,3,0.14139978620275595,0.16176470588235295,0.14335753908597978,0.18811881188118812,0.5749786694844564,0.6051465272903442,0.590184489885966,0.6203972697257996
Understanding the Limitations of Conditional Generative Models | OpenReview,3,0.14672749302022292,0.18407960199004975,0.15937631012818984,0.1683673469387755,0.7181517680486044,0.7728959321975708,0.6824212869008383,0.7051504850387573
Understanding the Limitations of Variational Mutual Information Estimators | OpenReview,3,0.13388448799017905,0.145,0.1381368811884934,0.143646408839779,0.6385316650072733,0.6870028972625732,0.6332518259684244,0.7108845114707947
Understanding Top-k Sparsification in Distributed Deep Learning | OpenReview,3,0.10953403981253083,0.12048192771084337,0.11691525920021788,0.12796208530805686,0.6276747783025106,0.6687326431274414,0.7107085585594177,0.7558408975601196
Understanding Why Neural Networks Generalize Well Through GSNR of Parameters | OpenReview,3,0.1147415794008741,0.1297071129707113,0.11714453290258069,0.125,0.6842451294263204,0.8171053528785706,0.6860367655754089,0.8026442527770996
Underwhelming Generalization Improvements From Controlling Feature Attribution | OpenReview,3,0.12319341197654243,0.14937759336099585,0.12445523098788931,0.1504424778761062,0.46055837472279865,0.48480263352394104,0.49981390436490375,0.5272477865219116
Unified Probabilistic Deep Continual Learning through Generative Replay and Open Set Recognition | OpenReview,3,0.11630888491353608,0.12937062937062938,0.13219124358192205,0.1382636655948553,0.6171662410100301,0.6517626047134399,0.6122830311457316,0.6321682929992676
Unified recurrent network for many feature types | OpenReview,3,0.08205148703763662,0.12465373961218837,0.07880224186194336,0.09850746268656717,0.3106721093257268,0.5435852408409119,0.2908049648006757,0.545831561088562
Unifying Graph Convolutional Networks as Matrix Factorization | OpenReview,3,0.1145203888683356,0.12867647058823528,0.12318985323771876,0.12992125984251968,0.6181520422299703,0.704727292060852,0.5612791776657104,0.7155377268791199
Unifying Graph Convolutional Neural Networks and Label Propagation | OpenReview,3,0.1555214875025558,0.19909502262443438,0.1725238837980113,0.19021739130434784,0.6292537053426107,0.7772919535636902,0.7453428506851196,0.8408868908882141
"Unifying Question Answering, Text Classification, and Regression via Span Extraction | OpenReview",3,0.1716533988704818,0.19004524886877827,0.20731617790441323,0.23376623376623376,0.6123282810052236,0.7184005975723267,0.5355208118756613,0.6508409976959229
UNITER: Learning UNiversal Image-TExt Representations | OpenReview,3,0.1418547026628262,0.15517241379310345,0.17382424756050127,0.1926605504587156,0.6399220625559489,0.7400929927825928,0.6672309041023254,0.7242493033409119
Universal Adversarial Attack Using Very Few Test Examples | OpenReview,3,0.13523297600950918,0.16037735849056603,0.1672722678919347,0.21962616822429906,0.6729656656583151,0.6869271397590637,0.6981410384178162,0.7425273656845093
Universal Approximation with Certified Networks | OpenReview,3,0.10553479777860793,0.12286689419795221,0.14760459234752168,0.17684887459807075,0.6111801664034525,0.6594756245613098,0.6284863750139872,0.7187913656234741
Universal Approximation with Deep Narrow Networks | OpenReview,3,0.14431077649468452,0.14814814814814814,0.1650924945313337,0.17768595041322313,0.6633699933687845,0.767869234085083,0.6636100808779398,0.6952522993087769
Universal approximations of permutation invariant/equivariant functions by deep neural networks | OpenReview,3,0.16988434246228412,0.18152866242038215,0.20147426318769504,0.22672064777327935,0.6888087590535482,0.759132444858551,0.7561353445053101,0.8243553638458252
Universal Learning Approach for Adversarial Defense | OpenReview,3,0.15472273515751778,0.19254658385093168,0.1578448049815077,0.1783783783783784,0.7733005285263062,0.8484575748443604,0.6571002801259359,0.7228645086288452
UNIVERSAL MODAL EMBEDDING OF DYNAMICS IN VIDEOS AND ITS APPLICATIONS | OpenReview,3,0.13842259094383738,0.16,0.17124469780822646,0.17784256559766765,0.6024542450904846,0.6690331697463989,0.5533295273780823,0.6093266010284424
Universal Safeguarded Learned Convex Optimization with Guaranteed Convergence | OpenReview,3,0.11060529925029572,0.13145539906103287,0.15330370406364102,0.17647058823529413,0.5644544561704,0.5968295931816101,0.6021143595377604,0.6532326936721802
Unknown-Aware Deep Neural Network | OpenReview,3,0.11079853349590192,0.12946428571428573,0.11435547336256917,0.1386861313868613,0.5720485349496206,0.6492747068405151,0.39899863799413043,0.45428311824798584
UNPAIRED POINT CLOUD COMPLETION ON REAL SCANS USING ADVERSARIAL TRAINING | OpenReview,3,0.16272432072181062,0.16883116883116883,0.13207652653506222,0.14418604651162792,0.7410659392674764,0.7594611644744873,0.7127908070882162,0.7580488920211792
Unrestricted Adversarial Examples via Semantic Manipulation | OpenReview,3,0.11962236746550471,0.13,0.14141900984006248,0.15384615384615385,0.6891311407089233,0.7187759876251221,0.5982287526130676,0.6062813401222229
Unsupervised Clustering using Pseudo-semi-supervised Learning | OpenReview,3,0.14755881480896338,0.16049382716049382,0.16136380927260088,0.17985611510791366,0.6754532059033712,0.7396901249885559,0.6229760448137919,0.6622498035430908
Unsupervised Data Augmentation for Consistency Training | OpenReview,3,0.15743099134572003,0.16071428571428573,0.15816262494641126,0.171875,0.74490753809611,0.8121131658554077,0.6844288309415182,0.7375439405441284
"Unsupervised Disentanglement of Pose, Appearance and Background from Images and Videos | OpenReview",3,0.13743876192478252,0.14084507042253522,0.17809425840515672,0.20284697508896798,0.6626614332199097,0.706487774848938,0.5160753428936005,0.5993355512619019
Unsupervised Distillation of Syntactic Information from Contextualized Word Representations | OpenReview,4,0.12574911415508627,0.16205533596837945,0.14730621143017875,0.17647058823529413,0.5890078246593475,0.6983306407928467,0.6559985280036926,0.7369289398193359
Unsupervised Domain Adaptation through Self-Supervision | OpenReview,3,0.15087337245552906,0.15609756097560976,0.15880866792196843,0.1989795918367347,0.7052391370137533,0.7598085403442383,0.6934492190678915,0.7602849006652832
Unsupervised domain adaptation with imputation | OpenReview,3,0.12392327932419332,0.13333333333333333,0.16428597013703397,0.18506493506493507,0.5756904085477194,0.6356900930404663,0.6035483876864115,0.6090297102928162
Unsupervised Few Shot Learning via Self-supervised Training | OpenReview,3,0.1513805139296878,0.18536585365853658,0.15549538007609284,0.16666666666666666,0.6900226672490438,0.7387517094612122,0.4560387233893077,0.5033706426620483
Unsupervised Generative 3D Shape Learning from Natural Images | OpenReview,3,0.11807863536067796,0.12368421052631579,0.12182358149809935,0.12374581939799331,0.6484667857487997,0.6902893781661987,0.6558510859807333,0.7511556148529053
Unsupervised Hierarchical Graph Representation Learning with Variational Bayes | OpenReview,3,0.13810493029136484,0.1459227467811159,0.14743009892263623,0.1590909090909091,0.7040776213010153,0.7668784260749817,0.6439498662948608,0.7544522881507874
Unsupervised Intuitive Physics from Past Experiences | OpenReview,3,0.12892375809343412,0.13702623906705538,0.1435153298711651,0.14802631578947367,0.501712292432785,0.5318210124969482,0.5202625691890717,0.5947905778884888
Unsupervised Learning of Automotive 3D Crash Simulations using LSTMs | OpenReview,3,0.10426943568609941,0.1305732484076433,0.13272413053725493,0.1526479750778816,0.6533042788505554,0.7211460471153259,0.6104104816913605,0.7237412929534912
Unsupervised Learning of Efficient and Robust Speech Representations | OpenReview,3,0.15322633180955378,0.17391304347826086,0.15941610607270204,0.17735849056603772,0.5696271459261576,0.5892366170883179,0.5412454803784689,0.5531465411186218
Unsupervised Learning of Graph Hierarchical Abstractions with Differentiable Coarsening and Optimal Transport | OpenReview,3,0.13495717468057875,0.1440677966101695,0.12946877867433973,0.13679245283018868,0.5205264091491699,0.5726459622383118,0.5852251847585043,0.6189296245574951
Unsupervised Learning of Node Embeddings by Detecting Communities | OpenReview,3,0.11047389316046032,0.13090909090909092,0.16434554966885662,0.18181818181818182,0.6073459188143412,0.6686837673187256,0.6468209425608317,0.7564476132392883
Unsupervised Meta-Learning for Reinforcement Learning | OpenReview,3,0.13022027905198777,0.1640625,0.12884211783643731,0.13671875,0.616122325261434,0.6363424062728882,0.6497022112210592,0.6671504378318787
Unsupervised Model Selection for Variational Disentangled Representation Learning | OpenReview,3,0.14453467747125223,0.1542056074766355,0.15043475501396295,0.16826923076923078,0.7316829363505045,0.8062846660614014,0.7058224479357401,0.7306615710258484
Unsupervised Out-of-Distribution Detection with Batch Normalization | OpenReview,3,0.1444967182224464,0.17613636363636365,0.12293146931930203,0.15151515151515152,0.5701770782470703,0.6449213624000549,0.5797712206840515,0.6730465888977051
Unsupervised Progressive Learning and the STAM Architecture | OpenReview,3,0.14535626736417628,0.1696113074204947,0.13910529652217632,0.14743589743589744,0.6855851610501608,0.7199565172195435,0.39609473943710327,0.4761580526828766
Unsupervised Representation Learning by Predicting Random Distances | OpenReview,3,0.14278074413085853,0.15666666666666668,0.12253592712719293,0.12949640287769784,0.6188010176022848,0.6942969560623169,0.472972830136617,0.5652593374252319
Unsupervised Spatiotemporal Data Inpainting | OpenReview,3,0.14301597658338544,0.15671641791044777,0.11860762053462255,0.13679245283018868,0.6335130333900452,0.6786354780197144,0.4696734348932902,0.5137946605682373
Unsupervised Temperature Scaling: Robust Post-processing Calibration for Domain Shift | OpenReview,3,0.16570841599239164,0.19827586206896552,0.10265169378586396,0.1256544502617801,0.5054685374101003,0.5378761291503906,0.495798259973526,0.5275384187698364
Unsupervised Universal Self-Attention Network for Graph Classification | OpenReview,3,0.12908706874224116,0.13026819923371646,0.14193780360733207,0.15486725663716813,0.6630450884501139,0.7918616533279419,0.6765504479408264,0.7723222970962524
Unsupervised-Learning of time-varying features | OpenReview,3,0.1422348484848485,0.15625,0.13731484809512348,0.15517241379310345,0.5716257194677988,0.6390678882598877,0.587225337823232,0.7618063688278198
Using Explainabilty to Detect Adversarial Attacks | OpenReview,4,0.12799184506176636,0.17415730337078653,0.10721008922194109,0.13333333333333333,0.6580326706171036,0.736859917640686,0.5450488328933716,0.6258880496025085
Using Hindsight to Anchor Past Knowledge in Continual Learning | OpenReview,3,0.14371052077781235,0.2087378640776699,0.1303781168102776,0.16080402010050251,0.6603725353876749,0.7435880899429321,0.6196784873803457,0.7594972848892212
Using Logical Specifications of Objectives in Multi-Objective Reinforcement Learning | OpenReview,3,0.13698339336820786,0.15454545454545454,0.15981502234250997,0.17647058823529413,0.527448296546936,0.5429983735084534,0.600107749303182,0.6437588930130005
Using Objective Bayesian Methods to Determine the Optimal Degree of Curvature within the Loss Landscape | OpenReview,3,0.11926375029823306,0.1330049261083744,0.15431040837387586,0.17669172932330826,0.5778462886810303,0.6376723051071167,0.5586804151535034,0.572640061378479
Utilizing Edge Features in Graph Neural Networks via Variational Information Maximization | OpenReview,4,0.16948305072250408,0.21568627450980393,0.15769511169280115,0.17314487632508835,0.7348345965147018,0.8275096416473389,0.6130977123975754,0.6751264333724976
UW-NET: AN INCEPTION-ATTENTION NETWORK FOR UNDERWATER IMAGE CLASSIFICATION | OpenReview,3,0.12347686600972663,0.13504823151125403,0.16352648243816842,0.17288135593220338,0.7574747999509176,0.8263075351715088,0.654474119345347,0.6964714527130127
UWGAN: UNDERWATER GAN FOR REAL-WORLD UNDERWATER COLOR RESTORATION AND DEHAZING | OpenReview,3,0.116770404383479,0.12213740458015267,0.14689922523252943,0.16560509554140126,0.6972356041272482,0.7813776135444641,0.7388068437576294,0.7820889949798584
V-MPO: On-Policy Maximum a Posteriori Policy Optimization for Discrete and Continuous Control | OpenReview,3,0.09846651733609525,0.10569105691056911,0.11625127986425558,0.16243654822335024,0.6388496359189352,0.7008643746376038,0.5375729203224182,0.6616722941398621
V1Net: A computational model of cortical horizontal connections | OpenReview,3,0.13175955944678588,0.14798206278026907,0.15451573236486965,0.18012422360248448,0.623579740524292,0.7008702754974365,0.5814327398935953,0.5867540836334229
V4D: 4D Covolutional Neural Networks for Video-level Representations Learning | OpenReview,3,0.13900994879970566,0.1625,0.15822525652407946,0.18289085545722714,0.7202023466428121,0.7391791343688965,0.6683672666549683,0.7048274874687195
VAENAS: Sampling Matters in Neural Architecture Search | OpenReview,3,0.12603607981108933,0.1506849315068493,0.1621130273380164,0.19387755102040816,0.4712386926015218,0.5064467191696167,0.5622445344924927,0.6131763458251953
Value-Driven Hindsight Modelling | OpenReview,3,0.11763249034409862,0.12853470437017994,0.10377917891280292,0.11484593837535013,0.7405135631561279,0.7629727721214294,0.5558125972747803,0.6136744022369385
Variable Complexity in the Univariate and Multivariate Structural Causal Model | OpenReview,3,0.1510819243803537,0.16216216216216217,0.16763705053089972,0.18502202643171806,0.42564066251118976,0.48991459608078003,0.5160797635714213,0.5902395248413086
Variance Reduced Local SGD with Lower Communication Complexity | OpenReview,3,0.12641764030022987,0.13765182186234817,0.16552495925600072,0.17391304347826086,0.6602076888084412,0.749758243560791,0.6802356839179993,0.8131622076034546
Variance Reduction With Sparse Gradients | OpenReview,3,0.12602203469850073,0.144,0.12365095247503298,0.14883720930232558,0.5836306711037954,0.6363071203231812,0.466299573580424,0.49552851915359497
Variational Autoencoders for Highly Multivariate Spatial Point Processes Intensities | OpenReview,3,0.10910950463032239,0.1402439024390244,0.1426338278315135,0.16176470588235295,0.608591894308726,0.6800655126571655,0.5867477456728617,0.6448591947555542
Variational Autoencoders for Opponent Modeling in Multi-Agent Systems | OpenReview,3,0.11163684449201057,0.12560386473429952,0.14596964616534247,0.15048543689320387,0.591315507888794,0.6455057859420776,0.675272544225057,0.7271357178688049
Variational Autoencoders with Normalizing Flow Decoders | OpenReview,3,0.13458974271022703,0.1608695652173913,0.1772296903875851,0.2222222222222222,0.6525651812553406,0.7345514893531799,0.6429441769917806,0.7274222373962402
Variational Constrained Reinforcement Learning with Application to Planning at Roundabout | OpenReview,3,0.13871534969304244,0.15668202764976957,0.14955498148055738,0.15736040609137056,0.5878851612408956,0.6190478801727295,0.5139680604139963,0.5622063875198364
Variational Diffusion Autoencoders with Random Walk Sampling | OpenReview,3,0.12157026836829793,0.13877551020408163,0.1573005684532942,0.18930041152263374,0.6752329071362814,0.7025052309036255,0.6140374342600504,0.6419100761413574
Variational Hashing-based Collaborative Filtering with Self-Masking | OpenReview,3,0.14925268421797425,0.1552511415525114,0.14139810806477474,0.1619047619047619,0.8004747629165649,0.8434861302375793,0.681708296140035,0.7291816473007202
Variational Hetero-Encoder Randomized GANs for Joint Image-Text Modeling | OpenReview,3,0.13125114363150633,0.14903846153846154,0.155491016280702,0.1709090909090909,0.7122758428255717,0.7882096767425537,0.5390217502911886,0.5775741934776306
Variational Hyper RNN for Sequence Modeling | OpenReview,3,0.11664741300573052,0.13656387665198239,0.14697276445273724,0.15613382899628253,0.5053977370262146,0.5177147388458252,0.5387043158213297,0.5665624141693115
Variational Information Bottleneck for Unsupervised Clustering: Deep Gaussian Mixture Embedding | OpenReview,3,0.10414711344943904,0.13023255813953488,0.15554302422723473,0.19,0.600387970606486,0.658907413482666,0.6111059784889221,0.7278236150741577
Variational pSOM: Deep Probabilistic Clustering with Self-Organizing Maps | OpenReview,3,0.11925284771391897,0.12269938650306748,0.12199627849707147,0.13074204946996468,0.48274196187655133,0.6264611482620239,0.6143346826235453,0.6352385878562927
Variational Recurrent Models for Solving Partially Observable Control Tasks | OpenReview,3,0.12166789005790718,0.14754098360655737,0.14539824444039004,0.1482758620689655,0.6143255233764648,0.7683218121528625,0.580570916334788,0.6247553825378418
Variational Template Machine for Data-to-Text Generation | OpenReview,3,0.13988657962718004,0.14893617021276595,0.18923179624114206,0.205607476635514,0.49789244929949444,0.6294623017311096,0.542959729830424,0.7309355735778809
VariBAD: A Very Good Method for Bayes-Adaptive Deep RL via Meta-Learning | OpenReview,4,0.1337436412846761,0.14634146341463414,0.1557646027609399,0.16759776536312848,0.6469530984759331,0.7567943334579468,0.6245775818824768,0.6555932760238647
Verification of Generative-Model-Based Visual Transformations | OpenReview,3,0.12788295115476253,0.14622641509433962,0.12184051570463476,0.15023474178403756,0.5778993566830953,0.6066651344299316,0.560661792755127,0.6769521832466125
Versatile Anomaly Detection with Outlier Preserving Distribution Mapping Autoencoders | OpenReview,3,0.09776791613159445,0.10658307210031348,0.15437559463737807,0.17366946778711484,0.5280287166436514,0.6164759397506714,0.646745522816976,0.7452220916748047
Vid2Game: Controllable Characters Extracted from Real-World Videos | OpenReview,3,0.11880979716800612,0.1346153846153846,0.13328965415891056,0.15254237288135594,0.5419653058052063,0.6365776658058167,0.5344739158948263,0.5913429260253906
VIDEO AFFECTIVE IMPACT PREDICTION WITH MULTIMODAL FUSION AND LONG-SHORT TEMPORAL CONTEXT | OpenReview,3,0.1619550698239223,0.20444444444444446,0.1427410000172907,0.16818181818181818,0.6291535894076029,0.7620313167572021,0.5599168439706167,0.649840772151947
VideoFlow: A Conditional Flow-Based Model for Stochastic Video Generation | OpenReview,3,0.111310217517664,0.12605042016806722,0.1489313073370304,0.17475728155339806,0.6572448213895162,0.7039777040481567,0.5384629666805267,0.6036489009857178
VILD: Variational Imitation Learning with Diverse-quality Demonstrations | OpenReview,3,0.1502606891334031,0.1696113074204947,0.18185879072544253,0.2217573221757322,0.47439368565877277,0.5169602036476135,0.6926223238309225,0.7699907422065735
VIMPNN: A physics informed neural network for estimating potential energies of out-of-equilibrium systems | OpenReview,3,0.1019690121046641,0.1134020618556701,0.09410013074960427,0.10756972111553785,0.6293972333272299,0.7187097072601318,0.5199217995007833,0.5353676080703735
Visual Explanation for Deep Metric Learning | OpenReview,3,0.13189204260601237,0.15454545454545454,0.15320478615461977,0.17355371900826447,0.5622301896413168,0.5924074053764343,0.6756580273310343,0.7119407653808594
Visual Hide and Seek | OpenReview,3,0.13498635433956865,0.16666666666666666,0.15888242669081284,0.18430034129692832,0.5796720782915751,0.6451092958450317,0.6417534152666727,0.6761250495910645
Visual Imitation with Reinforcement Learning using Recurrent Siamese Networks | OpenReview,3,0.13448324619131724,0.13861386138613863,0.15908585252108895,0.19662921348314608,0.5357789595921835,0.7047542929649353,0.5316582719484965,0.6488404870033264
Visual Interpretability Alone Helps Adversarial Robustness | OpenReview,3,0.1464488890079663,0.15348837209302327,0.1711139995522916,0.17488789237668162,0.6960436105728149,0.737865149974823,0.6867736180623373,0.7427492737770081
Visual Representation Learning with 3D View-Constrastive Inverse Graphics Networks | OpenReview,4,0.1412842414868586,0.15210355987055016,0.09697629519270837,0.11036789297658862,0.6857488006353378,0.8316928148269653,0.5081747174263,0.5468976497650146
VL-BERT: Pre-training of Generic Visual-Linguistic Representations | OpenReview,3,0.12893761513414295,0.14705882352941177,0.18586748942166276,0.1972318339100346,0.7320554653803507,0.789287805557251,0.6462377309799194,0.6692498922348022
vq-wav2vec: Self-Supervised Learning of Discrete Speech Representations | OpenReview,4,0.14878155278184885,0.18309859154929578,0.15041234856411345,0.15675675675675677,0.7290617227554321,0.7465060949325562,0.6186086386442184,0.6560332179069519
"Walking on the Edge: Fast, Low-Distortion Adversarial Examples | OpenReview",3,0.12268918313823322,0.14814814814814814,0.13266360921026235,0.13793103448275862,0.6632788976033529,0.7251418232917786,0.6702364087104797,0.7410693168640137
Walking the Tightrope: An Investigation of the Convolutional Autoencoder Bottleneck | OpenReview,3,0.14470870652787862,0.1568627450980392,0.110347565743586,0.11739130434782609,0.6899639368057251,0.7818255424499512,0.4905036191145579,0.5280457139015198
Wasserstein Adversarial Regularization (WAR) on label noise | OpenReview,3,0.12801130522346185,0.13973799126637554,0.17355771115030372,0.18106995884773663,0.5241467356681824,0.6153976917266846,0.6125871737798055,0.6843606233596802
Wasserstein Robust Reinforcement Learning | OpenReview,3,0.12724365524168127,0.14457831325301204,0.14830167941670003,0.1510574018126888,0.7094191710154215,0.7856295108795166,0.4810854693253835,0.5664381980895996
Wasserstein-Bounded Generative Adversarial Networks | OpenReview,3,0.09988695758202466,0.10600706713780919,0.10898797509676171,0.11297071129707113,0.7217161258061727,0.748854398727417,0.691723903020223,0.7323901057243347
Watch the Unobserved: A Simple Approach to Parallelizing Monte Carlo Tree Search | OpenReview,3,0.10476494486905437,0.12040133779264214,0.11608452977561064,0.13768115942028986,0.5248968402544657,0.5602627396583557,0.7202529112497965,0.7433072328567505
"Watch, Try, Learn: Meta-Learning from Demonstrations and Rewards | OpenReview",3,0.12205792091933927,0.15172413793103448,0.15349610669102473,0.18081180811808117,0.7395118673642477,0.7781034708023071,0.5166196922461191,0.563852071762085
WaveFlow: A Compact Flow-based Model for Raw Audio | OpenReview,3,0.1232404554556667,0.14035087719298245,0.12125401787085499,0.12682926829268293,0.5972490509351095,0.7397711277008057,0.3962919811407725,0.5081089735031128
Way Off-Policy Batch Deep Reinforcement Learning of Human Preferences in Dialog | OpenReview,3,0.1330162241690392,0.14285714285714285,0.16803248217943445,0.18981481481481483,0.6873558958371481,0.7981118559837341,0.587035059928894,0.6276919841766357
Weakly Supervised Clustering by Exploiting Unique Class Count | OpenReview,3,0.16008261213426522,0.18050541516245489,0.15304844817594665,0.16725978647686832,0.6897509495417277,0.7709257006645203,0.5576471587022146,0.651970624923706
Weakly Supervised Disentanglement with Guarantees | OpenReview,3,0.145304234015832,0.1834319526627219,0.11399949195630721,0.12040133779264214,0.6989667415618896,0.8017888069152832,0.505687286456426,0.5770382881164551
Weakly-supervised Knowledge Graph Alignment with Adversarial Learning | OpenReview,3,0.12360299381233941,0.14885496183206107,0.16299903492349296,0.18446601941747573,0.6132307847340902,0.7536865472793579,0.6674348711967468,0.7215718030929565
Weakly-Supervised Trajectory Segmentation for Learning Reusable Skills | OpenReview,3,0.11277589646383973,0.12162162162162163,0.1744331886714421,0.1834625322997416,0.5709787408510844,0.6591885089874268,0.5467636982599894,0.6199976205825806
Weight-space symmetry in neural network loss landscapes revisited | OpenReview,3,0.10832722832722834,0.11355311355311355,0.1255487471973364,0.15088757396449703,0.7357836365699768,0.7543143033981323,0.42139261960983276,0.4704606533050537
Weighted Empirical Risk Minimization: Transfer Learning based on Importance Sampling | OpenReview,3,0.1256701377464478,0.14965986394557823,0.12116015956377402,0.13675213675213677,0.5132627586523691,0.6208648681640625,0.5506808559099833,0.589957594871521
Well-Read Students Learn Better: On the Importance of Pre-training Compact Models | OpenReview,3,0.16234788436387523,0.1941747572815534,0.12264698775854961,0.1503267973856209,0.612817664941152,0.7231318950653076,0.6282985607782999,0.6834208965301514
What Can Learned Intrinsic Rewards Capture? | OpenReview,3,0.14664677143875096,0.1523809523809524,0.1738741877304253,0.21337579617834396,0.7570388714472452,0.810546338558197,0.6986037095387777,0.766290545463562
What Can Neural Networks Reason About? | OpenReview,3,0.14274072107169447,0.1542056074766355,0.166771470154647,0.17080745341614906,0.7353159189224243,0.8036209344863892,0.6387950778007507,0.6740579009056091
What graph neural networks cannot learn: depth vs width | OpenReview,3,0.11844388368180725,0.135,0.12055358404226378,0.1270718232044199,0.5882238944371542,0.6985780000686646,0.5622253020604452,0.5903267860412598
When Covariate-shifted Data Augmentation Increases Test Error And How to Fix It | OpenReview,3,0.12853162163506993,0.16091954022988506,0.17368849383249274,0.21641791044776118,0.6817185680071512,0.7458965182304382,0.669619063536326,0.7163277268409729
When Does Self-supervision Improve Few-shot Learning? | OpenReview,3,0.12222027519573075,0.1504424778761062,0.1453127684780741,0.15948275862068967,0.7867946227391561,0.8588393926620483,0.6553053061167399,0.7450870275497437
When Robustness Doesn’t Promote Robustness: Synthetic vs. Natural Distribution Shifts on ImageNet | OpenReview,3,0.14699660789135982,0.17333333333333334,0.1893989456968883,0.19742489270386265,0.5637121001879374,0.7060680389404297,0.5682776073614756,0.7083308100700378
Where is the Information in a Deep Network? | OpenReview,3,0.14157099636551693,0.17575757575757575,0.14916969207394296,0.17721518987341772,0.620870312054952,0.6814020872116089,0.6561616460482279,0.7247358560562134
Which Tasks Should Be Learned Together in Multi-task Learning? | OpenReview,3,0.14543775344338003,0.1566265060240964,0.16543291997386947,0.17346938775510204,0.68113907178243,0.740876317024231,0.5943799813588461,0.6317181587219238
White Box Network: Obtaining a right composition ordering of functions | OpenReview,3,0.1167735380855933,0.12435233160621761,0.15158624927289802,0.1596244131455399,0.6013975838820139,0.6834802031517029,0.5241561532020569,0.5592213869094849
WHITE NOISE ANALYSIS OF NEURAL NETWORKS | OpenReview,4,0.09959334854407281,0.10801393728222997,0.1541191332264143,0.1696113074204947,0.5077498704195023,0.5610101222991943,0.6704196929931641,0.7159472703933716
Why ADAM Beats SGD for Attention Models | OpenReview,3,0.1341382392827548,0.14832535885167464,0.16450045638886643,0.1782608695652174,0.5479838450749716,0.5953385829925537,0.6495400468508402,0.6807699799537659
Why Convolutional Networks Learn Oriented Bandpass Filters: A Hypothesis | OpenReview,4,0.1399782845432251,0.15789473684210525,0.1269071561953884,0.14285714285714285,0.7141998261213303,0.7484728097915649,0.6366011053323746,0.7081455588340759
Why do These Match? Explaining the Behavior of Image Similarity Models | OpenReview,3,0.09527088162016147,0.09621993127147767,0.11585754499690797,0.13694267515923567,0.6757891972859701,0.7654848098754883,0.5381978750228882,0.567327082157135
Why Does Hierarchy (Sometimes) Work So Well in Reinforcement Learning? | OpenReview,3,0.11820703191670934,0.13015873015873017,0.11720658028048846,0.12631578947368421,0.6381320357322693,0.6770769357681274,0.582387109597524,0.6734617948532104
Why Does the VQA Model Answer No?: Improving Reasoning through Visual and Linguistic Inference | OpenReview,3,0.15183197859845124,0.17573221757322174,0.15556468730441908,0.1608695652173913,0.6635180314381918,0.8400907516479492,0.6098043918609619,0.7110762596130371
Why Gradient Clipping Accelerates Training: A Theoretical Justification for Adaptivity | OpenReview,3,0.1283601759086673,0.13793103448275862,0.17232195254862506,0.19285714285714287,0.6757149696350098,0.7195610404014587,0.6378373305002848,0.7247825860977173
Why Learning of Large-Scale Neural Networks Behaves Like Convex Optimization | OpenReview,4,0.15458111609132663,0.16956521739130434,0.1288617332563552,0.14347826086956522,0.6993404924869537,0.7551169395446777,0.550529919564724,0.6237359642982483
Why Not to Use Zero Imputation? Correcting Sparsity Bias in Training Neural Networks | OpenReview,3,0.12523344671426317,0.13366336633663367,0.15608829094983503,0.16194331983805668,0.6123313506444296,0.6838407516479492,0.6551005244255066,0.7354317903518677
Wide Neural Networks are Interpolating Kernel Methods: Impact of Initialization on Generalization | OpenReview,4,0.1104282961190856,0.1409090909090909,0.15274043008099994,0.1607843137254902,0.6863947659730911,0.7445892691612244,0.6721669733524323,0.7136681079864502
Wider Networks Learn Better Features | OpenReview,3,0.1438988059677715,0.15384615384615385,0.1472112483279933,0.15053763440860216,0.7079534928003947,0.7775459289550781,0.5963592330614725,0.6720552444458008
WikiMatrix: Mining 135M Parallel Sentences in 1620 Language Pairs from Wikipedia | OpenReview,4,0.1554173607008494,0.1951219512195122,0.16739865649525068,0.18631178707224336,0.6751991361379623,0.7861392498016357,0.6645889580249786,0.7488569021224976
Wildly Unsupervised Domain Adaptation and Its Powerful and Efficient Solution | OpenReview,3,0.12749717403281616,0.1583011583011583,0.1512605719804372,0.17154811715481172,0.6164161165555319,0.6626014113426208,0.555118719736735,0.6000441312789917
Winning Privately: The Differentially Private Lottery Ticket Mechanism | OpenReview,3,0.1314132419823477,0.13804713804713806,0.205562411887378,0.22641509433962265,0.6673513054847717,0.7183273434638977,0.6510779857635498,0.7010178565979004
Winning the Lottery with Continuous Sparsification | OpenReview,3,0.11156777525825146,0.15178571428571427,0.11314500413202333,0.14009661835748793,0.5656885703404745,0.7631316184997559,0.5210929363965988,0.6791087985038757
wMAN: WEAKLY-SUPERVISED MOMENT ALIGNMENT NETWORK FOR TEXT-BASED VIDEO SEGMENT RETRIEVAL | OpenReview,4,0.16412436034306244,0.21052631578947367,0.1537807808828411,0.1649122807017544,0.7549497485160828,0.7954134345054626,0.6865090578794479,0.7455129027366638
Word embedding re-examined: is the symmetrical factorization optimal? | OpenReview,3,0.08514193809265146,0.08928571428571429,0.1516605233999727,0.16,0.6987332304318746,0.781615138053894,0.6615570187568665,0.7321789860725403
WORD SEQUENCE PREDICTION FOR AMHARIC LANGUAGE | OpenReview,3,0.1053666984461689,0.1259259259259259,0.12369231928714915,0.14705882352941177,0.6510185201962789,0.7708120346069336,0.6743662158648173,0.7516657710075378
word2ket: Space-efficient Word Embeddings inspired by Quantum Entanglement | OpenReview,3,0.13079385686025152,0.16071428571428573,0.17454602890100968,0.17695473251028807,0.7478172977765402,0.8265973925590515,0.657518744468689,0.7656955718994141
Wyner VAE: A Variational Autoencoder with Succinct Common Representation Learning | OpenReview,4,0.1345097808965427,0.1511627906976744,0.1364098210849623,0.16433566433566432,0.6399906426668167,0.650110125541687,0.44127828627824783,0.5315182209014893
X-Forest: Approximate Random Projection Trees for Similarity Measurement | OpenReview,3,0.11984376627669761,0.14040114613180515,0.15057413554501378,0.16336633663366337,0.6796964208285013,0.701653003692627,0.6582029461860657,0.7256392240524292
XD: Cross-lingual Knowledge Distillation for Polyglot Sentence Embeddings | OpenReview,4,0.1488615771145724,0.18672199170124482,0.19848514423000138,0.22440944881889763,0.6805091351270676,0.7637988924980164,0.7478972673416138,0.7735263109207153
XLDA: Cross-Lingual Data Augmentation for Natural Language Inference and Question Answering | OpenReview,3,0.13212709685450075,0.1590909090909091,0.15087719298245614,0.18421052631578946,0.6853732268015543,0.7388421893119812,0.6894405682881674,0.7565164566040039
YaoGAN: Learning Worst-case Competitive Algorithms from Self-generated Inputs | OpenReview,3,0.13435024124346098,0.13994169096209913,0.1271105351427663,0.13953488372093023,0.6579180558522543,0.6823781728744507,0.5315738519032797,0.5520855188369751
Yet another but more efficient black-box adversarial attack: tiling and evolution strategies | OpenReview,3,0.12086104507161216,0.14606741573033707,0.13499691054493076,0.1487603305785124,0.7012126843134562,0.7364107966423035,0.526767740646998,0.6930371522903442
You CAN Teach an Old Dog New Tricks! On Training Knowledge Graph Embeddings | OpenReview,3,0.12426320186684336,0.15,0.10836946958270488,0.140625,0.5587642788887024,0.8435441255569458,0.416632076104482,0.6521713137626648
You Only Train Once: Loss-Conditional Training of Deep Networks | OpenReview,3,0.15444800500636588,0.17343173431734318,0.11737511564285515,0.13214285714285715,0.5529050529003143,0.7364512085914612,0.48692264159520465,0.5637929439544678
Your classifier is secretly an energy based model and you should treat it like one | OpenReview,3,0.16012156700861438,0.17886178861788618,0.1349733847444994,0.14027149321266968,0.6609041492144266,0.784091055393219,0.42153729995091754,0.49003759026527405
Zeno++: Robust Fully Asynchronous SGD | OpenReview,3,0.11913634782333282,0.13270142180094788,0.1883563161190728,0.20802919708029197,0.7789274851481119,0.780319094657898,0.6772659023602804,0.7650205492973328
Zero-Shot Out-of-Distribution Detection with Feature Correlations | OpenReview,3,0.13810032560032562,0.14743589743589744,0.15403556064175986,0.18503937007874016,0.5255468388398489,0.6221194863319397,0.47023822863896686,0.5540177226066589
Zero-Shot Policy Transfer with Disentangled Attention | OpenReview,3,0.1556316710210454,0.17098445595854922,0.19696668954882157,0.22772277227722773,0.6117676099141439,0.7268226146697998,0.5473373631636301,0.6826725006103516
Zero-shot task adaptation by homoiconic meta-mapping | OpenReview,3,0.1253117588307083,0.1590909090909091,0.14584670140225695,0.16049382716049382,0.7795140544573466,0.8126382231712341,0.5955911874771118,0.6075860261917114
Zeroth Order Optimization by a Mixture of Evolution Strategies | OpenReview,3,0.13672239420805996,0.138996138996139,0.12106985032442756,0.128099173553719,0.40335259834925336,0.4303191304206848,0.42946135997772217,0.5008989572525024
{COMPANYNAME}11K: An Unsupervised Representation Learning Dataset for Arrhythmia Subtype Discovery | OpenReview,2,0.13915043290043289,0.14583333333333334,0.1354666692951416,0.14624505928853754,0.6467399597167969,0.7595607042312622,0.6359315812587738,0.6447871327400208
